node,betweenness_centrality,closeness_centrality,degree_centrality
a-tryp forte tablet,1.602404439539721e-05,0.800508166969147,0.0916030534351145
tiredness,0.018952043272083902,0.40822309617447267,0.2574784364103505
orthostatic hypotension (sudden lowering of blood pressure on standing),0.0004920842946281161,0.32635911507460125,0.06514956872820701
confusion,0.033233379323117124,0.42235703188577345,0.2960176179115434
difficulty in urination,0.0010676327350235798,0.35754994676520324,0.07762892273811708
constipation,0.052758305160481474,0.4502721034781923,0.368875022939989
increased heart rate,0.00023653325451271077,0.35039587552936846,0.05065149568728207
weight gain,0.00049583155577594,0.32643375836239924,0.06533308864011746
dryness in mouth,0.024648685414430636,0.41145945945945944,0.26188291429620114
memory impairment,0.06885427798161568,0.46230464005182603,0.40649660488162964
blurred vision,0.0015560787193725455,0.3595767462366946,0.08331804000734079
depression,0.03757086932053844,0.4199955859633635,0.2895944209946779
uncoordinated body movements,0.026277969490003928,0.41547194527326975,0.2787667461919618
aaram 0.5mg tablet,6.280763361236917e-07,0.6846941943495809,0.015267175572519083
drowsiness,0.2607875880746362,0.5201822323462415,0.5276197467425215
lightheadedness,0.03764431664191978,0.3815411347991713,0.1688383189576069
aaram tablet,6.280763361236917e-07,0.6846941943495809,0.015267175572519083
abdocool tablet,4.2879673447075457e-05,0.8801181259478011,0.08396946564885496
dizziness,0.23268295378845358,0.5611913889708051,0.5942374747660121
weakness,0.0033503763280552,0.3609407599418347,0.09084235639566893
nausea,0.13072988906628213,0.5231375423806469,0.5270691870067902
impaired coordination,0.013949016942360089,0.3899323816679189,0.19893558451091942
sleepiness,0.04859995221805991,0.45091225021720244,0.37144430170673515
nervousness,0.0008936367983030286,0.3223420473152278,0.0308313452009543
abidol 100mg injection,5.8860647739280435e-06,0.8331696259916888,0.03816793893129771
vomiting,0.08464626977892509,0.47898313616914173,0.43861258946595705
abizolam 0.5mg tablet,6.280763361236917e-07,0.6846941943495809,0.015267175572519083
aborax tablet,3.208398501504382e-05,0.8742567192579085,0.07633587786259542
acekyor forte tablet,2.123200353441007e-05,0.8350624763347217,0.06870229007633588
heartburn,2.1352901734736734e-05,0.3063261254493749,0.013213433657551843
indigestion,0.00012647203736876323,0.34418520528124436,0.021104789869700862
loss of appetite,3.113565509501207e-05,0.3074810147035062,0.01211231418608919
stomach pain,0.00040896413648358035,0.35082652246051743,0.050467975775371626
acema 50mg injection,5.8860647739280435e-06,0.8331696259916888,0.03816793893129771
acema p 37.5mg/325mg tablet,3.134616001256474e-05,0.8407929851315288,0.11450381679389313
flatulence,0.0002561603041432769,0.3530393915033084,0.059093411635162414
sleep disorder,0.00021459709712073885,0.31609545429378216,0.0581758120756102
diarrhea,0.01613609192486125,0.39853403141361254,0.2244448522664709
anxiety,0.0029364367598925735,0.31913466375985244,0.07138924573316205
trembling,0.00021459709712073885,0.31609545429378216,0.0581758120756102
headache,0.016199258284352636,0.3885523718777649,0.18296935217471094
abdominal pain,0.001633216475097168,0.35435416795977903,0.06533308864011746
dyspepsia,0.00021459709712073885,0.31609545429378216,0.0581758120756102
itching,0.00021459709712073885,0.31609545429378216,0.0581758120756102
acent pt 100mg/325mg/37.5mg tablet,2.123200353441007e-05,0.8350624763347217,0.06870229007633588
acetramol tablet,3.134616001256474e-05,0.8407929851315288,0.11450381679389313
acezon t 37.5mg/325mg tablet,3.134616001256474e-05,0.8407929851315288,0.11450381679389313
achidol 100mg injection,5.8860647739280435e-06,0.8331696259916888,0.03816793893129771
achidol 37.5mg/325mg tablet,3.134616001256474e-05,0.8407929851315288,0.11450381679389313
acicod 10mg tablet,0.00013286811265432976,0.9267165308009077,0.061068702290076333
sedation,0.008233629912775672,0.36820380522412127,0.11580106441548907
sweating,0.0003278604269578081,0.3487264064504306,0.04239309965131217
breathlessness,0.0001607073503589862,0.34660919191305933,0.03541934299871536
acidale tp 100mg/325mg/37.5mg tablet,2.123200353441007e-05,0.8350624763347217,0.06870229007633588
aciky-pt 100mg/325mg/37.5mg tablet,2.123200353441007e-05,0.8350624763347217,0.06870229007633588
acirex 5mg/2.5mg tablet,3.208398501504382e-05,0.8742567192579085,0.07633587786259542
acitram 100mg injection,5.8860647739280435e-06,0.8331696259916888,0.03816793893129771
aclozest ta 100mg/325mg/37.5mg tablet,2.123200353441007e-05,0.8350624763347217,0.06870229007633588
acopram-plus tablet,6.825595443939102e-05,0.9317279256442754,0.08396946564885496
low sexual desire,0.002260299939507945,0.3650956065741511,0.15048632776656268
delayed ejaculation,0.0018301122881475042,0.3606215652833049,0.14534777023307027
anorgasmia (decreased orgasm),0.0018301122881475042,0.3606215652833049,0.14534777023307027
acoprax 0.5mg tablet sr,6.280763361236917e-07,0.6846941943495809,0.015267175572519083
acoprax 1.5mg tablet sr,6.280763361236917e-07,0.6846941943495809,0.015267175572519083
acoprax 1mg tablet sr,6.280763361236917e-07,0.6846941943495809,0.015267175572519083
acronite 150 tablet,1.1175378050859161e-05,0.7991158779621712,0.030534351145038167
insomnia (difficulty in sleeping),0.0009848738783394013,0.31785535326540837,0.020737750045879976
acronite 50 tablet,1.1175378050859161e-05,0.7991158779621712,0.030534351145038167
acticod syrup,9.007234941820291e-05,0.9205275899490776,0.061068702290076333
acticuf cd 2mg/10mg syrup,9.007234941820291e-05,0.9205275899490776,0.061068702290076333
actidol-dp tablet,1.073315002030881e-05,0.8348095995154818,0.05343511450381679
actirax 0.25mg tablet,6.280763361236917e-07,0.6846941943495809,0.015267175572519083
actirax 0.5mg tablet,6.280763361236917e-07,0.6846941943495809,0.015267175572519083
actodol injection,5.8860647739280435e-06,0.8331696259916888,0.03816793893129771
actodol-p tablet,1.073315002030881e-05,0.8348095995154818,0.05343511450381679
actram p 37.5mg/500mg tablet,3.134616001256474e-05,0.8407929851315288,0.11450381679389313
acudol d tablet,1.073315002030881e-05,0.8348095995154818,0.05343511450381679
acugesic 50mg injection,5.8860647739280435e-06,0.8331696259916888,0.03816793893129771
acugesic t 500 mg/37.5 mg tablet,1.073315002030881e-05,0.8348095995154818,0.05343511450381679
aculip 25 mg/10 mg tablet,1.602404439539721e-05,0.800508166969147,0.0916030534351145
aculip h 12.5 mg/5 mg tablet,1.602404439539721e-05,0.800508166969147,0.0916030534351145
aculip h 12.5mg/5mg tablet,1.602404439539721e-05,0.800508166969147,0.0916030534351145
acupain 50mg capsule,5.8860647739280435e-06,0.8331696259916888,0.03816793893129771
acuvin tablet,1.073315002030881e-05,0.8348095995154818,0.05343511450381679
adamon 50mg capsule,5.8860647739280435e-06,0.8331696259916888,0.03816793893129771
adclobaz 10 tablet md,3.9616768675442404e-05,0.8518346852066435,0.13740458015267176
speech disorder,6.963501419468112e-05,0.3149098130067847,0.03633694255826757
abnormality of voluntary movements,0.00047705070141557327,0.3501379944802208,0.046063497889521014
aggression,6.963501419468112e-05,0.3149098130067847,0.03633694255826757
drug tolerance,6.963501419468112e-05,0.3149098130067847,0.03633694255826757
difficulty in paying attention,8.453237197739027e-05,0.3386321845898333,0.03652046247017801
restlessness,8.359083921381093e-05,0.3475799086757991,0.03707102220590934
irritability,6.963501419468112e-05,0.3149098130067847,0.03633694255826757
decreased appetite,6.963501419468112e-05,0.3149098130067847,0.03633694255826757
tremors,0.0005290891430659657,0.35173433553077443,0.05285373463020737
fatigue,0.030732874450670154,0.4083398898505114,0.2569278766746192
adclobaz 2.5 tablet md,3.9616768675442404e-05,0.8518346852066435,0.13740458015267176
adcloz 0.25mg tablet md,5.1476376818324204e-05,0.9656712496716,0.04580152671755725
adcloz 0.5mg tablet md,5.1476376818324204e-05,0.9656712496716,0.04580152671755725
adcloz 1mg tablet md,5.1476376818324204e-05,0.9656712496716,0.04580152671755725
adcloz 2mg tablet md,5.1476376818324204e-05,0.9656712496716,0.04580152671755725
addnok 0.2mg tablet,5.145131322500262e-05,0.8054196187276312,0.08396946564885496
drug withdrawal syndrome,1.2872975272606951e-06,0.3275199357466583,0.0023857588548357495
addwize 10mg tablet,7.41249798400105e-07,0.55082671462111,0.030534351145038167
addwize od 18mg tablet,7.41249798400105e-07,0.55082671462111,0.030534351145038167
adinep 10mg tablet,3.9616768675442404e-05,0.8518346852066435,0.13740458015267176
adinep 20 tablet,3.9616768675442404e-05,0.8518346852066435,0.13740458015267176
adinep 5mg tablet,3.9616768675442404e-05,0.8518346852066435,0.13740458015267176
admadol 100mg injection,5.8860647739280435e-06,0.8331696259916888,0.03816793893129771
admadol 50mg capsule,5.8860647739280435e-06,0.8331696259916888,0.03816793893129771
admadol-p 325mg/37.5mg tablet,1.073315002030881e-05,0.8348095995154818,0.05343511450381679
adnil 0.5mg tablet,5.1476376818324204e-05,0.9656712496716,0.04580152671755725
adobe 10mg tablet,3.9616768675442404e-05,0.8518346852066435,0.13740458015267176
adobe 5mg tablet,3.9616768675442404e-05,0.8518346852066435,0.13740458015267176
adsleep 10mg tablet,2.013277755628682e-05,0.83925717330086,0.0916030534351145
vertigo,0.0002944010428651765,0.34847097601171945,0.04147550009175995
agitation,0.00010026435169501935,0.31143963777208006,0.0356028629106258
double vision,0.00010026435169501935,0.31143963777208006,0.0356028629106258
memory loss,0.00010026435169501935,0.31143963777208006,0.0356028629106258
back pain,0.0003419166828372567,0.34966619709683344,0.043310699210864376
adsleep 5mg tablet,2.013277755628682e-05,0.83925717330086,0.0916030534351145
adulax tablet,1.6745408863379544e-05,0.7151566249432518,0.061068702290076333
cold extremities,0.00018138202013007833,0.27749963544451467,0.03908974123692421
nightmares,0.00018138202013007833,0.27749963544451467,0.03908974123692421
slow heart rate,0.00020562795929897896,0.3473261544077386,0.039456781060745086
advin m 18.75mg/162.5mg tablet,3.134616001256474e-05,0.8407929851315288,0.11450381679389313
advin tablet,3.134616001256474e-05,0.8407929851315288,0.11450381679389313
adzolam 0.25mg tablet,6.280763361236917e-07,0.6846941943495809,0.015267175572519083
adzolam 0.5mg tablet,6.280763361236917e-07,0.6846941943495809,0.015267175572519083
aece t 50mg/325mg tablet,3.134616001256474e-05,0.8407929851315288,0.11450381679389313
aecef t 100mg injection,5.8860647739280435e-06,0.8331696259916888,0.03816793893129771
aedon 10 mg tablet,3.9616768675442404e-05,0.8518346852066435,0.13740458015267176
aeltram 100mg injection,5.8860647739280435e-06,0.8331696259916888,0.03816793893129771
aenzo 0.25mg tablet,6.280763361236917e-07,0.6846941943495809,0.015267175572519083
aenzo 0.5mg tablet,6.280763361236917e-07,0.6846941943495809,0.015267175572519083
afd-clona 0.25mg tablet md,5.1476376818324204e-05,0.9656712496716,0.04580152671755725
afd-clona 0.5mg tablet md,5.1476376818324204e-05,0.9656712496716,0.04580152671755725
afd-clona 1mg tablet md,5.1476376818324204e-05,0.9656712496716,0.04580152671755725
afdol injection,5.8860647739280435e-06,0.8331696259916888,0.03816793893129771
afrax 0.25 tablet,6.280763361236917e-07,0.6846941943495809,0.015267175572519083
afrax 0.5 tablet,6.280763361236917e-07,0.6846941943495809,0.015267175572519083
agatril 0.25mg tablet,5.1476376818324204e-05,0.9656712496716,0.04580152671755725
agatril 0.5mg tablet,5.1476376818324204e-05,0.9656712496716,0.04580152671755725
agipam 1mg tablet,1.052004745655686e-06,0.7050060737804488,0.030534351145038167
balance disorder (loss of balance),0.0017978055148100403,0.34889690154617126,0.05156909524683428
aike t 100mg injection,5.8860647739280435e-06,0.8331696259916888,0.03816793893129771
aksitram ef effervescent tablet,1.073315002030881e-05,0.8348095995154818,0.05343511450381679
aksitram ef effervescent tablet orange,1.073315002030881e-05,0.8348095995154818,0.05343511450381679
alam od 12.5mg capsule,6.280763361236917e-07,0.6846941943495809,0.015267175572519083
alamflu 0.25mg/20mg tablet,6.825595443939102e-05,0.9317279256442754,0.08396946564885496
alap 0.5mg tablet,6.280763361236917e-07,0.6846941943495809,0.015267175572519083
alark 0.25mg tablet,6.280763361236917e-07,0.6846941943495809,0.015267175572519083
alark 0.5mg tablet,6.280763361236917e-07,0.6846941943495809,0.015267175572519083
alarm 0.5mg tablet,6.280763361236917e-07,0.6846941943495809,0.015267175572519083
alarm forte 0.5 mg/50 mg tablet,6.825595443939102e-05,0.9317279256442754,0.08396946564885496
alarm plus 0.5 mg/25 mg tablet,6.825595443939102e-05,0.9317279256442754,0.08396946564885496
albium 10mg tablet,9.819845268302474e-05,0.9658404134185863,0.061068702290076333
unsteadiness,0.00017530497209824694,0.3446839340699149,0.03138190493668563
albiz 0.5mg tablet,6.280763361236917e-07,0.6846941943495809,0.015267175572519083
albiz-fx 0.25mg/20mg tablet,6.825595443939102e-05,0.9317279256442754,0.08396946564885496
alcalm 0.25mg tablet,6.280763361236917e-07,0.6846941943495809,0.015267175572519083
alcalm 0.5mg tablet,6.280763361236917e-07,0.6846941943495809,0.015267175572519083
alcam plus 0.5mg/10mg tablet,6.825595443939102e-05,0.9317279256442754,0.08396946564885496
alcicalm 0.25mg tablet,6.280763361236917e-07,0.6846941943495809,0.015267175572519083
aldep 0.5mg tablet,6.280763361236917e-07,0.6846941943495809,0.015267175572519083
aldep c tablet,1.602404439539721e-05,0.800508166969147,0.0916030534351145
aldep c tablet sr,1.602404439539721e-05,0.800508166969147,0.0916030534351145
aldep h tablet,1.602404439539721e-05,0.800508166969147,0.0916030534351145
aldip 0.25mg tablet,6.280763361236917e-07,0.6846941943495809,0.015267175572519083
aldol p 325mg/50mg tablet,1.073315002030881e-05,0.8348095995154818,0.05343511450381679
aldol t 100mg injection,5.8860647739280435e-06,0.8331696259916888,0.03816793893129771
aldol tp 50mg/500mg tablet,3.134616001256474e-05,0.8407929851315288,0.11450381679389313
alecta plus 325mg/37.5mg tablet,1.073315002030881e-05,0.8348095995154818,0.05343511450381679
aleez 0.25mg tablet,6.280763361236917e-07,0.6846941943495809,0.015267175572519083
aleez 0.5mg tablet,6.280763361236917e-07,0.6846941943495809,0.015267175572519083
alep 0.25mg tablet,6.280763361236917e-07,0.6846941943495809,0.015267175572519083
alfix 0.25mg tablet,6.280763361236917e-07,0.6846941943495809,0.015267175572519083
alfix 0.5mg tablet,6.280763361236917e-07,0.6846941943495809,0.015267175572519083
alflux 0.25mg/20mg tablet,6.825595443939102e-05,0.9317279256442754,0.08396946564885496
alfresh 0.25mg tablet,6.280763361236917e-07,0.6846941943495809,0.015267175572519083
alfresh 0.5mg tablet,6.280763361236917e-07,0.6846941943495809,0.015267175572519083
alidol 50mg injection,5.8860647739280435e-06,0.8331696259916888,0.03816793893129771
alidol p 37.5mg/325mg tablet,3.134616001256474e-05,0.8407929851315288,0.11450381679389313
alinol 0.25mg/20mg tablet,1.6745408863379544e-05,0.7151566249432518,0.061068702290076333
alinol 10 tablet,1.6745408863379544e-05,0.7151566249432518,0.061068702290076333
alivum forte 37.5mg/325mg tablet,3.134616001256474e-05,0.8407929851315288,0.11450381679389313
allert 0.25mg tablet,6.280763361236917e-07,0.6846941943495809,0.015267175572519083
allert 0.5mg tablet,6.280763361236917e-07,0.6846941943495809,0.015267175572519083
allert p 0.25mg/20mg tablet,1.6745408863379544e-05,0.7151566249432518,0.061068702290076333
alltop 0.25mg tablet,6.280763361236917e-07,0.6846941943495809,0.015267175572519083
alltop p 0.25mg/20mg tablet,1.6745408863379544e-05,0.7151566249432518,0.061068702290076333
almac 0.25mg tablet dt,5.1476376818324204e-05,0.9656712496716,0.04580152671755725
almac 0.5mg tablet dt,5.1476376818324204e-05,0.9656712496716,0.04580152671755725
almax 0.25mg tablet,6.280763361236917e-07,0.6846941943495809,0.015267175572519083
almax 0.50mg tablet,6.280763361236917e-07,0.6846941943495809,0.015267175572519083
almazine 1mg tablet,1.052004745655686e-06,0.7050060737804488,0.030534351145038167
almazine 2.5mg tablet,1.052004745655686e-06,0.7050060737804488,0.030534351145038167
almazine 2mg tablet,4.422707264527638e-06,0.7177634576580095,0.030534351145038167
almee 0.5mg tablet,6.280763361236917e-07,0.6846941943495809,0.015267175572519083
almee 1mg tablet,6.280763361236917e-07,0.6846941943495809,0.015267175572519083
alock tp tablet,1.073315002030881e-05,0.8348095995154818,0.05343511450381679
alopam 0.25mg tablet,5.1476376818324204e-05,0.9656712496716,0.04580152671755725
alopam 0.5mg tablet,5.1476376818324204e-05,0.9656712496716,0.04580152671755725
alopam 1mg tablet,5.1476376818324204e-05,0.9656712496716,0.04580152671755725
alopram 0.5mg/10mg tablet,6.825595443939102e-05,0.9317279256442754,0.08396946564885496
alora 0.25mg tablet,6.280763361236917e-07,0.6846941943495809,0.015267175572519083
alora 0.5mg tablet,6.280763361236917e-07,0.6846941943495809,0.015267175572519083
alora 0.5mg tablet sr,6.280763361236917e-07,0.6846941943495809,0.015267175572519083
alora 1.5mg tablet sr,6.280763361236917e-07,0.6846941943495809,0.015267175572519083
aloyrin c 135mg/5mg tablet,5.823643848773817e-05,0.9423980856337065,0.061068702290076333
slurred speech,8.121020326835975e-05,0.3416721527320606,0.011194714626536978
skin rash,4.3035818187724166e-05,0.3406527835789725,0.012479354009910074
alp 0.25mg tablet,6.280763361236917e-07,0.6846941943495809,0.015267175572519083
alp 0.5mg tablet,6.280763361236917e-07,0.6846941943495809,0.015267175572519083
alp 0.5mg tablet sr,6.280763361236917e-07,0.6846941943495809,0.015267175572519083
alp 1mg tablet sr,6.280763361236917e-07,0.6846941943495809,0.015267175572519083
alp ft 0.25mg/20mg tablet,6.825595443939102e-05,0.9317279256442754,0.08396946564885496
alp ftd 0.5mg/20mg tablet,6.825595443939102e-05,0.9317279256442754,0.08396946564885496
alp plus tablet,1.6745408863379544e-05,0.7151566249432518,0.061068702290076333
alp x 0.5mg tablet,6.280763361236917e-07,0.6846941943495809,0.015267175572519083
alpa 0.25mg tablet,6.280763361236917e-07,0.6846941943495809,0.015267175572519083
alpa 0.5mg tablet,6.280763361236917e-07,0.6846941943495809,0.015267175572519083
alpam 0.5mg tablet,6.280763361236917e-07,0.6846941943495809,0.015267175572519083
alpanol 0.25 mg/20 mg tablet,1.6745408863379544e-05,0.7151566249432518,0.061068702290076333
alparazole 0.5mg tablet,6.280763361236917e-07,0.6846941943495809,0.015267175572519083
alpaz 0.25mg tablet,6.280763361236917e-07,0.6846941943495809,0.015267175572519083
alpaz 0.5mg tablet,6.280763361236917e-07,0.6846941943495809,0.015267175572519083
alpkair 0.25mg tablet,6.280763361236917e-07,0.6846941943495809,0.015267175572519083
alpkair 0.5mg tablet,6.280763361236917e-07,0.6846941943495809,0.015267175572519083
alpose 0.25mg tablet,6.280763361236917e-07,0.6846941943495809,0.015267175572519083
alpose 0.5mg tablet,6.280763361236917e-07,0.6846941943495809,0.015267175572519083
alpose 1mg tablet,6.280763361236917e-07,0.6846941943495809,0.015267175572519083
alpra 0.25mg tablet,6.280763361236917e-07,0.6846941943495809,0.015267175572519083
alpra 0.5mg tablet,6.280763361236917e-07,0.6846941943495809,0.015267175572519083
alpra g 0.25mg tablet,6.280763361236917e-07,0.6846941943495809,0.015267175572519083
alpra p 0.25mg/20mg tablet,1.6745408863379544e-05,0.7151566249432518,0.061068702290076333
alprac 0.25mg tablet,6.280763361236917e-07,0.6846941943495809,0.015267175572519083
alprac 0.5mg tablet,6.280763361236917e-07,0.6846941943495809,0.015267175572519083
alpracad 0.25mg tablet,6.280763361236917e-07,0.6846941943495809,0.015267175572519083
alpracon 0.5mg tablet,6.280763361236917e-07,0.6846941943495809,0.015267175572519083
alpraday 0.25mg tablet,6.280763361236917e-07,0.6846941943495809,0.015267175572519083
alpraday 0.5mg tablet,6.280763361236917e-07,0.6846941943495809,0.015267175572519083
alpradol 0.25mg tablet md,6.280763361236917e-07,0.6846941943495809,0.015267175572519083
alpradol 0.5mg tablet,6.280763361236917e-07,0.6846941943495809,0.015267175572519083
alpradon 0.25mg tablet,6.280763361236917e-07,0.6846941943495809,0.015267175572519083
alpradon 0.5mg tablet,6.280763361236917e-07,0.6846941943495809,0.015267175572519083
alpradon 0.5mg tablet sr,6.280763361236917e-07,0.6846941943495809,0.015267175572519083
alpradon-f 0.25mg/20mg tablet,6.825595443939102e-05,0.9317279256442754,0.08396946564885496
alpradon-p tablet,1.6745408863379544e-05,0.7151566249432518,0.061068702290076333
alpradream tablet,6.280763361236917e-07,0.6846941943495809,0.015267175572519083
alpraf 0.25mg tablet,6.280763361236917e-07,0.6846941943495809,0.015267175572519083
alpraf 0.5mg tablet,6.280763361236917e-07,0.6846941943495809,0.015267175572519083
alprahil 0.5mg tablet,6.280763361236917e-07,0.6846941943495809,0.015267175572519083
alpram 0.25mg tablet,6.280763361236917e-07,0.6846941943495809,0.015267175572519083
alpram 0.5mg tablet,6.280763361236917e-07,0.6846941943495809,0.015267175572519083
alpram plus 0.25mg/25mg tablet,6.825595443939102e-05,0.9317279256442754,0.08396946564885496
alpramax 0.25mg tablet cr,6.280763361236917e-07,0.6846941943495809,0.015267175572519083
alpramax 1mg tablet sr,6.280763361236917e-07,0.6846941943495809,0.015267175572519083
alpramed 0.25mg tablet,6.280763361236917e-07,0.6846941943495809,0.015267175572519083
alpranax 0.5mg tablet,6.280763361236917e-07,0.6846941943495809,0.015267175572519083
alpranof 0.25mg tablet,6.280763361236917e-07,0.6846941943495809,0.015267175572519083
alpranof 0.5mg tablet,6.280763361236917e-07,0.6846941943495809,0.015267175572519083
alpraquil 0.25mg tablet,6.280763361236917e-07,0.6846941943495809,0.015267175572519083
alpraquil 0.5 mg tablet,6.280763361236917e-07,0.6846941943495809,0.015267175572519083
alpraquil 0.5mg tablet,6.280763361236917e-07,0.6846941943495809,0.015267175572519083
alprasafe 0.25mg tablet,6.280763361236917e-07,0.6846941943495809,0.015267175572519083
alprasan 0.25mg tablet,6.280763361236917e-07,0.6846941943495809,0.015267175572519083
alprasant 0.25mg tablet,6.280763361236917e-07,0.6846941943495809,0.015267175572519083
alprasert 0.25mg/25mg tablet,6.825595443939102e-05,0.9317279256442754,0.08396946564885496
alprasil 0.5mg tablet,6.280763361236917e-07,0.6846941943495809,0.015267175572519083
alprasys 0.25 tablet,6.280763361236917e-07,0.6846941943495809,0.015267175572519083
alprasys f tablet,6.825595443939102e-05,0.9317279256442754,0.08396946564885496
alprasys-p tablet,1.6745408863379544e-05,0.7151566249432518,0.061068702290076333
alprater 0.25mg tablet,6.280763361236917e-07,0.6846941943495809,0.015267175572519083
alprater 0.5mg tablet,6.280763361236917e-07,0.6846941943495809,0.015267175572519083
alprater 1mg tablet,6.280763361236917e-07,0.6846941943495809,0.015267175572519083
alprawin 0.25mg tablet,6.280763361236917e-07,0.6846941943495809,0.015267175572519083
alprawin 0.5mg tablet,6.280763361236917e-07,0.6846941943495809,0.015267175572519083
alprawin ft 0.25mg/20mg tablet,6.825595443939102e-05,0.9317279256442754,0.08396946564885496
alprawin p 0.25mg/20mg tablet,1.6745408863379544e-05,0.7151566249432518,0.061068702290076333
alprax 0.25 tablet,6.280763361236917e-07,0.6846941943495809,0.015267175572519083
alprax 0.5mg tablet,6.280763361236917e-07,0.6846941943495809,0.015267175572519083
alprax 1.5mg tablet sr,6.280763361236917e-07,0.6846941943495809,0.015267175572519083
alprax 1mg tablet sr,6.280763361236917e-07,0.6846941943495809,0.015267175572519083
alprax forte 0.5 mg/50 mg tablet,6.825595443939102e-05,0.9317279256442754,0.08396946564885496
alprax mt 0.125mg tablet,6.280763361236917e-07,0.6846941943495809,0.015267175572519083
alprax plus tablet sr,6.825595443939102e-05,0.9317279256442754,0.08396946564885496
alprax z 0.25 mg/3 mg tablet,2.0704040468144325e-05,0.754189179946652,0.04580152671755725
alprax z 0.5 mg/3 mg tablet,2.0704040468144325e-05,0.754189179946652,0.04580152671755725
alpraz 0.25mg tablet,6.280763361236917e-07,0.6846941943495809,0.015267175572519083
alpraz 0.5mg tablet,6.280763361236917e-07,0.6846941943495809,0.015267175572519083
alprazan 0.25mg tablet,6.280763361236917e-07,0.6846941943495809,0.015267175572519083
alprazan 0.5mg tablet,6.280763361236917e-07,0.6846941943495809,0.015267175572519083
alprazan 1mg tablet,6.280763361236917e-07,0.6846941943495809,0.015267175572519083
alprazit 0.25mg tablet,6.280763361236917e-07,0.6846941943495809,0.015267175572519083
alprazit 0.5mg tablet,6.280763361236917e-07,0.6846941943495809,0.015267175572519083
alprazol 0.25mg tablet,6.280763361236917e-07,0.6846941943495809,0.015267175572519083
alprazol 0.5mg tablet,6.280763361236917e-07,0.6846941943495809,0.015267175572519083
alprazone 0.5mg tablet,6.280763361236917e-07,0.6846941943495809,0.015267175572519083
alprest 0.25mg tablet,6.280763361236917e-07,0.6846941943495809,0.015267175572519083
alprest 0.5 tablet,6.280763361236917e-07,0.6846941943495809,0.015267175572519083
alprest 0.5mg tablet,6.280763361236917e-07,0.6846941943495809,0.015267175572519083
alpriz 0.5mg tablet,6.280763361236917e-07,0.6846941943495809,0.015267175572519083
alpro 20mg tablet,6.280763361236917e-07,0.6846941943495809,0.015267175572519083
alpro forte tablet,1.6745408863379544e-05,0.7151566249432518,0.061068702290076333
alprocalm 0.25mg tablet,6.280763361236917e-07,0.6846941943495809,0.015267175572519083
alprocam 0.5mg tablet,6.280763361236917e-07,0.6846941943495809,0.015267175572519083
alprocontin 0.5mg tablet,6.280763361236917e-07,0.6846941943495809,0.015267175572519083
alprocontin 1.5mg tablet sr,6.280763361236917e-07,0.6846941943495809,0.015267175572519083
alprocontin 1mg tablet,6.280763361236917e-07,0.6846941943495809,0.015267175572519083
alproenar 0.25mg tablet,6.280763361236917e-07,0.6846941943495809,0.015267175572519083
alproenar 0.5mg tablet,6.280763361236917e-07,0.6846941943495809,0.015267175572519083
alprogard 0.50mg tablet,6.280763361236917e-07,0.6846941943495809,0.015267175572519083
alprolax 0.25mg/10mg tablet,1.6745408863379544e-05,0.7151566249432518,0.061068702290076333
alprolax 0.25mg/20mg tablet,1.6745408863379544e-05,0.7151566249432518,0.061068702290076333
alproman 0.25mg tablet,6.280763361236917e-07,0.6846941943495809,0.015267175572519083
alpron 0.25mg tablet,6.280763361236917e-07,0.6846941943495809,0.015267175572519083
alpron 0.5mg tablet,6.280763361236917e-07,0.6846941943495809,0.015267175572519083
alpronit 0.5mg tablet,6.280763361236917e-07,0.6846941943495809,0.015267175572519083
alprop 0.25 mg/20 mg tablet,1.6745408863379544e-05,0.7151566249432518,0.061068702290076333
alprorex 0.5mg tablet,6.280763361236917e-07,0.6846941943495809,0.015267175572519083
alprose 0.25mg tablet,6.280763361236917e-07,0.6846941943495809,0.015267175572519083
alprose plus 0.25mg/20mg tablet,6.825595443939102e-05,0.9317279256442754,0.08396946564885496
alprosym 0.25mg tablet,6.280763361236917e-07,0.6846941943495809,0.015267175572519083
alprotame 0.5mg tablet,6.280763361236917e-07,0.6846941943495809,0.015267175572519083
alprowon 0.25mg tablet,6.280763361236917e-07,0.6846941943495809,0.015267175572519083
alprowon 0.5mg tablet,6.280763361236917e-07,0.6846941943495809,0.015267175572519083
alproz 0.25mg tablet,6.280763361236917e-07,0.6846941943495809,0.015267175572519083
alproz 0.5mg tablet,6.280763361236917e-07,0.6846941943495809,0.015267175572519083
alprozam 0.25mg tablet,6.280763361236917e-07,0.6846941943495809,0.015267175572519083
alprozam 0.5mg tablet,6.280763361236917e-07,0.6846941943495809,0.015267175572519083
alprozam 1mg tablet,6.280763361236917e-07,0.6846941943495809,0.015267175572519083
alpviram 0.25mg tablet,6.280763361236917e-07,0.6846941943495809,0.015267175572519083
alpviram plus 0.25 mg/20 mg tablet,1.6745408863379544e-05,0.7151566249432518,0.061068702290076333
alpviram plus h 0.25 mg/10 mg tablet,1.6745408863379544e-05,0.7151566249432518,0.061068702290076333
alrest 0.25mg tablet,6.280763361236917e-07,0.6846941943495809,0.015267175572519083
alrest 0.5mg tablet,6.280763361236917e-07,0.6846941943495809,0.015267175572519083
alrif 0.25mg tablet,6.280763361236917e-07,0.6846941943495809,0.015267175572519083
alrif 0.5mg tablet,6.280763361236917e-07,0.6846941943495809,0.015267175572519083
alrif 1mg tablet xr,6.280763361236917e-07,0.6846941943495809,0.015267175572519083
alroz 0.25mg tablet,6.280763361236917e-07,0.6846941943495809,0.015267175572519083
alroz 0.5mg tablet,6.280763361236917e-07,0.6846941943495809,0.015267175572519083
alsert 0.5mg/25mg tablet,6.825595443939102e-05,0.9317279256442754,0.08396946564885496
alsium tablet,3.9616768675442404e-05,0.8518346852066435,0.13740458015267176
alspas forte tablet,3.208398501504382e-05,0.8742567192579085,0.07633587786259542
altawin s 0.5mg/50mg tablet,6.825595443939102e-05,0.9317279256442754,0.08396946564885496
altidol plus 50mg/500mg tablet,3.134616001256474e-05,0.8407929851315288,0.11450381679389313
altin 0.25mg/20mg tablet,6.825595443939102e-05,0.9317279256442754,0.08396946564885496
altok 0.25mg tablet,6.280763361236917e-07,0.6846941943495809,0.015267175572519083
altok 1mg tablet,6.280763361236917e-07,0.6846941943495809,0.015267175572519083
altome 0.5mg tablet,6.280763361236917e-07,0.6846941943495809,0.015267175572519083
alton f 0.25mg/20mg tablet,6.825595443939102e-05,0.9317279256442754,0.08396946564885496
altonil ls 10mg/0.25mg tablet,0.00017713379843496674,0.8183302411873841,0.06870229007633588
joint pain,1.0711431194382633e-07,0.2997952003360815,0.0011011194714626537
common cold,1.0711431194382633e-07,0.2997952003360815,0.0011011194714626537
altonil ls 3 tablet,0.00017713379843496674,0.8183302411873841,0.06870229007633588
altonil ls 5 tablet,0.00017713379843496674,0.8183302411873841,0.06870229007633588
altonil plus 10 tablet,0.00017713379843496674,0.8183302411873841,0.06870229007633588
altonil plus 3 tablet,0.00017713379843496674,0.8183302411873841,0.06870229007633588
altonil plus 5 tablet,0.00017713379843496674,0.8183302411873841,0.06870229007633588
altradol tablet,5.8860647739280435e-06,0.8331696259916888,0.03816793893129771
altrafiz 37.5mg/325mg tablet,3.134616001256474e-05,0.8407929851315288,0.11450381679389313
altram tablet,1.073315002030881e-05,0.8348095995154818,0.05343511450381679
altranova injection,5.8860647739280435e-06,0.8331696259916888,0.03816793893129771
altranova tablet,3.134616001256474e-05,0.8407929851315288,0.11450381679389313
altrox 0.25mg tablet,6.280763361236917e-07,0.6846941943495809,0.015267175572519083
altrox 0.5mg tablet,6.280763361236917e-07,0.6846941943495809,0.015267175572519083
altzibarem 0.5mg tablet,6.280763361236917e-07,0.6846941943495809,0.015267175572519083
alwel 0.5mg tablet,6.280763361236917e-07,0.6846941943495809,0.015267175572519083
alz 0.5mg tablet,6.280763361236917e-07,0.6846941943495809,0.015267175572519083
alzam 0.25mg tablet,6.280763361236917e-07,0.6846941943495809,0.015267175572519083
alzam 0.5mg tablet,6.280763361236917e-07,0.6846941943495809,0.015267175572519083
alzam 1mg tablet,6.280763361236917e-07,0.6846941943495809,0.015267175572519083
alzep 0.25mg tablet,6.280763361236917e-07,0.6846941943495809,0.015267175572519083
alzep 0.5mg tablet,6.280763361236917e-07,0.6846941943495809,0.015267175572519083
alzepam 10mg tablet,7.844086586140786e-06,0.7070856043603719,0.030534351145038167
muscle weakness,0.0001905069515162402,0.3425331493370133,0.01541567260047715
alzepam 5mg tablet,7.844086586140786e-06,0.7070856043603719,0.030534351145038167
alzet 0.25 tablet,6.280763361236917e-07,0.6846941943495809,0.015267175572519083
alzet 0.50 tablet,6.280763361236917e-07,0.6846941943495809,0.015267175572519083
alzex 0.25mg tablet,6.280763361236917e-07,0.6846941943495809,0.015267175572519083
alzex 0.5mg tablet sr,6.280763361236917e-07,0.6846941943495809,0.015267175572519083
alzex 1mg tablet sr,6.280763361236917e-07,0.6846941943495809,0.015267175572519083
alzex forte 0.5 mg/50 mg tablet,6.825595443939102e-05,0.9317279256442754,0.08396946564885496
alzex plus 0.25 mg/25 mg tablet,6.825595443939102e-05,0.9317279256442754,0.08396946564885496
alzin 0.5mg tablet,6.280763361236917e-07,0.6846941943495809,0.015267175572519083
alzo 0.25mg tablet,6.280763361236917e-07,0.6846941943495809,0.015267175572519083
alzo 0.5mg tablet,6.280763361236917e-07,0.6846941943495809,0.015267175572519083
alzoact 0.25mg tablet,6.280763361236917e-07,0.6846941943495809,0.015267175572519083
alzocum 0.5mg tablet,6.280763361236917e-07,0.6846941943495809,0.015267175572519083
alzocum 1.5mg tablet,6.280763361236917e-07,0.6846941943495809,0.015267175572519083
alzocum 1mg tablet,6.280763361236917e-07,0.6846941943495809,0.015267175572519083
alzokam 0.25mg tablet,6.280763361236917e-07,0.6846941943495809,0.015267175572519083
alzokam 1mg tablet sr,6.280763361236917e-07,0.6846941943495809,0.015267175572519083
alzolam 0.125mg tablet,6.280763361236917e-07,0.6846941943495809,0.015267175572519083
alzolam 0.25mg tablet,6.280763361236917e-07,0.6846941943495809,0.015267175572519083
alzolam 0.5 mg tablet sr,6.280763361236917e-07,0.6846941943495809,0.015267175572519083
alzolam 0.5mg tablet,6.280763361236917e-07,0.6846941943495809,0.015267175572519083
alzolam 0.75mg tablet,6.280763361236917e-07,0.6846941943495809,0.015267175572519083
alzolam 1 mg tablet sr,6.280763361236917e-07,0.6846941943495809,0.015267175572519083
alzolam 1.5 mg tablet sr,6.280763361236917e-07,0.6846941943495809,0.015267175572519083
alzolam 1mg tablet,6.280763361236917e-07,0.6846941943495809,0.015267175572519083
alzolam forte 0.5mg/50mg tablet,6.825595443939102e-05,0.9317279256442754,0.08396946564885496
alzolam plus 0.5mg/25mg tablet,6.825595443939102e-05,0.9317279256442754,0.08396946564885496
alzolite 0.25mg tablet,6.280763361236917e-07,0.6846941943495809,0.015267175572519083
alzolite 0.50mg tablet,6.280763361236917e-07,0.6846941943495809,0.015267175572519083
alzolite forte 0.25mg/20mg tablet,1.6745408863379544e-05,0.7151566249432518,0.061068702290076333
alzom 0.25mg tablet,6.280763361236917e-07,0.6846941943495809,0.015267175572519083
alzom 0.5mg tablet,6.280763361236917e-07,0.6846941943495809,0.015267175572519083
alzomax 0.25mg tablet,6.280763361236917e-07,0.6846941943495809,0.015267175572519083
alzonex 0.25mg tablet,6.280763361236917e-07,0.6846941943495809,0.015267175572519083
alzonex 0.5mg tablet,6.280763361236917e-07,0.6846941943495809,0.015267175572519083
alzonex plus 0.25 mg/20 mg tablet,6.825595443939102e-05,0.9317279256442754,0.08396946564885496
alzopam 0.25mg tablet,6.280763361236917e-07,0.6846941943495809,0.015267175572519083
alzopam 0.5mg tablet,6.280763361236917e-07,0.6846941943495809,0.015267175572519083
alzopax 0.25mg tablet,6.280763361236917e-07,0.6846941943495809,0.015267175572519083
alzopax 0.5mg tablet,6.280763361236917e-07,0.6846941943495809,0.015267175572519083
alzopax 1.5mg tablet sr,6.280763361236917e-07,0.6846941943495809,0.015267175572519083
alzopax 1mg tablet,6.280763361236917e-07,0.6846941943495809,0.015267175572519083
alzopax 1mg tablet xr,6.280763361236917e-07,0.6846941943495809,0.015267175572519083
alzorin p 0.25mg/10mg tablet,1.6745408863379544e-05,0.7151566249432518,0.061068702290076333
alzorix 0.25mg tablet,6.280763361236917e-07,0.6846941943495809,0.015267175572519083
alzoset 0.25mg/25mg tablet,1.602404439539721e-05,0.800508166969147,0.0916030534351145
alzot 0.5mg tablet sr,6.280763361236917e-07,0.6846941943495809,0.015267175572519083
alzot 1mg tablet sr,6.280763361236917e-07,0.6846941943495809,0.015267175572519083
alzotime plus tablet,1.6745408863379544e-05,0.7151566249432518,0.061068702290076333
alzy 0.25mg tablet,6.280763361236917e-07,0.6846941943495809,0.015267175572519083
alzy 0.5mg tablet,6.280763361236917e-07,0.6846941943495809,0.015267175572519083
alzy 1mg tablet sr,6.280763361236917e-07,0.6846941943495809,0.015267175572519083
alzy plus 0.5mg/50mg tablet,6.825595443939102e-05,0.9317279256442754,0.08396946564885496
amadol 50mg injection,5.8860647739280435e-06,0.8331696259916888,0.03816793893129771
ambiz 10mg tablet,2.013277755628682e-05,0.83925717330086,0.0916030534351145
ambulax m tablet,1.6745408863379544e-05,0.7151566249432518,0.061068702290076333
ambulax tablet,1.6745408863379544e-05,0.7151566249432518,0.061068702290076333
ambulax z 10mg tablet,2.013277755628682e-05,0.83925717330086,0.0916030534351145
ambulax-hd 0.125mg/20mg tablet,1.6745408863379544e-05,0.7151566249432518,0.061068702290076333
ambulax-hd tablet,1.6745408863379544e-05,0.7151566249432518,0.061068702290076333
ambulex m tablet,1.6745408863379544e-05,0.7151566249432518,0.061068702290076333
ambutech 0.25mg/20mg tablet,1.6745408863379544e-05,0.7151566249432518,0.061068702290076333
amichlor 12.5 mg/5 mg tablet,1.602404439539721e-05,0.800508166969147,0.0916030534351145
amichlor ds 25 mg/10 mg tablet,1.602404439539721e-05,0.800508166969147,0.0916030534351145
amicon forte 25 mg/10 mg tablet,1.602404439539721e-05,0.800508166969147,0.0916030534351145
amicon plus 12.5mg/5mg tablet,1.602404439539721e-05,0.800508166969147,0.0916030534351145
amidez forte tablet,1.602404439539721e-05,0.800508166969147,0.0916030534351145
amidon-h tablet,1.602404439539721e-05,0.800508166969147,0.0916030534351145
amilift dx 12.5 mg/5 mg tablet,1.602404439539721e-05,0.800508166969147,0.0916030534351145
amilite h 12.5mg/5mg tablet,1.602404439539721e-05,0.800508166969147,0.0916030534351145
amilite plus 25mg/10mg tablet,1.602404439539721e-05,0.800508166969147,0.0916030534351145
amimax-h 12.5mg/5mg tablet,1.602404439539721e-05,0.800508166969147,0.0916030534351145
amipox 25 mg/10 mg capsule,1.602404439539721e-05,0.800508166969147,0.0916030534351145
amipox 25 mg/10 mg tablet,1.602404439539721e-05,0.800508166969147,0.0916030534351145
amipox h 12.5 mg/5 mg tablet,1.602404439539721e-05,0.800508166969147,0.0916030534351145
amipox tablet,1.602404439539721e-05,0.800508166969147,0.0916030534351145
amipox-h tablet,1.602404439539721e-05,0.800508166969147,0.0916030534351145
amira p 0.25mg/20mg tablet,1.6745408863379544e-05,0.7151566249432518,0.061068702290076333
amiris 12.5mg/5mg tablet,1.602404439539721e-05,0.800508166969147,0.0916030534351145
amirise plus 12.5mg/5mg tablet,1.602404439539721e-05,0.800508166969147,0.0916030534351145
amitag-h tablet,1.602404439539721e-05,0.800508166969147,0.0916030534351145
amital plus 12.5mg/5mg tablet,1.602404439539721e-05,0.800508166969147,0.0916030534351145
amitar forte tablet,1.602404439539721e-05,0.800508166969147,0.0916030534351145
amitar plus tablet,1.602404439539721e-05,0.800508166969147,0.0916030534351145
amitias plus 12.5mg/5mg tablet,1.602404439539721e-05,0.800508166969147,0.0916030534351145
amitide ds 25mg/10mg tablet,1.602404439539721e-05,0.800508166969147,0.0916030534351145
amitide tablet,1.602404439539721e-05,0.800508166969147,0.0916030534351145
amitone forte 25 mg/10 mg tablet,1.602404439539721e-05,0.800508166969147,0.0916030534351145
amitone plus tablet,1.602404439539721e-05,0.800508166969147,0.0916030534351145
amitop plus h tablet,1.602404439539721e-05,0.800508166969147,0.0916030534351145
amitop plus tablet,1.602404439539721e-05,0.800508166969147,0.0916030534351145
amitrac-cz 25mg/10mg tablet,1.602404439539721e-05,0.800508166969147,0.0916030534351145
amitril plus 12.5 mg/5 mg tablet,1.602404439539721e-05,0.800508166969147,0.0916030534351145
amitrix 12.5mg/5mg tablet,1.602404439539721e-05,0.800508166969147,0.0916030534351145
amitrol 12.5mg/5mg tablet,1.602404439539721e-05,0.800508166969147,0.0916030534351145
amitrox cd 5mg/12.5mg tablet,1.602404439539721e-05,0.800508166969147,0.0916030534351145
amitryn-c plus tablet,1.602404439539721e-05,0.800508166969147,0.0916030534351145
amitryn-c tablet,1.602404439539721e-05,0.800508166969147,0.0916030534351145
amitryp-forte tablet,1.602404439539721e-05,0.800508166969147,0.0916030534351145
amitryp-plus tablet,1.602404439539721e-05,0.800508166969147,0.0916030534351145
amity-c 12.5mg/5 mg tablet,1.602404439539721e-05,0.800508166969147,0.0916030534351145
amivane forte 25 mg/10 mg tablet,1.602404439539721e-05,0.800508166969147,0.0916030534351145
amivane plus 12.5 mg/5 mg tablet,1.602404439539721e-05,0.800508166969147,0.0916030534351145
amiwel forte tablet,1.602404439539721e-05,0.800508166969147,0.0916030534351145
amiwel plus tablet,1.602404439539721e-05,0.800508166969147,0.0916030534351145
amixide 10mg tablet,1.602404439539721e-05,0.800508166969147,0.0916030534351145
amixide 5 tablet,1.602404439539721e-05,0.800508166969147,0.0916030534351145
amixide tablet,1.602404439539721e-05,0.800508166969147,0.0916030534351145
amixide-h tablet,1.602404439539721e-05,0.800508166969147,0.0916030534351145
amize 12.5 mg/5 mg tablet,1.602404439539721e-05,0.800508166969147,0.0916030534351145
amize forte 25 mg/10 mg tablet,1.602404439539721e-05,0.800508166969147,0.0916030534351145
amizep 25 mg/10 mg tablet,1.602404439539721e-05,0.800508166969147,0.0916030534351145
amizep h 12.5 mg/5 mg tablet,1.602404439539721e-05,0.800508166969147,0.0916030534351145
ampause tablet,1.602404439539721e-05,0.800508166969147,0.0916030534351145
amrea-c 25mg/10mg tablet,1.602404439539721e-05,0.800508166969147,0.0916030534351145
amsha forte 25mg/10mg tablet,1.602404439539721e-05,0.800508166969147,0.0916030534351145
amsha plus 12.5mg/5mg tablet,1.602404439539721e-05,0.800508166969147,0.0916030534351145
amtilin dp 12.5mg/5mg tablet,1.602404439539721e-05,0.800508166969147,0.0916030534351145
amtradol injection,5.8860647739280435e-06,0.8331696259916888,0.03816793893129771
amtriz ls 25mg/10mg tablet,1.602404439539721e-05,0.800508166969147,0.0916030534351145
amty cp forte 25mg/5mg tablet,1.602404439539721e-05,0.800508166969147,0.0916030534351145
amwin's freshika-z 10 tablet,2.013277755628682e-05,0.83925717330086,0.0916030534351145
amypres c 12.5 mg/5 mg tablet,1.602404439539721e-05,0.800508166969147,0.0916030534351145
amypres c 25mg/10mg tablet,1.602404439539721e-05,0.800508166969147,0.0916030534351145
amzee h 12.5mg/5mg tablet,1.602404439539721e-05,0.800508166969147,0.0916030534351145
amzee plus 25mg/10mg tablet,1.602404439539721e-05,0.800508166969147,0.0916030534351145
amzol 0.25mg tablet,6.280763361236917e-07,0.6846941943495809,0.015267175572519083
amzol 0.5mg tablet,6.280763361236917e-07,0.6846941943495809,0.015267175572519083
anadol p 37.5mg/325mg tablet,3.134616001256474e-05,0.8407929851315288,0.11450381679389313
analog p 37.5mg/325mg tablet,3.134616001256474e-05,0.8407929851315288,0.11450381679389313
analtra p tablet,1.073315002030881e-05,0.8348095995154818,0.05343511450381679
analtra tablet dt,5.8860647739280435e-06,0.8331696259916888,0.03816793893129771
anatra 325 mg/37.5 mg tablet,1.073315002030881e-05,0.8348095995154818,0.05343511450381679
anatram 100mg injection,5.8860647739280435e-06,0.8331696259916888,0.03816793893129771
anax 0.25mg tablet,6.280763361236917e-07,0.6846941943495809,0.015267175572519083
anazac-p 500mg/37.5mg tablet,1.073315002030881e-05,0.8348095995154818,0.05343511450381679
anbrol 50mg/500mg tablet,3.134616001256474e-05,0.8407929851315288,0.11450381679389313
anbrol sp 325 mg/37.5 mg tablet,1.073315002030881e-05,0.8348095995154818,0.05343511450381679
ancolam 0.25mg tablet,6.280763361236917e-07,0.6846941943495809,0.015267175572519083
ancolam 0.5mg tablet,6.280763361236917e-07,0.6846941943495809,0.015267175572519083
ancolam 0.5mg tablet sr,6.280763361236917e-07,0.6846941943495809,0.015267175572519083
ancolam 1.5mg tablet sr,6.280763361236917e-07,0.6846941943495809,0.015267175572519083
ancolam 1mg tablet sr,6.280763361236917e-07,0.6846941943495809,0.015267175572519083
ancolol 0.25 mg/10 mg tablet,1.6745408863379544e-05,0.7151566249432518,0.061068702290076333
andant capsule,5.5344062806309663e-05,0.7689143016526044,0.030534351145038167
paresthesia (tingling or pricking sensation),8.836930735365673e-07,0.28689883913764513,0.002018719031014865
andep 10 mg/1 mg tablet,6.013519816155538e-05,0.8662895749862519,0.10687022900763359
increased prolactin level in blood,1.64317306183777e-05,0.31644587328862034,0.015048632776656266
urinary retention,1.4851357342168912e-05,0.31630561249930744,0.014498073040924939
muscle stiffness,1.4425993074740581e-05,0.31546665193125933,0.014314553129014498
andep tablet,6.013519816155538e-05,0.8662895749862519,0.10687022900763359
andep-cd tablet,4.2879673447075457e-05,0.8801181259478011,0.08396946564885496
anesthal 1gm injection,5.270511229992787e-05,0.8756451997141269,0.05343511450381679
"injection site reactions (pain, swelling, redness)",2.473493086382105e-05,0.3404090394132729,0.010093595155074325
anesthal 500mg injection,5.270511229992787e-05,0.8756451997141269,0.05343511450381679
anexidep 2 mg/25 mg tablet,1.602404439539721e-05,0.800508166969147,0.0916030534351145
anexidep 5 mg/25 mg tablet,1.602404439539721e-05,0.800508166969147,0.0916030534351145
angidol p 37.5mg/325mg tablet,3.134616001256474e-05,0.8407929851315288,0.11450381679389313
angirex tablet,6.013519816155538e-05,0.8662895749862519,0.10687022900763359
anilam 0.25mg tablet,6.280763361236917e-07,0.6846941943495809,0.015267175572519083
anilam 0.5mg tablet,6.280763361236917e-07,0.6846941943495809,0.015267175572519083
anirest 0.5mg tablet md,5.1476376818324204e-05,0.9656712496716,0.04580152671755725
anpress h 0.5mg tablet,6.280763361236917e-07,0.6846941943495809,0.015267175572519083
anpress-q tablet,6.280763361236917e-07,0.6846941943495809,0.015267175572519083
anquil 0.25mg tablet,6.280763361236917e-07,0.6846941943495809,0.015267175572519083
ansilumirm 1mg tablet sr,6.280763361236917e-07,0.6846941943495809,0.015267175572519083
antadol tablet,1.073315002030881e-05,0.8348095995154818,0.05343511450381679
antax 0.25mg tablet,6.280763361236917e-07,0.6846941943495809,0.015267175572519083
antax 0.5mg tablet,6.280763361236917e-07,0.6846941943495809,0.015267175572519083
antram injection,5.8860647739280435e-06,0.8331696259916888,0.03816793893129771
antram-plus tablet,1.073315002030881e-05,0.8348095995154818,0.05343511450381679
anudol 500mg/50mg tablet,1.073315002030881e-05,0.8348095995154818,0.05343511450381679
anxer 0.5mg tablet,6.280763361236917e-07,0.6846941943495809,0.015267175572519083
anxeron 0.25mg tablet,6.280763361236917e-07,0.6846941943495809,0.015267175572519083
anxeron 0.5mg tablet,6.280763361236917e-07,0.6846941943495809,0.015267175572519083
anxibrium 10mg tablet,9.819845268302474e-05,0.9658404134185863,0.061068702290076333
anxibrium 25mg tablet,9.819845268302474e-05,0.9658404134185863,0.061068702290076333
anxibrium t tablet,6.013519816155538e-05,0.8662895749862519,0.10687022900763359
anxicalm 0.25mg tablet,6.280763361236917e-07,0.6846941943495809,0.015267175572519083
anxicalm 0.5mg tablet,6.280763361236917e-07,0.6846941943495809,0.015267175572519083
anxiclo 0.25mg tablet md,5.1476376818324204e-05,0.9656712496716,0.04580152671755725
anxiclo 0.5mg tablet md,5.1476376818324204e-05,0.9656712496716,0.04580152671755725
anxicure 0.5mg tablet,5.1476376818324204e-05,0.9656712496716,0.04580152671755725
anxicure 1mg tablet,5.1476376818324204e-05,0.9656712496716,0.04580152671755725
anxidep 2mg/25mg tablet,1.602404439539721e-05,0.800508166969147,0.0916030534351145
anxidep tablet,1.602404439539721e-05,0.800508166969147,0.0916030534351145
anxiflu 0.25 mg/20 mg tablet,6.825595443939102e-05,0.9317279256442754,0.08396946564885496
anxifly tablet,6.825595443939102e-05,0.9317279256442754,0.08396946564885496
anxigo 0.125mg tablet,6.280763361236917e-07,0.6846941943495809,0.015267175572519083
anxigo 0.25mg tablet,6.280763361236917e-07,0.6846941943495809,0.015267175572519083
anxigo 0.5mg tablet,6.280763361236917e-07,0.6846941943495809,0.015267175572519083
anxigo 0.5mg tablet sr,6.280763361236917e-07,0.6846941943495809,0.015267175572519083
anxigo 1mg tablet,6.280763361236917e-07,0.6846941943495809,0.015267175572519083
anxigo 1mg tablet sr,6.280763361236917e-07,0.6846941943495809,0.015267175572519083
anxigon 0.5mg tablet,6.280763361236917e-07,0.6846941943495809,0.015267175572519083
anxil 0.25mg tablet,6.280763361236917e-07,0.6846941943495809,0.015267175572519083
anxilam 0.25mg tablet,6.280763361236917e-07,0.6846941943495809,0.015267175572519083
anxilam 0.5mg tablet,6.280763361236917e-07,0.6846941943495809,0.015267175572519083
anxilam plus 0.25 mg/20 mg tablet,1.6745408863379544e-05,0.7151566249432518,0.061068702290076333
anxiless 0.25mg tablet,6.280763361236917e-07,0.6846941943495809,0.015267175572519083
anxiless 0.5mg tablet,6.280763361236917e-07,0.6846941943495809,0.015267175572519083
anxilor 1mg tablet,1.052004745655686e-06,0.7050060737804488,0.030534351145038167
anxilor 2mg tablet,4.422707264527638e-06,0.7177634576580095,0.030534351145038167
anxinix 0.25mg tablet,6.280763361236917e-07,0.6846941943495809,0.015267175572519083
anxionil 1mg tablet,1.052004745655686e-06,0.7050060737804488,0.030534351145038167
anxionil 2mg tablet,4.422707264527638e-06,0.7177634576580095,0.030534351145038167
anxipam 0.5mg tablet md,5.1476376818324204e-05,0.9656712496716,0.04580152671755725
anxipar 0.25mg tablet,5.1476376818324204e-05,0.9656712496716,0.04580152671755725
anxipar 0.5mg tablet,5.1476376818324204e-05,0.9656712496716,0.04580152671755725
anxipose 0.5mg tablet,1.052004745655686e-06,0.7050060737804488,0.030534351145038167
anxipose 1mg tablet,1.052004745655686e-06,0.7050060737804488,0.030534351145038167
anxipose 2mg tablet,4.422707264527638e-06,0.7177634576580095,0.030534351145038167
anxipose injection,2.434387856025367e-05,0.8697058127612588,0.04580152671755725
anxirid 10mg tablet,9.819845268302474e-05,0.9658404134185863,0.061068702290076333
anxirid-t tablet,6.013519816155538e-05,0.8662895749862519,0.10687022900763359
anxisern 10 mg/1 mg tablet,6.013519816155538e-05,0.8662895749862519,0.10687022900763359
anxiset plus 0.5 mg/10 mg tablet,6.825595443939102e-05,0.9317279256442754,0.08396946564885496
anxispas tablet,3.208398501504382e-05,0.8742567192579085,0.07633587786259542
anxit 0.25mg tablet,6.280763361236917e-07,0.6846941943495809,0.015267175572519083
anxit 0.5 sr tablet,6.280763361236917e-07,0.6846941943495809,0.015267175572519083
anxit 0.5 tablet,6.280763361236917e-07,0.6846941943495809,0.015267175572519083
anxit 1mg tablet,6.280763361236917e-07,0.6846941943495809,0.015267175572519083
anxit 1mg tablet sr,6.280763361236917e-07,0.6846941943495809,0.015267175572519083
anxit fort 0.5 mg/25 mg tablet,6.825595443939102e-05,0.9317279256442754,0.08396946564885496
anxitab 25mg/10mg tablet,1.602404439539721e-05,0.800508166969147,0.0916030534351145
anxitab tablet,1.602404439539721e-05,0.800508166969147,0.0916030534351145
anxitreat 0.25mg tablet md,5.1476376818324204e-05,0.9656712496716,0.04580152671755725
anxitreat 0.5mg tablet md,5.1476376818324204e-05,0.9656712496716,0.04580152671755725
anxiwill 0.25mg tablet,5.1476376818324204e-05,0.9656712496716,0.04580152671755725
anxiwill 0.5mg tablet,5.1476376818324204e-05,0.9656712496716,0.04580152671755725
anxizam plus 0.5 mg/25 mg tablet,6.825595443939102e-05,0.9317279256442754,0.08396946564885496
anxizide 10mg tablet,9.819845268302474e-05,0.9658404134185863,0.061068702290076333
anxizide 20mg tablet,9.819845268302474e-05,0.9658404134185863,0.061068702290076333
anxo 0.25mg tablet,6.280763361236917e-07,0.6846941943495809,0.015267175572519083
anxo 0.5mg tablet,6.280763361236917e-07,0.6846941943495809,0.015267175572519083
anxo pr 0.25mg/20mg tablet,1.6745408863379544e-05,0.7151566249432518,0.061068702290076333
anxolep 0.5mg tablet,5.1476376818324204e-05,0.9656712496716,0.04580152671755725
anxolep 1mg tablet,5.1476376818324204e-05,0.9656712496716,0.04580152671755725
anxon 10mg tablet,9.819845268302474e-05,0.9658404134185863,0.061068702290076333
anxon 25mg tablet,9.819845268302474e-05,0.9658404134185863,0.061068702290076333
anxon h 10mg tablet,9.819845268302474e-05,0.9658404134185863,0.061068702290076333
anxozap 15 tablet,0.00010935424219529099,0.7973823125316364,0.061068702290076333
rash,1.359794238536247e-05,0.3063918853646756,0.0055055973573132685
lethargy,4.4184653676828364e-07,0.29447567957909937,0.002018719031014865
edema (swelling),4.4184653676828364e-07,0.29447567957909937,0.002018719031014865
altered libido,1.946888562956865e-06,0.33931649331352154,0.0022022389429253073
anxozap 30 tablet,0.00010935424219529099,0.7973823125316364,0.061068702290076333
anxozeal lite 0.25mg/10mg tablet,6.825595443939102e-05,0.9317279256442754,0.08396946564885496
anxozeal plus 0.5mg/10mg tablet,6.825595443939102e-05,0.9317279256442754,0.08396946564885496
anxrea 0.5mg tablet,5.1476376818324204e-05,0.9656712496716,0.04580152671755725
anxyl 0.25mg tablet,6.280763361236917e-07,0.6846941943495809,0.015267175572519083
anzal 0.5mg tablet sr,6.280763361236917e-07,0.6846941943495809,0.015267175572519083
anzal plus -h 0.25mg/10mg tablet,1.6745408863379544e-05,0.7151566249432518,0.061068702290076333
anzal plus 0.25mg/20mg tablet,1.6745408863379544e-05,0.7151566249432518,0.061068702290076333
anzi 0.25mg tablet,6.280763361236917e-07,0.6846941943495809,0.015267175572519083
anzi 0.5mg tablet,6.280763361236917e-07,0.6846941943495809,0.015267175572519083
anzi 0.5mg tablet sr,6.280763361236917e-07,0.6846941943495809,0.015267175572519083
anzi-p 0.25mg/20mg tablet,1.6745408863379544e-05,0.7151566249432518,0.061068702290076333
anzilum 0.25 mg tablet,6.280763361236917e-07,0.6846941943495809,0.015267175572519083
anzilum 1mg tablet,6.280763361236917e-07,0.6846941943495809,0.015267175572519083
anzo-p tablet,1.6745408863379544e-05,0.7151566249432518,0.061068702290076333
anzocalm 0.25 mg/20 mg tablet,1.6745408863379544e-05,0.7151566249432518,0.061068702290076333
anzopram-plus tablet,6.825595443939102e-05,0.9317279256442754,0.08396946564885496
ap cobal 0.25mg/10mg tablet,1.6745408863379544e-05,0.7151566249432518,0.061068702290076333
apal p 0.25mg/20mg tablet,1.6745408863379544e-05,0.7151566249432518,0.061068702290076333
apal sr 0.5mg tablet,6.280763361236917e-07,0.6846941943495809,0.015267175572519083
apal sr 1.5mg tablet,6.280763361236917e-07,0.6846941943495809,0.015267175572519083
apal sr 1mg tablet,6.280763361236917e-07,0.6846941943495809,0.015267175572519083
apex 1mg tablet,6.280763361236917e-07,0.6846941943495809,0.015267175572519083
apex 2mg tablet,6.280763361236917e-07,0.6846941943495809,0.015267175572519083
apex plus 0.25mg/20mg tablet,1.6745408863379544e-05,0.7151566249432518,0.061068702290076333
apizam 5 tablet,3.9616768675442404e-05,0.8518346852066435,0.13740458015267176
aplaz 0.25mg tablet md,5.1476376818324204e-05,0.9656712496716,0.04580152671755725
aplaz 0.5mg tablet,5.1476376818324204e-05,0.9656712496716,0.04580152671755725
aplaz 0.5mg tablet md,5.1476376818324204e-05,0.9656712496716,0.04580152671755725
aplaz 1mg tablet,5.1476376818324204e-05,0.9656712496716,0.04580152671755725
aplaz 2mg tablet,5.1476376818324204e-05,0.9656712496716,0.04580152671755725
aplaz d 0.25mg tablet,5.1476376818324204e-05,0.9656712496716,0.04580152671755725
aplaz d 0.5mg tablet,5.1476376818324204e-05,0.9656712496716,0.04580152671755725
apps 0.25mg/20mg tablet,1.6745408863379544e-05,0.7151566249432518,0.061068702290076333
apsolam 0.5mg tablet,6.280763361236917e-07,0.6846941943495809,0.015267175572519083
aptric 12.5mg/5mg tablet,1.602404439539721e-05,0.800508166969147,0.0916030534351145
apz 0.25mg tablet,6.280763361236917e-07,0.6846941943495809,0.015267175572519083
apz 0.5mg tablet,6.280763361236917e-07,0.6846941943495809,0.015267175572519083
aranxit 0.25mg/20mg tablet,1.6745408863379544e-05,0.7151566249432518,0.061068702290076333
ariprax 0.25mg tablet,6.280763361236917e-07,0.6846941943495809,0.015267175572519083
ariprax 0.5mg tablet,6.280763361236917e-07,0.6846941943495809,0.015267175572519083
ariprax 1.5mg tablet sr,6.280763361236917e-07,0.6846941943495809,0.015267175572519083
ariprax 1mg tablet sr,6.280763361236917e-07,0.6846941943495809,0.015267175572519083
ariprax p 0.25mg/20mg tablet,1.6745408863379544e-05,0.7151566249432518,0.061068702290076333
arizal p 0.25mg/10mg tablet,1.6745408863379544e-05,0.7151566249432518,0.061068702290076333
arkalam 0.25mg tablet,6.280763361236917e-07,0.6846941943495809,0.015267175572519083
arkalam 0.5mg tablet,6.280763361236917e-07,0.6846941943495809,0.015267175572519083
arkapam 1mg tablet,1.052004745655686e-06,0.7050060737804488,0.030534351145038167
arkapam 2mg tablet,4.422707264527638e-06,0.7177634576580095,0.030534351145038167
armadol 50mg tablet,5.8860647739280435e-06,0.8331696259916888,0.03816793893129771
armod 150 tablet,1.1175378050859161e-05,0.7991158779621712,0.030534351145038167
armod 50 tablet,1.1175378050859161e-05,0.7991158779621712,0.030534351145038167
aropam c 0.25mg/10mg tablet,6.825595443939102e-05,0.9317279256442754,0.08396946564885496
arotine cr 12.5mg/0.5mg tablet,6.825595443939102e-05,0.9317279256442754,0.08396946564885496
arotine cr forte 25mg/0.5mg tablet,6.825595443939102e-05,0.9317279256442754,0.08396946564885496
aroximat plus 12.5mg/0.5mg tablet cr,6.825595443939102e-05,0.9317279256442754,0.08396946564885496
arrestadol-p tablet,3.134616001256474e-05,0.8407929851315288,0.11450381679389313
arwin 5mg/2.5mg tablet,3.208398501504382e-05,0.8742567192579085,0.07633587786259542
aryalam 0.25mg tablet,6.280763361236917e-07,0.6846941943495809,0.015267175572519083
aryalam 0.50mg tablet,6.280763361236917e-07,0.6846941943495809,0.015267175572519083
arzepam 0.25mg tablet,5.1476376818324204e-05,0.9656712496716,0.04580152671755725
arzepam 0.5mg tablet,5.1476376818324204e-05,0.9656712496716,0.04580152671755725
arzepam 2mg tablet,5.1476376818324204e-05,0.9656712496716,0.04580152671755725
ascent pt tablet,2.123200353441007e-05,0.8350624763347217,0.06870229007633588
ascodex c 4mg/10mg syrup,9.007234941820291e-05,0.9205275899490776,0.061068702290076333
ascoril c  syrup,9.007234941820291e-05,0.9205275899490776,0.061068702290076333
asdol-p tablet,3.134616001256474e-05,0.8407929851315288,0.11450381679389313
asic 50mg tablet,5.8860647739280435e-06,0.8331696259916888,0.03816793893129771
asiclopam tablet,6.825595443939102e-05,0.9317279256442754,0.08396946564885496
asque  tablet,2.8118049747754186e-05,0.8350624763347217,0.06870229007633588
asque duo tablet,1.073315002030881e-05,0.8348095995154818,0.05343511450381679
asradol 100mg injection,5.8860647739280435e-06,0.8331696259916888,0.03816793893129771
astawin h 0.25mg/5mg tablet,6.825595443939102e-05,0.9317279256442754,0.08396946564885496
astawin ls 0.25mg/10mg tablet,6.825595443939102e-05,0.9317279256442754,0.08396946564885496
astawin plus 0.5mg/10mg tablet,6.825595443939102e-05,0.9317279256442754,0.08396946564885496
astol 50mg capsule,5.8860647739280435e-06,0.8331696259916888,0.03816793893129771
atdol plus 50mg/325mg tablet,3.134616001256474e-05,0.8407929851315288,0.11450381679389313
ateez 0.25mg tablet,6.280763361236917e-07,0.6846941943495809,0.015267175572519083
ateez 0.5mg tablet,6.280763361236917e-07,0.6846941943495809,0.015267175572519083
ateez f 0.25mg/20mg tablet,6.825595443939102e-05,0.9317279256442754,0.08396946564885496
atek 0.5mg tablet,6.280763361236917e-07,0.6846941943495809,0.015267175572519083
atext-f 25mg/0.5mg tablet,6.825595443939102e-05,0.9317279256442754,0.08396946564885496
atilor 1mg tablet,1.052004745655686e-06,0.7050060737804488,0.030534351145038167
atipam 1mg tablet,1.052004745655686e-06,0.7050060737804488,0.030534351145038167
atipam 2mg tablet,4.422707264527638e-06,0.7177634576580095,0.030534351145038167
ativan 1mg tablet,1.052004745655686e-06,0.7050060737804488,0.030534351145038167
ativan 2mg tablet,4.422707264527638e-06,0.7177634576580095,0.030534351145038167
atline-f 25mg/10mg tablet,1.602404439539721e-05,0.800508166969147,0.0916030534351145
atline-p 12.5mg/5mg tablet,1.602404439539721e-05,0.800508166969147,0.0916030534351145
atlodol-p tablet,3.134616001256474e-05,0.8407929851315288,0.11450381679389313
atlotram 100mg injection,5.8860647739280435e-06,0.8331696259916888,0.03816793893129771
atpram-c 0.5 mg/10 mg tablet,6.825595443939102e-05,0.9317279256442754,0.08396946564885496
atril-h tablet,1.602404439539721e-05,0.800508166969147,0.0916030534351145
atryp plus tablet,1.602404439539721e-05,0.800508166969147,0.0916030534351145
aurinorm 5 mg/2.5 mg tablet,3.208398501504382e-05,0.8742567192579085,0.07633587786259542
aurnac tp 37.5mg/325mg tablet,3.134616001256474e-05,0.8407929851315288,0.11450381679389313
autadol 50mg/325mg tablet,3.134616001256474e-05,0.8407929851315288,0.11450381679389313
avdol 100mg injection,5.8860647739280435e-06,0.8331696259916888,0.03816793893129771
avdol 50mg capsule,5.8860647739280435e-06,0.8331696259916888,0.03816793893129771
avdol p 325mg/37.5mg tablet,1.073315002030881e-05,0.8348095995154818,0.05343511450381679
avene (abbott) 0.5mg/10mg tablet,1.6745408863379544e-05,0.7151566249432518,0.061068702290076333
avidip 2.5mg/5mg/10mg tablet,4.2879673447075457e-05,0.8801181259478011,0.08396946564885496
avidip m 5mg/2.5mg tablet,3.208398501504382e-05,0.8742567192579085,0.07633587786259542
avidol 100mg injection,5.8860647739280435e-06,0.8331696259916888,0.03816793893129771
avizolam 0.25mg/20mg tablet,1.6745408863379544e-05,0.7151566249432518,0.061068702290076333
avkof syrup,9.007234941820291e-05,0.9205275899490776,0.061068702290076333
avtram 50mg injection,5.8860647739280435e-06,0.8331696259916888,0.03816793893129771
avtram p 50mg/325mg tablet,3.134616001256474e-05,0.8407929851315288,0.11450381679389313
avudol 100mg injection,5.8860647739280435e-06,0.8331696259916888,0.03816793893129771
axedol 100mg injection,5.8860647739280435e-06,0.8331696259916888,0.03816793893129771
axedol-p 50mg/500mg tablet,3.134616001256474e-05,0.8407929851315288,0.11450381679389313
axidol 50mg tablet dt,5.8860647739280435e-06,0.8331696259916888,0.03816793893129771
axitan 1 tablet,1.052004745655686e-06,0.7050060737804488,0.030534351145038167
axitan 2 tablet,4.422707264527638e-06,0.7177634576580095,0.030534351145038167
axitan 2mg injection,2.434387856025367e-05,0.8697058127612588,0.04580152671755725
axizox 0.25mg tablet,6.280763361236917e-07,0.6846941943495809,0.015267175572519083
axizox 1mg tablet,6.280763361236917e-07,0.6846941943495809,0.015267175572519083
axnil 0.5mg tablet,6.280763361236917e-07,0.6846941943495809,0.015267175572519083
axofast syrup,9.007234941820291e-05,0.9205275899490776,0.061068702290076333
axtra 37.5mg/325mg tablet,3.134616001256474e-05,0.8407929851315288,0.11450381679389313
axytram 100mg injection,5.8860647739280435e-06,0.8331696259916888,0.03816793893129771
axytram-p 500mg/37.5mg tablet,1.073315002030881e-05,0.8348095995154818,0.05343511450381679
azen p tablet,1.6745408863379544e-05,0.7151566249432518,0.061068702290076333
azenap 10 tablet,0.00010935424219529099,0.7973823125316364,0.061068702290076333
azenap 15mg tablet,0.00010935424219529099,0.7973823125316364,0.061068702290076333
azenap 30mg tablet,0.00010935424219529099,0.7973823125316364,0.061068702290076333
azicalm tablet,1.6745408863379544e-05,0.7151566249432518,0.061068702290076333
azjoy plus 0.5mg/10mg tablet,6.825595443939102e-05,0.9317279256442754,0.08396946564885496
azjoy plus 0.5mg/5mg tablet,6.825595443939102e-05,0.9317279256442754,0.08396946564885496
azo-f 0.25mg/20mg tablet,6.825595443939102e-05,0.9317279256442754,0.08396946564885496
azo-p 0.25mg/20mg tablet,1.6745408863379544e-05,0.7151566249432518,0.061068702290076333
azo-s 0.5mg/25mg tablet,6.825595443939102e-05,0.9317279256442754,0.08396946564885496
azodem 10mg tablet,2.013277755628682e-05,0.83925717330086,0.0916030534351145
azolam 0.25mg tablet,6.280763361236917e-07,0.6846941943495809,0.015267175572519083
azolam 0.5mg tablet,6.280763361236917e-07,0.6846941943495809,0.015267175572519083
azolip 0.5mg tablet md,5.1476376818324204e-05,0.9656712496716,0.04580152671755725
azom 0.25mg tablet,6.280763361236917e-07,0.6846941943495809,0.015267175572519083
azom 0.5mg tablet,6.280763361236917e-07,0.6846941943495809,0.015267175572519083
azoslip 0.25mg tablet,6.280763361236917e-07,0.6846941943495809,0.015267175572519083
azoslip 0.5mg tablet,6.280763361236917e-07,0.6846941943495809,0.015267175572519083
azox 0.25mg tablet,6.280763361236917e-07,0.6846941943495809,0.015267175572519083
azox 0.5mg tablet,6.280763361236917e-07,0.6846941943495809,0.015267175572519083
azox 0.5mg tablet sr,6.280763361236917e-07,0.6846941943495809,0.015267175572519083
azox 1mg tablet sr,6.280763361236917e-07,0.6846941943495809,0.015267175572519083
azox p 0.25mg/10mg tablet,1.6745408863379544e-05,0.7151566249432518,0.061068702290076333
b kalm 0.25mg tablet,6.280763361236917e-07,0.6846941943495809,0.015267175572519083
b kalm 0.50mg tablet,6.280763361236917e-07,0.6846941943495809,0.015267175572519083
b pam 0.25mg tablet,5.1476376818324204e-05,0.9656712496716,0.04580152671755725
b pam 0.5mg tablet,5.1476376818324204e-05,0.9656712496716,0.04580152671755725
b pam 1mg tablet,5.1476376818324204e-05,0.9656712496716,0.04580152671755725
b pam p 0.5mg/20mg tablet,1.6745408863379544e-05,0.7151566249432518,0.061068702290076333
b pam s 0.5mg/10mg tablet,6.825595443939102e-05,0.9317279256442754,0.08396946564885496
balzam pr 0.25mg/20mg tablet,1.6745408863379544e-05,0.7151566249432518,0.061068702290076333
barbee 25mg tablet,0.00014722957434561064,0.9320429380441214,0.07633587786259542
nystagmus (involuntary eye movement),1.2211031561596207e-06,0.3286512002763226,0.0036703982382088455
visual impairment,2.865072038580221e-06,0.3397607570076772,0.0038539181501192877
low energy,1.2211031561596207e-06,0.3286512002763226,0.0036703982382088455
barbee 50mg tablet,0.00014722957434561064,0.9320429380441214,0.07633587786259542
barbinal 30mg tablet,0.00016780563172365945,0.977657593758312,0.09923664122137404
decreased blood pressure,2.9415237972266147e-06,0.3400440764786467,0.006423196916865479
hangover,2.9415237972266147e-06,0.3400440764786467,0.006423196916865479
hyperactivity,2.9415237972266147e-06,0.3400440764786467,0.006423196916865479
excitement,7.62238064808908e-06,0.34053086787951087,0.008258396035969902
barbinal 60mg tablet,0.00016780563172365945,0.977657593758312,0.09923664122137404
barbinol 100mg injection,0.00016780563172365945,0.977657593758312,0.09923664122137404
barbinol 200mg injection,0.00016780563172365945,0.977657593758312,0.09923664122137404
barbinol 30mg tablet,0.00016780563172365945,0.977657593758312,0.09923664122137404
barbinol 60mg tablet,0.00016780563172365945,0.977657593758312,0.09923664122137404
bardep plus tablet,6.825595443939102e-05,0.9317279256442754,0.08396946564885496
bardol 100mg injection,5.8860647739280435e-06,0.8331696259916888,0.03816793893129771
baronite 10mg tablet,4.204496272169002e-05,0.917006237006237,0.04580152671755725
baronite 5mg tablet,4.204496272169002e-05,0.917006237006237,0.04580152671755725
bavmol p 50mg/325mg tablet,3.134616001256474e-05,0.8407929851315288,0.11450381679389313
bazzy 10mg tablet,3.9616768675442404e-05,0.8518346852066435,0.13740458015267176
bazzy 5mg tablet,3.9616768675442404e-05,0.8518346852066435,0.13740458015267176
bcc 5mg/2.5mg tablet,3.208398501504382e-05,0.8742567192579085,0.07633587786259542
be relax 0.25mg tablet,6.280763361236917e-07,0.6846941943495809,0.015267175572519083
be relax 0.5mg tablet,6.280763361236917e-07,0.6846941943495809,0.015267175572519083
be sat plus 0.5mg/10mg tablet,6.825595443939102e-05,0.9317279256442754,0.08396946564885496
becalm 0.25mg tablet,6.280763361236917e-07,0.6846941943495809,0.015267175572519083
becalm 0.5mg tablet,6.280763361236917e-07,0.6846941943495809,0.015267175572519083
beecital plus 0.5mg/10mg tablet,6.825595443939102e-05,0.9317279256442754,0.08396946564885496
beetal 3mg tablet,0.00016780563172365945,0.977657593758312,0.09923664122137404
beetrip-plus 25mg/10mg tablet,1.602404439539721e-05,0.800508166969147,0.0916030534351145
belfa 0.25mg/20mg tablet,6.825595443939102e-05,0.9317279256442754,0.08396946564885496
beloc plus 0.25mg/20mg tablet,1.6745408863379544e-05,0.7151566249432518,0.061068702290076333
belrest 10mg/1mg tablet,6.013519816155538e-05,0.8662895749862519,0.10687022900763359
benizep capsule sr,5.823643848773817e-05,0.9423980856337065,0.061068702290076333
benj 1mg tablet,1.052004745655686e-06,0.7050060737804488,0.030534351145038167
benj 2mg tablet,4.422707264527638e-06,0.7177634576580095,0.030534351145038167
benzax 0.25mg tablet,6.280763361236917e-07,0.6846941943495809,0.015267175572519083
benzax 0.5mg tablet,6.280763361236917e-07,0.6846941943495809,0.015267175572519083
benzax-f 0.25mg/20mg tablet,6.825595443939102e-05,0.9317279256442754,0.08396946564885496
benzo beta tablet,1.6745408863379544e-05,0.7151566249432518,0.061068702290076333
benzolam 0.25mg tablet,6.280763361236917e-07,0.6846941943495809,0.015267175572519083
benzolam forte 0.5mg tablet,6.280763361236917e-07,0.6846941943495809,0.015267175572519083
benzolam plus 0.25 mg/20 mg tablet,1.6745408863379544e-05,0.7151566249432518,0.061068702290076333
benzopam 2mg tablet,2.013277755628682e-05,0.83925717330086,0.0916030534351145
benzopam 5mg tablet,2.013277755628682e-05,0.83925717330086,0.0916030534351145
benzopin 0.5mg tablet,5.1476376818324204e-05,0.9656712496716,0.04580152671755725
benzosed 1mg injection,9.307647443867082e-05,0.9136631038197034,0.061068702290076333
hiccup,2.610911353630767e-06,0.32443030061942374,0.004771517709671499
cough,9.544051332524483e-06,0.3400440764786467,0.0055055973573132685
benzosed 5mg injection,9.307647443867082e-05,0.9136631038197034,0.061068702290076333
besquil 0.25mg tablet,6.280763361236917e-07,0.6846941943495809,0.015267175572519083
besquil 0.5mg tablet,6.280763361236917e-07,0.6846941943495809,0.015267175572519083
bestilo plus 0.5mg/10mg tablet,6.825595443939102e-05,0.9317279256442754,0.08396946564885496
bestodol 100 injection,5.8860647739280435e-06,0.8331696259916888,0.03816793893129771
bestodol 50mg injection,5.8860647739280435e-06,0.8331696259916888,0.03816793893129771
bestodol tablet,1.073315002030881e-05,0.8348095995154818,0.05343511450381679
beta anxit 0.25 mg/20 mg tablet,1.6745408863379544e-05,0.7151566249432518,0.061068702290076333
betaflam forte 400 mg/65 mg capsule,1.4869415574955766e-05,0.8335475092599591,0.061068702290076333
betalax tablet,1.6745408863379544e-05,0.7151566249432518,0.061068702290076333
betapam lite 0.125mg/20mg tablet,1.6745408863379544e-05,0.7151566249432518,0.061068702290076333
betapax m 0.25mg/10mg tablet,1.6745408863379544e-05,0.7151566249432518,0.061068702290076333
betapax tablet,1.6745408863379544e-05,0.7151566249432518,0.061068702290076333
betapram plus 0.5mg/10mg tablet,6.825595443939102e-05,0.9317279256442754,0.08396946564885496
betapro dz 2.5mg/20mg tablet,1.6745408863379544e-05,0.7151566249432518,0.061068702290076333
betrimed plus 25mg/10mg tablet,1.602404439539721e-05,0.800508166969147,0.0916030534351145
betrizust plus 25mg/10mg tablet,1.602404439539721e-05,0.800508166969147,0.0916030534351145
bevorin plus 135mg/5mg tablet sr,5.823643848773817e-05,0.9423980856337065,0.061068702290076333
bexam 5mg tablet,3.9616768675442404e-05,0.8518346852066435,0.13740458015267176
bigma 100mg injection,5.8860647739280435e-06,0.8331696259916888,0.03816793893129771
bio anxit cz 0.25mg/10mg tablet,6.825595443939102e-05,0.9317279256442754,0.08396946564885496
bio anxit cz 0.5mg/10mg tablet,6.825595443939102e-05,0.9317279256442754,0.08396946564885496
bio zolam 0.25mg tablet,6.280763361236917e-07,0.6846941943495809,0.015267175572519083
bio zolam 0.5mg tablet,6.280763361236917e-07,0.6846941943495809,0.015267175572519083
bioclock 0.5mg/3mg tablet,2.0704040468144325e-05,0.754189179946652,0.04580152671755725
biodil p 50mg/500mg tablet,3.134616001256474e-05,0.8407929851315288,0.11450381679389313
biodol 37.5mg/325mg tablet,3.134616001256474e-05,0.8407929851315288,0.11450381679389313
biodol t 37.5mg/325mg tablet,3.134616001256474e-05,0.8407929851315288,0.11450381679389313
biokalm 1mg tablet,1.052004745655686e-06,0.7050060737804488,0.030534351145038167
biokalm 2mg tablet,4.422707264527638e-06,0.7177634576580095,0.030534351145038167
biolar 2mg tablet,4.422707264527638e-06,0.7177634576580095,0.030534351145038167
biopam 0.5mg tablet,5.1476376818324204e-05,0.9656712496716,0.04580152671755725
biopose 5mg injection,2.7728151452124645e-05,0.73744399117234,0.030534351145038167
withdrawal symptoms,2.7474821013591455e-06,0.2785557453037326,0.0034868783262984033
biopose 5mg tablet,7.844086586140786e-06,0.7070856043603719,0.030534351145038167
biosar 10mg/1mg tablet,6.013519816155538e-05,0.8662895749862519,0.10687022900763359
biotram 50mg capsule,5.8860647739280435e-06,0.8331696259916888,0.03816793893129771
biotram 50mg injection,5.8860647739280435e-06,0.8331696259916888,0.03816793893129771
biotram pd tablet,1.073315002030881e-05,0.8348095995154818,0.05343511450381679
biotram plus 325 mg/37.5 mg tablet,1.073315002030881e-05,0.8348095995154818,0.05343511450381679
biotrama 50mg injection,5.8860647739280435e-06,0.8331696259916888,0.03816793893129771
biotrany 100mg injection,5.8860647739280435e-06,0.8331696259916888,0.03816793893129771
biotrany-p 37.5mg/325mg tablet,3.134616001256474e-05,0.8407929851315288,0.11450381679389313
biozep forte 0.5mg/10mg tablet,6.825595443939102e-05,0.9317279256442754,0.08396946564885496
biozolam plus 0.25 mg/10 mg tablet,1.6745408863379544e-05,0.7151566249432518,0.061068702290076333
bipnolol d 2.5mg/20mg tablet,1.6745408863379544e-05,0.7151566249432518,0.061068702290076333
biryth 150 tablet,1.1175378050859161e-05,0.7991158779621712,0.030534351145038167
bitalex 100mg injection,5.8860647739280435e-06,0.8331696259916888,0.03816793893129771
bivalex plus 0.5mg/10mg tablet,6.825595443939102e-05,0.9317279256442754,0.08396946564885496
bkdol tablet,3.134616001256474e-05,0.8407929851315288,0.11450381679389313
blispam-lite tablet,6.825595443939102e-05,0.9317279256442754,0.08396946564885496
blispam-plus tablet,6.825595443939102e-05,0.9317279256442754,0.08396946564885496
bliz 0.25mg tablet,6.280763361236917e-07,0.6846941943495809,0.015267175572519083
bliz 0.5mg tablet,6.280763361236917e-07,0.6846941943495809,0.015267175572519083
blown 0.5mg tablet,5.1476376818324204e-05,0.9656712496716,0.04580152671755725
blown ec 0.5mg/10mg tablet,6.825595443939102e-05,0.9317279256442754,0.08396946564885496
blozam 10mg tablet,3.9616768675442404e-05,0.8518346852066435,0.13740458015267176
blozam 20mg tablet,3.9616768675442404e-05,0.8518346852066435,0.13740458015267176
blozam 5mg tablet,3.9616768675442404e-05,0.8518346852066435,0.13740458015267176
bludol 50mg/325mg tablet,3.134616001256474e-05,0.8407929851315288,0.11450381679389313
bocker-c tablet,1.6745408863379544e-05,0.7151566249432518,0.061068702290076333
bolodol 50mg injection,5.8860647739280435e-06,0.8331696259916888,0.03816793893129771
bolodol plus tablet,1.073315002030881e-05,0.8348095995154818,0.05343511450381679
borphen 30mg tablet,0.00016780563172365945,0.977657593758312,0.09923664122137404
borphen 60mg tablet,0.00016780563172365945,0.977657593758312,0.09923664122137404
bourex-d tablet,4.2879673447075457e-05,0.8801181259478011,0.08396946564885496
boxa 15mg tablet,0.00010935424219529099,0.7973823125316364,0.061068702290076333
boze 10mg tablet,3.9616768675442404e-05,0.8518346852066435,0.13740458015267176
boze 5mg tablet,3.9616768675442404e-05,0.8518346852066435,0.13740458015267176
bramadol 100mg injection,5.8860647739280435e-06,0.8331696259916888,0.03816793893129771
bramadol 50mg injection,5.8860647739280435e-06,0.8331696259916888,0.03816793893129771
bren px 400mg/250mg/32.5mg tablet,1.4869415574955766e-05,0.8335475092599591,0.061068702290076333
brisdol 100mg injection,5.8860647739280435e-06,0.8331696259916888,0.03816793893129771
brisdol plus 37.5mg/325mg tablet,3.134616001256474e-05,0.8407929851315288,0.11450381679389313
brispam 0.25mg tablet md,5.1476376818324204e-05,0.9656712496716,0.04580152671755725
brispam 0.5mg tablet md,5.1476376818324204e-05,0.9656712496716,0.04580152671755725
bronolax 4mg/10mg syrup,9.007234941820291e-05,0.9205275899490776,0.061068702290076333
brudex tablet,1.4869415574955766e-05,0.8335475092599591,0.061068702290076333
bupatch 10mcg transdermal patch,8.520906273433554e-05,0.9762726870296592,0.03816793893129771
bupatch 20mcg transdermal patch,8.520906273433554e-05,0.9762726870296592,0.03816793893129771
bupine 0.3mg injection,5.145131322500262e-05,0.8054196187276312,0.08396946564885496
buprene 0.6mg injection,5.145131322500262e-05,0.8054196187276312,0.08396946564885496
bupreplast 10mcg/hr transdermal patch,8.520906273433554e-05,0.9762726870296592,0.03816793893129771
buprigesic 0.3mg injection,5.145131322500262e-05,0.8054196187276312,0.08396946564885496
buprigesic patch 10,8.520906273433554e-05,0.9762726870296592,0.03816793893129771
buprigesic patch 5,8.520906273433554e-05,0.9762726870296592,0.03816793893129771
buprinor 0.3mg injection,5.145131322500262e-05,0.8054196187276312,0.08396946564885496
buprocare 0.2mg tablet,5.145131322500262e-05,0.8054196187276312,0.08396946564885496
buprocare 0.4mg tablet,5.145131322500262e-05,0.8054196187276312,0.08396946564885496
buprocare 1mg tablet,5.145131322500262e-05,0.8054196187276312,0.08396946564885496
buprocare 2mg tablet,5.145131322500262e-05,0.8054196187276312,0.08396946564885496
buvalor 10mg transdermal patch,8.520906273433554e-05,0.9762726870296592,0.03816793893129771
buvalor 20mg transdermal patch,8.520906273433554e-05,0.9762726870296592,0.03816793893129771
buvalor 5mg transdermal patch,8.520906273433554e-05,0.9762726870296592,0.03816793893129771
c baz 10mg tablet,3.9616768675442404e-05,0.8518346852066435,0.13740458015267176
c baz 5mg tablet,3.9616768675442404e-05,0.8518346852066435,0.13740458015267176
c fill 100mg tablet,3.5279823182101205e-05,0.7998114165518242,0.07633587786259542
runny nose,3.0341684977379386e-05,0.29766932582512123,0.00807487612405946
c fill 200mg tablet,3.5279823182101205e-05,0.7998114165518242,0.07633587786259542
c freedo 0.25mg tablet,5.1476376818324204e-05,0.9656712496716,0.04580152671755725
c freedo 0.5mg tablet,5.1476376818324204e-05,0.9656712496716,0.04580152671755725
c kof 4 mg/10 mg syrup,9.007234941820291e-05,0.9205275899490776,0.061068702290076333
c koff syrup,9.007234941820291e-05,0.9205275899490776,0.061068702290076333
c pam 0.25mg tablet,5.1476376818324204e-05,0.9656712496716,0.04580152671755725
c pam 0.5mg tablet,5.1476376818324204e-05,0.9656712496716,0.04580152671755725
c pram s plus 0.25 mg/10 mg tablet,6.825595443939102e-05,0.9317279256442754,0.08396946564885496
c pram s plus 0.5 mg/10 mg tablet,6.825595443939102e-05,0.9317279256442754,0.08396946564885496
c trika 0.25mg tablet,5.1476376818324204e-05,0.9656712496716,0.04580152671755725
c trika 0.5mg tablet,5.1476376818324204e-05,0.9656712496716,0.04580152671755725
c trika 1mg tablet,5.1476376818324204e-05,0.9656712496716,0.04580152671755725
c trika 2mg tablet,5.1476376818324204e-05,0.9656712496716,0.04580152671755725
c-van 1mg tablet,1.052004745655686e-06,0.7050060737804488,0.030534351145038167
c-van 2mg tablet,4.422707264527638e-06,0.7177634576580095,0.030534351145038167
c.r.m linctus cherry,0.00011035088979160709,0.971285122875011,0.061068702290076333
cadicoff lozenges,9.007234941820291e-05,0.9205275899490776,0.061068702290076333
cadistar syrup,9.007234941820291e-05,0.9205275899490776,0.061068702290076333
cadrex syrup,9.007234941820291e-05,0.9205275899490776,0.061068702290076333
calm 0.25mg tablet,6.280763361236917e-07,0.6846941943495809,0.015267175572519083
calm 0.5mg tablet,6.280763361236917e-07,0.6846941943495809,0.015267175572519083
calm 0.5mg tablet md,5.1476376818324204e-05,0.9656712496716,0.04580152671755725
calm 1mg tablet md,5.1476376818324204e-05,0.9656712496716,0.04580152671755725
calm 1mg/10mg tablet,6.013519816155538e-05,0.8662895749862519,0.10687022900763359
calm 2mg tablet md,5.1476376818324204e-05,0.9656712496716,0.04580152671755725
calm beta 10 mg tablet,1.6745408863379544e-05,0.7151566249432518,0.061068702290076333
calm beta 20 mg tablet,1.6745408863379544e-05,0.7151566249432518,0.061068702290076333
calm beta 40 mg tablet,1.6745408863379544e-05,0.7151566249432518,0.061068702290076333
calm spas tablet,4.2879673447075457e-05,0.8801181259478011,0.08396946564885496
calmbeta 20 tablet,1.6745408863379544e-05,0.7151566249432518,0.061068702290076333
calmef 0.5mg tablet,6.280763361236917e-07,0.6846941943495809,0.015267175572519083
calmese 1mg tablet,1.052004745655686e-06,0.7050060737804488,0.030534351145038167
calmese 2mg injection,2.434387856025367e-05,0.8697058127612588,0.04580152671755725
calmese 2mg tablet,4.422707264527638e-06,0.7177634576580095,0.030534351145038167
calmnir 0.25mg tablet md,5.1476376818324204e-05,0.9656712496716,0.04580152671755725
calmnir 0.5mg tablet md,5.1476376818324204e-05,0.9656712496716,0.04580152671755725
calmod 5mg tablet,7.844086586140786e-06,0.7070856043603719,0.030534351145038167
calmpain 50mg injection,5.8860647739280435e-06,0.8331696259916888,0.03816793893129771
calmpax es tablet,6.825595443939102e-05,0.9317279256442754,0.08396946564885496
calmpax-p tablet,1.6745408863379544e-05,0.7151566249432518,0.061068702290076333
calmpose 10mg injection,2.7728151452124645e-05,0.73744399117234,0.030534351145038167
calmpose 5mg injection,2.7728151452124645e-05,0.73744399117234,0.030534351145038167
calmpose 5mg tablet,7.844086586140786e-06,0.7070856043603719,0.030534351145038167
calmstay 0.25mg tablet,5.1476376818324204e-05,0.9656712496716,0.04580152671755725
calmstay 0.5mg tablet,5.1476376818324204e-05,0.9656712496716,0.04580152671755725
calmstay 1mg tablet,5.1476376818324204e-05,0.9656712496716,0.04580152671755725
calmtack 10mg injection,2.7728151452124645e-05,0.73744399117234,0.030534351145038167
calmtec-p 0.25mg/20mg tablet,1.6745408863379544e-05,0.7151566249432518,0.061068702290076333
calmtech 10mg/1mg tablet,6.013519816155538e-05,0.8662895749862519,0.10687022900763359
calmtra 10mg tablet,4.204496272169002e-05,0.917006237006237,0.04580152671755725
calmwin 0.5mg tablet,5.1476376818324204e-05,0.9656712496716,0.04580152671755725
calmwin plus 0.5mg/10mg tablet,6.825595443939102e-05,0.9317279256442754,0.08396946564885496
calmzee-c forte tablet,1.602404439539721e-05,0.800508166969147,0.0916030534351145
calmzee-c tablet,1.602404439539721e-05,0.800508166969147,0.0916030534351145
calpol t  tablet,1.073315002030881e-05,0.8348095995154818,0.05343511450381679
cam plus 0.25mg/20mg tablet,1.6745408863379544e-05,0.7151566249432518,0.061068702290076333
camadol 100mg injection,5.8860647739280435e-06,0.8331696259916888,0.03816793893129771
cambidol 50mg tablet,5.8860647739280435e-06,0.8331696259916888,0.03816793893129771
camdem 0.5mg/5mg tablet,6.825595443939102e-05,0.9317279256442754,0.08396946564885496
camdem 10mg tablet,6.825595443939102e-05,0.9317279256442754,0.08396946564885496
cardilax 0.25mg/20mg tablet,1.6745408863379544e-05,0.7151566249432518,0.061068702290076333
cardimol cp 0.5 mg/20 mg tablet,1.6745408863379544e-05,0.7151566249432518,0.061068702290076333
cardimol cph 0.25 mg/20 mg tablet,1.6745408863379544e-05,0.7151566249432518,0.061068702290076333
carion 4 mg/10 mg syrup,9.007234941820291e-05,0.9205275899490776,0.061068702290076333
carisoma compound  tablet,0.00015083543316207288,0.9723128471916057,0.03816793893129771
carmez 0.25mg tablet,5.1476376818324204e-05,0.9656712496716,0.04580152671755725
cascorin syrup,9.007234941820291e-05,0.9205275899490776,0.061068702290076333
casdol p 37.5mg/325mg tablet,3.134616001256474e-05,0.8407929851315288,0.11450381679389313
caspa 0.25mg tablet,5.1476376818324204e-05,0.9656712496716,0.04580152671755725
caspa 0.5mg tablet,5.1476376818324204e-05,0.9656712496716,0.04580152671755725
caspa 2mg tablet,5.1476376818324204e-05,0.9656712496716,0.04580152671755725
catier 0.25mg tablet,5.1476376818324204e-05,0.9656712496716,0.04580152671755725
catier 0.5mg tablet,5.1476376818324204e-05,0.9656712496716,0.04580152671755725
catier 1mg tablet,5.1476376818324204e-05,0.9656712496716,0.04580152671755725
cax 25mg tablet,9.819845268302474e-05,0.9658404134185863,0.061068702290076333
caxpam forte 0.5mg/10mg tablet,6.825595443939102e-05,0.9317279256442754,0.08396946564885496
caybutyl 650 mg/65 mg tablet,4.530473585561955e-06,0.8000435318871073,0.030534351145038167
cazin 0.25mg tablet md,5.1476376818324204e-05,0.9656712496716,0.04580152671755725
cazin-md 0.5 tablet,5.1476376818324204e-05,0.9656712496716,0.04580152671755725
cazin-md 2 tablet,5.1476376818324204e-05,0.9656712496716,0.04580152671755725
ccd 2.5mg/5mg/10mg tablet,4.2879673447075457e-05,0.8801181259478011,0.08396946564885496
cdcon 10mg tablet,9.819845268302474e-05,0.9658404134185863,0.061068702290076333
cdcon 20mg tablet,9.819845268302474e-05,0.9658404134185863,0.061068702290076333
cdprex 10mg tablet,9.819845268302474e-05,0.9658404134185863,0.061068702290076333
cdprex 25mg tablet,9.819845268302474e-05,0.9658404134185863,0.061068702290076333
cdprex 5mg tablet,9.819845268302474e-05,0.9658404134185863,0.061068702290076333
cebrum 10mg tablet,9.819845268302474e-05,0.9658404134185863,0.061068702290076333
cebrum 25mg tablet,9.819845268302474e-05,0.9658404134185863,0.061068702290076333
cedo t syrup,9.007234941820291e-05,0.9205275899490776,0.061068702290076333
ceerex syrup,9.007234941820291e-05,0.9205275899490776,0.061068702290076333
celia 0.5mg/10mg tablet,6.825595443939102e-05,0.9317279256442754,0.08396946564885496
celonz 0.5mg tablet,5.1476376818324204e-05,0.9656712496716,0.04580152671755725
celonz plus 0.5mg/10mg tablet,6.825595443939102e-05,0.9317279256442754,0.08396946564885496
celor hd 0.25mg/5mg tablet,6.825595443939102e-05,0.9317279256442754,0.08396946564885496
celor plus 0.5 mg/10 mg tablet,6.825595443939102e-05,0.9317279256442754,0.08396946564885496
cemadol 100mg injection,5.8860647739280435e-06,0.8331696259916888,0.03816793893129771
cemadol 100mg tablet,5.8860647739280435e-06,0.8331696259916888,0.03816793893129771
cemadol 50mg injection,5.8860647739280435e-06,0.8331696259916888,0.03816793893129771
cemadol 50mg tablet,5.8860647739280435e-06,0.8331696259916888,0.03816793893129771
cenact p 50mg/325mg tablet,3.134616001256474e-05,0.8407929851315288,0.11450381679389313
cenaze 0.25mg tablet md,5.1476376818324204e-05,0.9656712496716,0.04580152671755725
cenaze 0.5mg tablet md,5.1476376818324204e-05,0.9656712496716,0.04580152671755725
cenaze 1mg tablet md,5.1476376818324204e-05,0.9656712496716,0.04580152671755725
cendol effervescent tablet,1.073315002030881e-05,0.8348095995154818,0.05343511450381679
censir forte 0.5mg/50mg tablet,6.825595443939102e-05,0.9317279256442754,0.08396946564885496
censof 10mg/1mg tablet,6.013519816155538e-05,0.8662895749862519,0.10687022900763359
censpram lite tablet,6.825595443939102e-05,0.9317279256442754,0.08396946564885496
censpram plus tablet,6.825595443939102e-05,0.9317279256442754,0.08396946564885496
centra p 325 mg/37.5 mg tablet,1.073315002030881e-05,0.8348095995154818,0.05343511450381679
centradol 100mg injection,5.8860647739280435e-06,0.8331696259916888,0.03816793893129771
cerekul 1 mg/10 mg tablet,6.013519816155538e-05,0.8662895749862519,0.10687022900763359
cergo 0.5 mg tablet md,5.1476376818324204e-05,0.9656712496716,0.04580152671755725
cerpam 1mg tablet,1.052004745655686e-06,0.7050060737804488,0.030534351145038167
cesopram 0.5mg/10mg tablet,6.825595443939102e-05,0.9317279256442754,0.08396946564885496
cetadol 50mg/500mg tablet,3.134616001256474e-05,0.8407929851315288,0.11450381679389313
cetapam 0.5mg/10mg tablet,6.825595443939102e-05,0.9317279256442754,0.08396946564885496
ceyox 0.5mg tablet md,5.1476376818324204e-05,0.9656712496716,0.04580152671755725
cezotrip h 12.5mg/5mg tablet,1.602404439539721e-05,0.800508166969147,0.0916030534351145
cezpro 0.25mg tablet,5.1476376818324204e-05,0.9656712496716,0.04580152671755725
cezur 0.5mg tablet,5.1476376818324204e-05,0.9656712496716,0.04580152671755725
cg-mac 50mg tablet,5.8860647739280435e-06,0.8331696259916888,0.03816793893129771
cgmac 50mg tablet,5.8860647739280435e-06,0.8331696259916888,0.03816793893129771
cgmac p 37.5mg/325mg tablet,3.134616001256474e-05,0.8407929851315288,0.11450381679389313
checkspas tablet,4.2879673447075457e-05,0.8801181259478011,0.08396946564885496
cheercet-lite tablet,6.825595443939102e-05,0.9317279256442754,0.08396946564885496
childryl syrup,0.00011035088979160709,0.971285122875011,0.061068702290076333
chloramit 25mg/10mg tablet,1.602404439539721e-05,0.800508166969147,0.0916030534351145
chloramit h 12.5mg/5mg tablet,1.602404439539721e-05,0.800508166969147,0.0916030534351145
chlordize 10 tablet,9.819845268302474e-05,0.9658404134185863,0.061068702290076333
chlordize 25 tablet,9.819845268302474e-05,0.9658404134185863,0.061068702290076333
chlordize plus 5mg/1mg tablet,6.013519816155538e-05,0.8662895749862519,0.10687022900763359
chlorest ah 25mg/10mg tablet,1.602404439539721e-05,0.800508166969147,0.0916030534351145
chlormat 10mg tablet,9.819845268302474e-05,0.9658404134185863,0.061068702290076333
chlormit h tablet,1.602404439539721e-05,0.800508166969147,0.0916030534351145
chlormit tablet,1.602404439539721e-05,0.800508166969147,0.0916030534351145
chlorx 10mg tablet,9.819845268302474e-05,0.9658404134185863,0.061068702290076333
chlosan 25mg tablet,9.819845268302474e-05,0.9658404134185863,0.061068702290076333
chlosan forte 2.5mg/5mg/10mg tablet,4.2879673447075457e-05,0.8801181259478011,0.08396946564885496
chlosan plus 5mg/2.5mg tablet,3.208398501504382e-05,0.8742567192579085,0.07633587786259542
chlotrip 12.5mg/5mg tablet,1.602404439539721e-05,0.800508166969147,0.0916030534351145
chlotrip ds 25mg/10mg tablet,1.602404439539721e-05,0.800508166969147,0.0916030534351145
chlozep 1 mg/10 mg tablet,6.013519816155538e-05,0.8662895749862519,0.10687022900763359
chlozep plus 10 mg/1 mg/2 mg tablet,8.719767304795018e-05,0.8709422636442619,0.12213740458015267
chupp c 4mg/10mg syrup,9.007234941820291e-05,0.9205275899490776,0.061068702290076333
ciaz-sr 100 tablet,5.8860647739280435e-06,0.8331696259916888,0.03816793893129771
cibiriv tablet,4.2879673447075457e-05,0.8801181259478011,0.08396946564885496
cibis  tablet,4.2879673447075457e-05,0.8801181259478011,0.08396946564885496
cilapam forte tablet,6.825595443939102e-05,0.9317279256442754,0.08396946564885496
cilapam h 0.25 mg/5 mg tablet,6.825595443939102e-05,0.9317279256442754,0.08396946564885496
cilapam ls 0.25 mg/10 mg tablet,6.825595443939102e-05,0.9317279256442754,0.08396946564885496
cilapam ls 0.25mg/10mg tablet,6.825595443939102e-05,0.9317279256442754,0.08396946564885496
cilapam plus 0.5mg/5mg tablet,6.825595443939102e-05,0.9317279256442754,0.08396946564885496
cilapam plus tablet,6.825595443939102e-05,0.9317279256442754,0.08396946564885496
cilapam-ls 5 tablet,6.825595443939102e-05,0.9317279256442754,0.08396946564885496
cilentra plus 5 tablet,6.825595443939102e-05,0.9317279256442754,0.08396946564885496
cilentra plus lite tablet,6.825595443939102e-05,0.9317279256442754,0.08396946564885496
cilentra plus tablet,6.825595443939102e-05,0.9317279256442754,0.08396946564885496
cinipox 5mg/2.5mg tablet,3.208398501504382e-05,0.8742567192579085,0.07633587786259542
cinzep 0.5mg tablet,5.1476376818324204e-05,0.9656712496716,0.04580152671755725
cipradep lite 0.25mg/10mg tablet,6.825595443939102e-05,0.9317279256442754,0.08396946564885496
cipradep plus tablet,6.825595443939102e-05,0.9317279256442754,0.08396946564885496
cipradep-ls tablet,6.825595443939102e-05,0.9317279256442754,0.08396946564885496
ciprex c tablet,6.825595443939102e-05,0.9317279256442754,0.08396946564885496
cirazam 5mg tablet,3.9616768675442404e-05,0.8518346852066435,0.13740458015267176
cirocod 4mg/10mg linctus,9.007234941820291e-05,0.9205275899490776,0.061068702290076333
cit forte 0.5mg/10mg tablet,6.825595443939102e-05,0.9317279256442754,0.08396946564885496
cita s forte 0.5mg/10mg tablet,6.825595443939102e-05,0.9317279256442754,0.08396946564885496
cita s plus 0.25mg/5mg tablet,6.825595443939102e-05,0.9317279256442754,0.08396946564885496
citacross 0.5mg/10mg tablet,6.825595443939102e-05,0.9317279256442754,0.08396946564885496
citadep plus 0.5mg/5mg tablet,6.825595443939102e-05,0.9317279256442754,0.08396946564885496
citafeel forte 0.5mg/10mg tablet,6.825595443939102e-05,0.9317279256442754,0.08396946564885496
citaford s plus tablet,6.825595443939102e-05,0.9317279256442754,0.08396946564885496
citaford-s plus tablet,6.825595443939102e-05,0.9317279256442754,0.08396946564885496
citajoy c 0.5 mg/10 mg tablet,6.825595443939102e-05,0.9317279256442754,0.08396946564885496
citajoy c 0.5 mg/5 mg tablet,6.825595443939102e-05,0.9317279256442754,0.08396946564885496
citalin forte tablet,6.825595443939102e-05,0.9317279256442754,0.08396946564885496
citalin lite tablet,6.825595443939102e-05,0.9317279256442754,0.08396946564885496
citalin plus tablet,6.825595443939102e-05,0.9317279256442754,0.08396946564885496
citalviz plus 0.5mg/10mg tablet,6.825595443939102e-05,0.9317279256442754,0.08396946564885496
citapure plus tablet,6.825595443939102e-05,0.9317279256442754,0.08396946564885496
citcodec fort 0.25mg/20mg tablet,1.6745408863379544e-05,0.7151566249432518,0.061068702290076333
citcodec p 0.25mg/20mg tablet,6.825595443939102e-05,0.9317279256442754,0.08396946564885496
citofast x 0.5 mg/10 mg tablet,6.825595443939102e-05,0.9317279256442754,0.08396946564885496
citograph lite 0.25mg/10mg tablet,6.825595443939102e-05,0.9317279256442754,0.08396946564885496
citograph plus 0.5mg/10mg tablet,6.825595443939102e-05,0.9317279256442754,0.08396946564885496
citolex plus 0.5mg/10mg tablet,6.825595443939102e-05,0.9317279256442754,0.08396946564885496
citonin plus 0.5mg/10mg tablet,6.825595443939102e-05,0.9317279256442754,0.08396946564885496
citpam 0.5mg/10mg tablet,6.825595443939102e-05,0.9317279256442754,0.08396946564885496
cizaspa-x tablet,5.823643848773817e-05,0.9423980856337065,0.061068702290076333
cizipam 0.25mg tablet,5.1476376818324204e-05,0.9656712496716,0.04580152671755725
cizipam 0.5mg tablet,5.1476376818324204e-05,0.9656712496716,0.04580152671755725
clam 0.25mg tablet,5.1476376818324204e-05,0.9656712496716,0.04580152671755725
clam 0.5mg tablet,5.1476376818324204e-05,0.9656712496716,0.04580152671755725
clampose 5mg tablet,7.844086586140786e-06,0.7070856043603719,0.030534351145038167
clampose injection,2.7728151452124645e-05,0.73744399117234,0.030534351145038167
clanxit 0.5 tablet md,5.1476376818324204e-05,0.9656712496716,0.04580152671755725
clanz 0.25mg tablet,5.1476376818324204e-05,0.9656712496716,0.04580152671755725
clanz 0.5mg tablet,5.1476376818324204e-05,0.9656712496716,0.04580152671755725
clanz 1mg tablet,5.1476376818324204e-05,0.9656712496716,0.04580152671755725
clanz 2mg tablet,5.1476376818324204e-05,0.9656712496716,0.04580152671755725
clap 0.5mg tablet,5.1476376818324204e-05,0.9656712496716,0.04580152671755725
clapy 0.25mg tablet md,5.1476376818324204e-05,0.9656712496716,0.04580152671755725
claz 0.5mg tablet,5.1476376818324204e-05,0.9656712496716,0.04580152671755725
clb 5mg tablet,3.9616768675442404e-05,0.8518346852066435,0.13740458015267176
cleps 0.5mg tablet,5.1476376818324204e-05,0.9656712496716,0.04580152671755725
clez 0.5mg tablet,5.1476376818324204e-05,0.9656712496716,0.04580152671755725
clh 0.5mg tablet md,5.1476376818324204e-05,0.9656712496716,0.04580152671755725
clibtab 5mg/2.5mg tablet,3.208398501504382e-05,0.8742567192579085,0.07633587786259542
clibtab d 2.5mg/5mg/10mg tablet,4.2879673447075457e-05,0.8801181259478011,0.08396946564885496
clidinorm 135mg/5mg tablet,5.823643848773817e-05,0.9423980856337065,0.061068702290076333
clidopil 5 mg/2.5 mg tablet,3.208398501504382e-05,0.8742567192579085,0.07633587786259542
clidore 5mg/2.5mg tablet,3.208398501504382e-05,0.8742567192579085,0.07633587786259542
clidox 2.5 mg/5 mg/10 mg tablet,4.2879673447075457e-05,0.8801181259478011,0.08396946564885496
clidox m 5 mg/2.5 mg tablet,3.208398501504382e-05,0.8742567192579085,0.07633587786259542
clifpred 4mg tablet,7.41249798400105e-07,0.55082671462111,0.030534351145038167
clion 10mg tablet,3.9616768675442404e-05,0.8518346852066435,0.13740458015267176
clion 5 tablet md,3.9616768675442404e-05,0.8518346852066435,0.13740458015267176
clipoxt 2.5mg/5mg/10mg tablet,4.2879673447075457e-05,0.8801181259478011,0.08396946564885496
clirax 5mg/2.5mg tablet,3.208398501504382e-05,0.8742567192579085,0.07633587786259542
clirax d tablet,4.2879673447075457e-05,0.8801181259478011,0.08396946564885496
clistar 2.5 mg/5 mg/10 mg tablet,4.2879673447075457e-05,0.8801181259478011,0.08396946564885496
clistar rt tablet,0.00031180212413533116,0.9589529524306462,0.0916030534351145
muscle pain,5.355715597191317e-09,0.3343484626647145,0.00036703982382088455
clistar-m tablet,5.823643848773817e-05,0.9423980856337065,0.061068702290076333
clistarm tablet,5.823643848773817e-05,0.9423980856337065,0.061068702290076333
clo 0.25mg tablet md,5.1476376818324204e-05,0.9656712496716,0.04580152671755725
clo 0.5mg tablet md,5.1476376818324204e-05,0.9656712496716,0.04580152671755725
cloam 0.5mg tablet,3.9616768675442404e-05,0.8518346852066435,0.13740458015267176
cloam 2mg tablet,3.9616768675442404e-05,0.8518346852066435,0.13740458015267176
cloanxit 1 tablet dt,5.1476376818324204e-05,0.9656712496716,0.04580152671755725
cloba 10 tablet,3.9616768675442404e-05,0.8518346852066435,0.13740458015267176
cloba 20mg tablet,3.9616768675442404e-05,0.8518346852066435,0.13740458015267176
cloba 5 tablet,3.9616768675442404e-05,0.8518346852066435,0.13740458015267176
cloba mt 10mg tablet,3.9616768675442404e-05,0.8518346852066435,0.13740458015267176
cloba mt 2.5 tablet md,3.9616768675442404e-05,0.8518346852066435,0.13740458015267176
cloba mt 5mg tablet,3.9616768675442404e-05,0.8518346852066435,0.13740458015267176
cloba suspension supreme banana,3.9616768675442404e-05,0.8518346852066435,0.13740458015267176
clobacare 10mg tablet,3.9616768675442404e-05,0.8518346852066435,0.13740458015267176
clobacare 5mg tablet,3.9616768675442404e-05,0.8518346852066435,0.13740458015267176
clobaday 20mg tablet,3.9616768675442404e-05,0.8518346852066435,0.13740458015267176
clobaday 5mg tablet,3.9616768675442404e-05,0.8518346852066435,0.13740458015267176
clobafit 10 tablet,3.9616768675442404e-05,0.8518346852066435,0.13740458015267176
clobafit 5 tablet,3.9616768675442404e-05,0.8518346852066435,0.13740458015267176
clobakem 10mg tablet,3.9616768675442404e-05,0.8518346852066435,0.13740458015267176
clobakem 5mg tablet,3.9616768675442404e-05,0.8518346852066435,0.13740458015267176
clobakon 10mg tablet,3.9616768675442404e-05,0.8518346852066435,0.13740458015267176
clobakon 5mg tablet,3.9616768675442404e-05,0.8518346852066435,0.13740458015267176
clobalyf 10 tablet md,3.9616768675442404e-05,0.8518346852066435,0.13740458015267176
clobalyf 5 tablet md,3.9616768675442404e-05,0.8518346852066435,0.13740458015267176
clobamet 10 tablet,3.9616768675442404e-05,0.8518346852066435,0.13740458015267176
clobanig 10mg tablet,3.9616768675442404e-05,0.8518346852066435,0.13740458015267176
clobanil 10mg tablet,3.9616768675442404e-05,0.8518346852066435,0.13740458015267176
clobanil 5mg tablet,3.9616768675442404e-05,0.8518346852066435,0.13740458015267176
clobastar 10mg tablet,3.9616768675442404e-05,0.8518346852066435,0.13740458015267176
clobastar 5mg tablet,3.9616768675442404e-05,0.8518346852066435,0.13740458015267176
clobator 10mg tablet,3.9616768675442404e-05,0.8518346852066435,0.13740458015267176
clobator 20mg tablet,3.9616768675442404e-05,0.8518346852066435,0.13740458015267176
clobator 5mg tablet,3.9616768675442404e-05,0.8518346852066435,0.13740458015267176
clobaz 5mg tablet,3.9616768675442404e-05,0.8518346852066435,0.13740458015267176
clobazaa 10mg tablet,3.9616768675442404e-05,0.8518346852066435,0.13740458015267176
clobazaa 5mg tablet,3.9616768675442404e-05,0.8518346852066435,0.13740458015267176
clobazap 10mg tablet,3.9616768675442404e-05,0.8518346852066435,0.13740458015267176
clobazap 5mg tablet,3.9616768675442404e-05,0.8518346852066435,0.13740458015267176
clobazed 10mg tablet,3.9616768675442404e-05,0.8518346852066435,0.13740458015267176
clobe 10 tablet,3.9616768675442404e-05,0.8518346852066435,0.13740458015267176
clobe 5 tablet,3.9616768675442404e-05,0.8518346852066435,0.13740458015267176
clobex 10 tablet,3.9616768675442404e-05,0.8518346852066435,0.13740458015267176
clobium 10mg tablet,3.9616768675442404e-05,0.8518346852066435,0.13740458015267176
clobium 5mg tablet,3.9616768675442404e-05,0.8518346852066435,0.13740458015267176
clobium suspension,3.9616768675442404e-05,0.8518346852066435,0.13740458015267176
clobius 5mg tablet,3.9616768675442404e-05,0.8518346852066435,0.13740458015267176
cloblus 10mg tablet,3.9616768675442404e-05,0.8518346852066435,0.13740458015267176
cloblus 5mg tablet,3.9616768675442404e-05,0.8518346852066435,0.13740458015267176
clobon 10mg tablet,3.9616768675442404e-05,0.8518346852066435,0.13740458015267176
clocalm 0.25mg tablet,5.1476376818324204e-05,0.9656712496716,0.04580152671755725
clocalm 0.5mg tablet,5.1476376818324204e-05,0.9656712496716,0.04580152671755725
clocalm 1mg tablet,5.1476376818324204e-05,0.9656712496716,0.04580152671755725
clocalm 2mg tablet,5.1476376818324204e-05,0.9656712496716,0.04580152671755725
clocalm plus 0.5mg/5mg tablet,6.825595443939102e-05,0.9317279256442754,0.08396946564885496
clocest 0.5mg tablet md,5.1476376818324204e-05,0.9656712496716,0.04580152671755725
clocest 2mg tablet md,5.1476376818324204e-05,0.9656712496716,0.04580152671755725
clocit 0.5mg/10mg tablet,6.825595443939102e-05,0.9317279256442754,0.08396946564885496
clocit 0.5mg/5mg tablet,6.825595443939102e-05,0.9317279256442754,0.08396946564885496
clocit l 0.25mg/5mg tablet,6.825595443939102e-05,0.9317279256442754,0.08396946564885496
cloclo 0.5 tablet,5.1476376818324204e-05,0.9656712496716,0.04580152671755725
clodep 0.25mg tablet md,5.1476376818324204e-05,0.9656712496716,0.04580152671755725
clodep 0.5mg tablet md,5.1476376818324204e-05,0.9656712496716,0.04580152671755725
clodep 1mg tablet md,5.1476376818324204e-05,0.9656712496716,0.04580152671755725
clodep plus 0.5 mg/10 mg tablet,6.825595443939102e-05,0.9317279256442754,0.08396946564885496
clodep plus h 0.25 mg/10 mg tablet,6.825595443939102e-05,0.9317279256442754,0.08396946564885496
clodiaz plus 10mg/1mg tablet,6.013519816155538e-05,0.8662895749862519,0.10687022900763359
clodipam 0.5mg/10mg tablet,6.825595443939102e-05,0.9317279256442754,0.08396946564885496
clodus 5mg tablet,3.9616768675442404e-05,0.8518346852066435,0.13740458015267176
cloford 0.5mg tablet,5.1476376818324204e-05,0.9656712496716,0.04580152671755725
clogaba 10mg tablet,3.9616768675442404e-05,0.8518346852066435,0.13740458015267176
clogaba 5mg tablet,3.9616768675442404e-05,0.8518346852066435,0.13740458015267176
clogen plus 0.5mg/20mg tablet,1.6745408863379544e-05,0.7151566249432518,0.061068702290076333
clogigo 10mg tablet,3.9616768675442404e-05,0.8518346852066435,0.13740458015267176
clogis 0.25mg tablet,5.1476376818324204e-05,0.9656712496716,0.04580152671755725
clogis 0.5mg tablet,5.1476376818324204e-05,0.9656712496716,0.04580152671755725
clogis 1mg tablet,5.1476376818324204e-05,0.9656712496716,0.04580152671755725
clogis 2mg tablet,5.1476376818324204e-05,0.9656712496716,0.04580152671755725
clojoy 10 tablet,3.9616768675442404e-05,0.8518346852066435,0.13740458015267176
clojoy 5mg tablet,3.9616768675442404e-05,0.8518346852066435,0.13740458015267176
cloma 0.25mg tablet,5.1476376818324204e-05,0.9656712496716,0.04580152671755725
cloma 10mg tablet,3.9616768675442404e-05,0.8518346852066435,0.13740458015267176
cloma 1mg tablet,5.1476376818324204e-05,0.9656712496716,0.04580152671755725
cloma 5mg tablet,3.9616768675442404e-05,0.8518346852066435,0.13740458015267176
clomed es 0.5mg/10mg tablet,6.825595443939102e-05,0.9317279256442754,0.08396946564885496
clomid 0.25 tablet,5.1476376818324204e-05,0.9656712496716,0.04580152671755725
clomid 0.50 tablet,5.1476376818324204e-05,0.9656712496716,0.04580152671755725
clon 0.25mg tablet md,5.1476376818324204e-05,0.9656712496716,0.04580152671755725
clon 0.5mg tablet,5.1476376818324204e-05,0.9656712496716,0.04580152671755725
clon 1mg tablet,5.1476376818324204e-05,0.9656712496716,0.04580152671755725
clona 0.5mg tablet,5.1476376818324204e-05,0.9656712496716,0.04580152671755725
clonab plus 0.5mg/10mg tablet,6.825595443939102e-05,0.9317279256442754,0.08396946564885496
clonabeta 0.25mg tablet,5.1476376818324204e-05,0.9656712496716,0.04580152671755725
clonabeta 0.5mg tablet,5.1476376818324204e-05,0.9656712496716,0.04580152671755725
clonabeta 1mg tablet,5.1476376818324204e-05,0.9656712496716,0.04580152671755725
clonabris 0.25 tablet dt,5.1476376818324204e-05,0.9656712496716,0.04580152671755725
clonabris 0.5 tablet dt,5.1476376818324204e-05,0.9656712496716,0.04580152671755725
clonacare ap 0.25mg/20mg tablet,1.6745408863379544e-05,0.7151566249432518,0.061068702290076333
clonacare ec 0.5mg/10mg tablet,6.825595443939102e-05,0.9317279256442754,0.08396946564885496
clonadel 0.5mg tablet,5.1476376818324204e-05,0.9656712496716,0.04580152671755725
clonafit 0.25mg tablet,5.1476376818324204e-05,0.9656712496716,0.04580152671755725
clonafit 0.5 md tablet,5.1476376818324204e-05,0.9656712496716,0.04580152671755725
clonafit beta  tablet,1.6745408863379544e-05,0.7151566249432518,0.061068702290076333
clonafit plus  tablet,6.825595443939102e-05,0.9317279256442754,0.08396946564885496
clonage 0.5mg tablet,5.1476376818324204e-05,0.9656712496716,0.04580152671755725
clonage-s tablet,6.825595443939102e-05,0.9317279256442754,0.08396946564885496
clonajob plus 0.5mg/10mg tablet,6.825595443939102e-05,0.9317279256442754,0.08396946564885496
clonam ir 0.25mg tablet md,5.1476376818324204e-05,0.9656712496716,0.04580152671755725
clonam ir 1mg tablet md,5.1476376818324204e-05,0.9656712496716,0.04580152671755725
clonam ir 2mg tablet md,5.1476376818324204e-05,0.9656712496716,0.04580152671755725
clonam-ir 0.5 tablet md,5.1476376818324204e-05,0.9656712496716,0.04580152671755725
clonam-ir 0.5mg tablet,5.1476376818324204e-05,0.9656712496716,0.04580152671755725
clonam-ir 1mg tablet,5.1476376818324204e-05,0.9656712496716,0.04580152671755725
clonam-ir 2mg tablet,5.1476376818324204e-05,0.9656712496716,0.04580152671755725
clonamax 0.5mg tablet md,5.1476376818324204e-05,0.9656712496716,0.04580152671755725
clonamir 0.5mg tablet,5.1476376818324204e-05,0.9656712496716,0.04580152671755725
clonamust 0.5mg tablet,5.1476376818324204e-05,0.9656712496716,0.04580152671755725
clonanza 0.25mg tablet,5.1476376818324204e-05,0.9656712496716,0.04580152671755725
clonanza 0.5mg tablet,5.1476376818324204e-05,0.9656712496716,0.04580152671755725
clonanza plus 0.5mg/10mg tablet,6.825595443939102e-05,0.9317279256442754,0.08396946564885496
clonaone 0.25mg tablet md,5.1476376818324204e-05,0.9656712496716,0.04580152671755725
clonaone 0.5mg tablet md,5.1476376818324204e-05,0.9656712496716,0.04580152671755725
clonapax 0.25mg tablet md,5.1476376818324204e-05,0.9656712496716,0.04580152671755725
clonapax 0.5mg tablet,5.1476376818324204e-05,0.9656712496716,0.04580152671755725
clonapax 0.5mg tablet md,5.1476376818324204e-05,0.9656712496716,0.04580152671755725
clonapax 1mg tablet,5.1476376818324204e-05,0.9656712496716,0.04580152671755725
clonapax 1mg tablet md,5.1476376818324204e-05,0.9656712496716,0.04580152671755725
clonapax 2mg tablet md,5.1476376818324204e-05,0.9656712496716,0.04580152671755725
clonapax p 0.5mg/20mg tablet,1.6745408863379544e-05,0.7151566249432518,0.061068702290076333
clonapik 0.25mg tablet,5.1476376818324204e-05,0.9656712496716,0.04580152671755725
clonapik 0.5mg tablet,5.1476376818324204e-05,0.9656712496716,0.04580152671755725
clonapik 2mg tablet,5.1476376818324204e-05,0.9656712496716,0.04580152671755725
clonapril tablet dt,5.1476376818324204e-05,0.9656712496716,0.04580152671755725
clonaprix-ds tablet cr,6.825595443939102e-05,0.9317279256442754,0.08396946564885496
clonaprix-ls tablet cr,6.825595443939102e-05,0.9317279256442754,0.08396946564885496
clonapsy 0.25mg tablet md,5.1476376818324204e-05,0.9656712496716,0.04580152671755725
clonapsy 0.5mg tablet md,5.1476376818324204e-05,0.9656712496716,0.04580152671755725
clonar 0.5mg tablet,5.1476376818324204e-05,0.9656712496716,0.04580152671755725
clonarest 0.25mg tablet,5.1476376818324204e-05,0.9656712496716,0.04580152671755725
clonarest 0.5mg tablet,5.1476376818324204e-05,0.9656712496716,0.04580152671755725
clonarest-e tablet,6.825595443939102e-05,0.9317279256442754,0.08396946564885496
clonarey 0.5mg tablet,5.1476376818324204e-05,0.9656712496716,0.04580152671755725
clonarey 2mg tablet,5.1476376818324204e-05,0.9656712496716,0.04580152671755725
clonaric 0.5mg tablet,5.1476376818324204e-05,0.9656712496716,0.04580152671755725
clonaril 0.25mg tablet,5.1476376818324204e-05,0.9656712496716,0.04580152671755725
clonariv 0.5mg tablet,5.1476376818324204e-05,0.9656712496716,0.04580152671755725
clonark 0.5mg tablet md,5.1476376818324204e-05,0.9656712496716,0.04580152671755725
clonasig 0.25mg tablet,5.1476376818324204e-05,0.9656712496716,0.04580152671755725
clonasig 0.5mg tablet,5.1476376818324204e-05,0.9656712496716,0.04580152671755725
clonasig plus tablet,6.825595443939102e-05,0.9317279256442754,0.08396946564885496
clonatrac 0.5mg tablet,5.1476376818324204e-05,0.9656712496716,0.04580152671755725
clonatrix 0.5mg tablet,5.1476376818324204e-05,0.9656712496716,0.04580152671755725
clonatrix 1mg tablet,5.1476376818324204e-05,0.9656712496716,0.04580152671755725
clonatrix 2 tablet,5.1476376818324204e-05,0.9656712496716,0.04580152671755725
clonav 0.5mg tablet,5.1476376818324204e-05,0.9656712496716,0.04580152671755725
clonavish 0.25 tablet md,5.1476376818324204e-05,0.9656712496716,0.04580152671755725
clonavish 0.5mg tablet md,5.1476376818324204e-05,0.9656712496716,0.04580152671755725
clonaviz 0.25 tablet,5.1476376818324204e-05,0.9656712496716,0.04580152671755725
clonaviz 0.5 tablet,5.1476376818324204e-05,0.9656712496716,0.04580152671755725
clonaviz-plus tablet,6.825595443939102e-05,0.9317279256442754,0.08396946564885496
clonax 0.25mg tablet,5.1476376818324204e-05,0.9656712496716,0.04580152671755725
clonax 0.5mg tablet,5.1476376818324204e-05,0.9656712496716,0.04580152671755725
clonax 0.5mg tablet md,5.1476376818324204e-05,0.9656712496716,0.04580152671755725
clonax 1mg tablet,5.1476376818324204e-05,0.9656712496716,0.04580152671755725
clonax 1mg tablet md,5.1476376818324204e-05,0.9656712496716,0.04580152671755725
clonax 2mg tablet,5.1476376818324204e-05,0.9656712496716,0.04580152671755725
clonax 2mg tablet md,5.1476376818324204e-05,0.9656712496716,0.04580152671755725
clonax md 0.25mg tablet,5.1476376818324204e-05,0.9656712496716,0.04580152671755725
clonax md 0.5 tablet,5.1476376818324204e-05,0.9656712496716,0.04580152671755725
clonax-ds tablet,1.6745408863379544e-05,0.7151566249432518,0.061068702290076333
clonax-forte tablet,1.6745408863379544e-05,0.7151566249432518,0.061068702290076333
clonax-m tablet,1.6745408863379544e-05,0.7151566249432518,0.061068702290076333
clonax-plus tablet,1.6745408863379544e-05,0.7151566249432518,0.061068702290076333
clonaxpax p 0.5 mg/20 mg tablet,1.6745408863379544e-05,0.7151566249432518,0.061068702290076333
clonaxyl 0.25mg tablet md,5.1476376818324204e-05,0.9656712496716,0.04580152671755725
clonaxyl 0.5 tablet,5.1476376818324204e-05,0.9656712496716,0.04580152671755725
clonaxyl 2mg tablet,5.1476376818324204e-05,0.9656712496716,0.04580152671755725
clonaxyl plus 0.5 mg/10 mg tablet,6.825595443939102e-05,0.9317279256442754,0.08396946564885496
clonaz 0.5mg tablet,5.1476376818324204e-05,0.9656712496716,0.04580152671755725
clonaz 0.5mg tablet md,5.1476376818324204e-05,0.9656712496716,0.04580152671755725
clonazep 0.5mg tablet,5.1476376818324204e-05,0.9656712496716,0.04580152671755725
clone 0.5mg tablet,5.1476376818324204e-05,0.9656712496716,0.04580152671755725
clone 0.5mg tablet md,5.1476376818324204e-05,0.9656712496716,0.04580152671755725
clone 1mg tablet,5.1476376818324204e-05,0.9656712496716,0.04580152671755725
clone 2 tablet dt,5.1476376818324204e-05,0.9656712496716,0.04580152671755725
clone 2mg tablet,5.1476376818324204e-05,0.9656712496716,0.04580152671755725
clone md 0.25 tablet,5.1476376818324204e-05,0.9656712496716,0.04580152671755725
clonec 0.25 md tablet,5.1476376818324204e-05,0.9656712496716,0.04580152671755725
clonec 0.5 md tablet,5.1476376818324204e-05,0.9656712496716,0.04580152671755725
cloneepam 0.5mg tablet,5.1476376818324204e-05,0.9656712496716,0.04580152671755725
cloneepam 1mg tablet,5.1476376818324204e-05,0.9656712496716,0.04580152671755725
cloneepam 2mg tablet,5.1476376818324204e-05,0.9656712496716,0.04580152671755725
clonella 0.25mg tablet md,5.1476376818324204e-05,0.9656712496716,0.04580152671755725
clonella 0.5mg tablet md,5.1476376818324204e-05,0.9656712496716,0.04580152671755725
clonetic 0.25mg tablet,5.1476376818324204e-05,0.9656712496716,0.04580152671755725
clonetic es 0.25mg/10mg tablet,6.825595443939102e-05,0.9317279256442754,0.08396946564885496
clonetic es 0.5mg/10mg tablet,6.825595443939102e-05,0.9317279256442754,0.08396946564885496
clonex 0.25mg tablet,5.1476376818324204e-05,0.9656712496716,0.04580152671755725
clonex 0.5mg tablet,5.1476376818324204e-05,0.9656712496716,0.04580152671755725
clonex 2mg tablet,5.1476376818324204e-05,0.9656712496716,0.04580152671755725
clonir 0.5mg tablet,5.1476376818324204e-05,0.9656712496716,0.04580152671755725
clonir 1mg tablet,5.1476376818324204e-05,0.9656712496716,0.04580152671755725
clonis 0.25mg tablet md,5.1476376818324204e-05,0.9656712496716,0.04580152671755725
clonis 0.5mg tablet md,5.1476376818324204e-05,0.9656712496716,0.04580152671755725
clonix 0.5mg tablet,5.1476376818324204e-05,0.9656712496716,0.04580152671755725
clonix 1mg tablet,5.1476376818324204e-05,0.9656712496716,0.04580152671755725
cloniz 0.25mg tablet md,5.1476376818324204e-05,0.9656712496716,0.04580152671755725
cloniz 0.5mg tablet md,5.1476376818324204e-05,0.9656712496716,0.04580152671755725
clono 0.25mg tablet md,5.1476376818324204e-05,0.9656712496716,0.04580152671755725
clono 0.5mg tablet,5.1476376818324204e-05,0.9656712496716,0.04580152671755725
clono 0.5mg tablet md,5.1476376818324204e-05,0.9656712496716,0.04580152671755725
clonofast 0.25mg tablet,5.1476376818324204e-05,0.9656712496716,0.04580152671755725
clonofast 0.5mg tablet,5.1476376818324204e-05,0.9656712496716,0.04580152671755725
clonogem 0.25 disintegrating tablet,5.1476376818324204e-05,0.9656712496716,0.04580152671755725
clonogem 0.5mg tablet,5.1476376818324204e-05,0.9656712496716,0.04580152671755725
clonogem plus  0.5 mg/10 mg tablet,6.825595443939102e-05,0.9317279256442754,0.08396946564885496
clonopam 0.25mg tablet,5.1476376818324204e-05,0.9656712496716,0.04580152671755725
clonopam 0.5mg tablet,5.1476376818324204e-05,0.9656712496716,0.04580152671755725
clonopam 0.5mg tablet md,5.1476376818324204e-05,0.9656712496716,0.04580152671755725
clonopam 1mg tablet,5.1476376818324204e-05,0.9656712496716,0.04580152671755725
clonopam 2mg tablet,5.1476376818324204e-05,0.9656712496716,0.04580152671755725
clonorest 0.25mg tablet,5.1476376818324204e-05,0.9656712496716,0.04580152671755725
clonorest 0.5 tablet,5.1476376818324204e-05,0.9656712496716,0.04580152671755725
clonorest 1mg tablet,5.1476376818324204e-05,0.9656712496716,0.04580152671755725
clonorest 2mg tablet,5.1476376818324204e-05,0.9656712496716,0.04580152671755725
clonosham 5mg tablet,5.1476376818324204e-05,0.9656712496716,0.04580152671755725
clonotril 0.25mg tablet dt,5.1476376818324204e-05,0.9656712496716,0.04580152671755725
clonotril 0.5 tablet,5.1476376818324204e-05,0.9656712496716,0.04580152671755725
clonotril 1 tablet,5.1476376818324204e-05,0.9656712496716,0.04580152671755725
clonotril 2mg tablet,5.1476376818324204e-05,0.9656712496716,0.04580152671755725
clonotril p 12.5mg/0.25mg tablet,6.825595443939102e-05,0.9317279256442754,0.08396946564885496
clonotril p 12.5mg/0.5mg tablet,6.825595443939102e-05,0.9317279256442754,0.08396946564885496
clonotril p 25mg/0.25mg tablet,6.825595443939102e-05,0.9317279256442754,0.08396946564885496
clonotril plus 0.5 mg/10 mg tablet,6.825595443939102e-05,0.9317279256442754,0.08396946564885496
clonova 0.25mg tablet md,5.1476376818324204e-05,0.9656712496716,0.04580152671755725
clonova 0.5 tablet md,5.1476376818324204e-05,0.9656712496716,0.04580152671755725
clonovius 0.25mg tablet,5.1476376818324204e-05,0.9656712496716,0.04580152671755725
clonovius 0.5mg tablet,5.1476376818324204e-05,0.9656712496716,0.04580152671755725
clonoz 0.25mg tablet md,5.1476376818324204e-05,0.9656712496716,0.04580152671755725
clonoz 0.5mg tablet md,5.1476376818324204e-05,0.9656712496716,0.04580152671755725
clonris 0.25mg tablet md,5.1476376818324204e-05,0.9656712496716,0.04580152671755725
clonris 0.5mg tablet md,5.1476376818324204e-05,0.9656712496716,0.04580152671755725
clonris 1mg tablet md,5.1476376818324204e-05,0.9656712496716,0.04580152671755725
clonris 2mg tablet md,5.1476376818324204e-05,0.9656712496716,0.04580152671755725
clonris p 25mg/0.5mg tablet,6.825595443939102e-05,0.9317279256442754,0.08396946564885496
clonsa plus 0.5mg/10mg tablet,6.825595443939102e-05,0.9317279256442754,0.08396946564885496
clonsyc 0.5 dt tablet,5.1476376818324204e-05,0.9656712496716,0.04580152671755725
clonyl 25mg tablet mr,5.1476376818324204e-05,0.9656712496716,0.04580152671755725
clonyl 50mg tablet md,5.1476376818324204e-05,0.9656712496716,0.04580152671755725
clonza 0.25mg tablet,5.1476376818324204e-05,0.9656712496716,0.04580152671755725
clonza 0.25mg tablet md,5.1476376818324204e-05,0.9656712496716,0.04580152671755725
clonza 0.5mg tablet,5.1476376818324204e-05,0.9656712496716,0.04580152671755725
clonza 0.5mg tablet md,5.1476376818324204e-05,0.9656712496716,0.04580152671755725
clonza 1mg tablet md,5.1476376818324204e-05,0.9656712496716,0.04580152671755725
clonza 2mg tablet,5.1476376818324204e-05,0.9656712496716,0.04580152671755725
clonza 2mg tablet md,5.1476376818324204e-05,0.9656712496716,0.04580152671755725
clonzafit tablet,6.825595443939102e-05,0.9317279256442754,0.08396946564885496
clonzecad 0.25mg tablet md,5.1476376818324204e-05,0.9656712496716,0.04580152671755725
clonzecad 0.5mg tablet md,5.1476376818324204e-05,0.9656712496716,0.04580152671755725
clonzep 0.25mg tablet,5.1476376818324204e-05,0.9656712496716,0.04580152671755725
clonzy 0.25mg tablet,5.1476376818324204e-05,0.9656712496716,0.04580152671755725
clonzy 0.5mg tablet,5.1476376818324204e-05,0.9656712496716,0.04580152671755725
clonzy 1mg tablet,5.1476376818324204e-05,0.9656712496716,0.04580152671755725
clonzy 2mg tablet,5.1476376818324204e-05,0.9656712496716,0.04580152671755725
clonzy plus 0.5mg/10mg tablet,6.825595443939102e-05,0.9317279256442754,0.08396946564885496
clopam 0.25mg tablet,5.1476376818324204e-05,0.9656712496716,0.04580152671755725
clopam 0.5mg tablet,5.1476376818324204e-05,0.9656712496716,0.04580152671755725
clopam 1mg tablet,5.1476376818324204e-05,0.9656712496716,0.04580152671755725
clopam 2mg tablet,5.1476376818324204e-05,0.9656712496716,0.04580152671755725
clopam el 0.5mg/10mg tablet,6.825595443939102e-05,0.9317279256442754,0.08396946564885496
clopen 0.5mg tablet,5.1476376818324204e-05,0.9656712496716,0.04580152671755725
clopen esc 0.5mg/10mg tablet,6.825595443939102e-05,0.9317279256442754,0.08396946564885496
clopin 0.25mg tablet,5.1476376818324204e-05,0.9656712496716,0.04580152671755725
clopin 0.5mg tablet,5.1476376818324204e-05,0.9656712496716,0.04580152671755725
clopiz 0.25mg tablet,5.1476376818324204e-05,0.9656712496716,0.04580152671755725
clopiz 0.5mg tablet,5.1476376818324204e-05,0.9656712496716,0.04580152671755725
clopiz 2mg tablet,5.1476376818324204e-05,0.9656712496716,0.04580152671755725
clopiz plus tablet,1.6745408863379544e-05,0.7151566249432518,0.061068702290076333
clopram tablet,6.825595443939102e-05,0.9317279256442754,0.08396946564885496
clops pr 0.25mg/20mg tablet,1.6745408863379544e-05,0.7151566249432518,0.061068702290076333
clopsy 10mg tablet md,3.9616768675442404e-05,0.8518346852066435,0.13740458015267176
clopsy 5mg tablet md,3.9616768675442404e-05,0.8518346852066435,0.13740458015267176
clopz 0.50mg tablet md,5.1476376818324204e-05,0.9656712496716,0.04580152671755725
clordise 10mg tablet,9.819845268302474e-05,0.9658404134185863,0.061068702290076333
clordise 25mg tablet,9.819845268302474e-05,0.9658404134185863,0.061068702290076333
cloril 0.25 tablet md,5.1476376818324204e-05,0.9656712496716,0.04580152671755725
cloril 0.5 tablet md,5.1476376818324204e-05,0.9656712496716,0.04580152671755725
clorite 0.25mg tablet md,5.1476376818324204e-05,0.9656712496716,0.04580152671755725
clorite 0.5 md tablet,5.1476376818324204e-05,0.9656712496716,0.04580152671755725
clorite 1mg tablet md,5.1476376818324204e-05,0.9656712496716,0.04580152671755725
clorite-beta tablet,1.6745408863379544e-05,0.7151566249432518,0.061068702290076333
closa 0.25mg tablet,5.1476376818324204e-05,0.9656712496716,0.04580152671755725
closa 0.5mg tablet md,5.1476376818324204e-05,0.9656712496716,0.04580152671755725
closa plus 0.5mg/10mg tablet,6.825595443939102e-05,0.9317279256442754,0.08396946564885496
closax 0.5mg/20mg tablet,1.6745408863379544e-05,0.7151566249432518,0.061068702290076333
closed 0.25mg tablet,5.1476376818324204e-05,0.9656712496716,0.04580152671755725
closed 0.5mg tablet,5.1476376818324204e-05,0.9656712496716,0.04580152671755725
closed plus 0.5 mg/10 mg tablet,6.825595443939102e-05,0.9317279256442754,0.08396946564885496
closedep tablet,6.825595443939102e-05,0.9317279256442754,0.08396946564885496
closeil 0.25 md tablet,5.1476376818324204e-05,0.9656712496716,0.04580152671755725
closeil 0.5 md tablet,5.1476376818324204e-05,0.9656712496716,0.04580152671755725
closis 0.25mg tablet,5.1476376818324204e-05,0.9656712496716,0.04580152671755725
closis 0.5mg tablet,5.1476376818324204e-05,0.9656712496716,0.04580152671755725
closis 1mg tablet,5.1476376818324204e-05,0.9656712496716,0.04580152671755725
closis plus tablet,1.6745408863379544e-05,0.7151566249432518,0.061068702290076333
closit-forte tablet,6.825595443939102e-05,0.9317279256442754,0.08396946564885496
closit-plus tablet,6.825595443939102e-05,0.9317279256442754,0.08396946564885496
closum 10mg tablet md,3.9616768675442404e-05,0.8518346852066435,0.13740458015267176
closum 20mg tablet md,3.9616768675442404e-05,0.8518346852066435,0.13740458015267176
clotas 1mg tablet,5.1476376818324204e-05,0.9656712496716,0.04580152671755725
clotas 2mg tablet,5.1476376818324204e-05,0.9656712496716,0.04580152671755725
clotas e 0.5mg/10mg tablet,6.825595443939102e-05,0.9317279256442754,0.08396946564885496
clotas eh 0.25mg/5mg tablet,6.825595443939102e-05,0.9317279256442754,0.08396946564885496
clotas plus h 0.5mg/10mg tablet,1.6745408863379544e-05,0.7151566249432518,0.061068702290076333
clotas plus hd 0.25mg/10mg tablet,1.6745408863379544e-05,0.7151566249432518,0.061068702290076333
clotas-md 0.25 tablet,5.1476376818324204e-05,0.9656712496716,0.04580152671755725
clotas-md 0.5 tablet,5.1476376818324204e-05,0.9656712496716,0.04580152671755725
clotas-plus tablet,1.6745408863379544e-05,0.7151566249432518,0.061068702290076333
clotrin 0.25mg tablet,5.1476376818324204e-05,0.9656712496716,0.04580152671755725
clotrin 0.5mg tablet,5.1476376818324204e-05,0.9656712496716,0.04580152671755725
clotrin 1mg tablet,5.1476376818324204e-05,0.9656712496716,0.04580152671755725
clotrin 2mg tablet,5.1476376818324204e-05,0.9656712496716,0.04580152671755725
clotweet 0.25mg tablet md,5.1476376818324204e-05,0.9656712496716,0.04580152671755725
clotweet 0.5mg tablet,5.1476376818324204e-05,0.9656712496716,0.04580152671755725
clotweet 1mg tablet,5.1476376818324204e-05,0.9656712496716,0.04580152671755725
clotweet 2mg tablet,5.1476376818324204e-05,0.9656712496716,0.04580152671755725
clotweet-md 0.5 tablet,5.1476376818324204e-05,0.9656712496716,0.04580152671755725
clouse 0.25mg tablet,5.1476376818324204e-05,0.9656712496716,0.04580152671755725
clouse 0.5mg tablet,5.1476376818324204e-05,0.9656712496716,0.04580152671755725
clouse 1mg tablet,5.1476376818324204e-05,0.9656712496716,0.04580152671755725
clouse 2mg tablet,5.1476376818324204e-05,0.9656712496716,0.04580152671755725
clovas 0.25mg tablet md,5.1476376818324204e-05,0.9656712496716,0.04580152671755725
clovas 0.5mg tablet,5.1476376818324204e-05,0.9656712496716,0.04580152671755725
clovas 1mg tablet,5.1476376818324204e-05,0.9656712496716,0.04580152671755725
clovas 2mg tablet,5.1476376818324204e-05,0.9656712496716,0.04580152671755725
clovell 0.25mg tablet,5.1476376818324204e-05,0.9656712496716,0.04580152671755725
clovell 5mg tablet,5.1476376818324204e-05,0.9656712496716,0.04580152671755725
clovik beta 0.25mg/10mg tablet,1.6745408863379544e-05,0.7151566249432518,0.061068702290076333
cloward syrup,9.007234941820291e-05,0.9205275899490776,0.061068702290076333
clox 0.25mg tablet,5.1476376818324204e-05,0.9656712496716,0.04580152671755725
clox 2mg tablet md,5.1476376818324204e-05,0.9656712496716,0.04580152671755725
cloxide 10mg tablet,9.819845268302474e-05,0.9658404134185863,0.061068702290076333
cloxide 25mg tablet,9.819845268302474e-05,0.9658404134185863,0.061068702290076333
cloxide plus 10 mg/1 mg tablet,6.013519816155538e-05,0.8662895749862519,0.10687022900763359
cloxpam 0.5mg tablet,5.1476376818324204e-05,0.9656712496716,0.04580152671755725
cloxpam 1mg tablet,5.1476376818324204e-05,0.9656712496716,0.04580152671755725
cloz plus 0.5mg/10mg tablet md,6.825595443939102e-05,0.9317279256442754,0.08396946564885496
clozakin 0.5mg tablet,5.1476376818324204e-05,0.9656712496716,0.04580152671755725
clozam 10 tablet,3.9616768675442404e-05,0.8518346852066435,0.13740458015267176
clozam 20mg tablet,3.9616768675442404e-05,0.8518346852066435,0.13740458015267176
clozam 5 tablet,3.9616768675442404e-05,0.8518346852066435,0.13740458015267176
clozamax 0.5mg tablet md,5.1476376818324204e-05,0.9656712496716,0.04580152671755725
clozamax plus 0.5mg/10mg tablet,6.825595443939102e-05,0.9317279256442754,0.08396946564885496
cloze 0.25mg tablet md,5.1476376818324204e-05,0.9656712496716,0.04580152671755725
cloze 0.5mg tablet,5.1476376818324204e-05,0.9656712496716,0.04580152671755725
cloze 0.5mg tablet md,5.1476376818324204e-05,0.9656712496716,0.04580152671755725
cloze 1mg tablet,5.1476376818324204e-05,0.9656712496716,0.04580152671755725
cloze 2mg tablet,5.1476376818324204e-05,0.9656712496716,0.04580152671755725
clozel 0.5mg tablet,5.1476376818324204e-05,0.9656712496716,0.04580152671755725
clozep 0.25mg tablet,5.1476376818324204e-05,0.9656712496716,0.04580152671755725
clozep 0.25mg tablet dt,5.1476376818324204e-05,0.9656712496716,0.04580152671755725
clozep 0.5mg tablet,5.1476376818324204e-05,0.9656712496716,0.04580152671755725
clozep 1mg tablet,5.1476376818324204e-05,0.9656712496716,0.04580152671755725
clozep 2mg tablet,5.1476376818324204e-05,0.9656712496716,0.04580152671755725
clozepam 0.25mg tablet,5.1476376818324204e-05,0.9656712496716,0.04580152671755725
clozepam 0.25mg tablet md,5.1476376818324204e-05,0.9656712496716,0.04580152671755725
clozepam 0.5mg tablet,5.1476376818324204e-05,0.9656712496716,0.04580152671755725
clozepam 0.5mg tablet md,5.1476376818324204e-05,0.9656712496716,0.04580152671755725
clozepam 1mg tablet,5.1476376818324204e-05,0.9656712496716,0.04580152671755725
clozepam 2mg tablet,5.1476376818324204e-05,0.9656712496716,0.04580152671755725
clozet   0.25mg tablet,5.1476376818324204e-05,0.9656712496716,0.04580152671755725
clozet   1mg tablet,5.1476376818324204e-05,0.9656712496716,0.04580152671755725
clozet  0.5mg tablet,5.1476376818324204e-05,0.9656712496716,0.04580152671755725
clozet 12.5mg tablet,5.1476376818324204e-05,0.9656712496716,0.04580152671755725
clozet 2mg tablet,5.1476376818324204e-05,0.9656712496716,0.04580152671755725
clozet plus tablet,1.6745408863379544e-05,0.7151566249432518,0.061068702290076333
clozid 0.25mg tablet,5.1476376818324204e-05,0.9656712496716,0.04580152671755725
clozid 0.5mg tablet,5.1476376818324204e-05,0.9656712496716,0.04580152671755725
clozil beta 0.5mg/20mg tablet,1.6745408863379544e-05,0.7151566249432518,0.061068702290076333
clozio 0.25mg tablet md,5.1476376818324204e-05,0.9656712496716,0.04580152671755725
clozio 0.5mg tablet md,5.1476376818324204e-05,0.9656712496716,0.04580152671755725
clozmet 0.25mg tablet md,5.1476376818324204e-05,0.9656712496716,0.04580152671755725
clozmet 0.5mg tablet md,5.1476376818324204e-05,0.9656712496716,0.04580152671755725
clozmet 1 md tablet,5.1476376818324204e-05,0.9656712496716,0.04580152671755725
clozmet 2 md tablet,5.1476376818324204e-05,0.9656712496716,0.04580152671755725
clozop 10mg tablet,3.9616768675442404e-05,0.8518346852066435,0.13740458015267176
clozop 5mg tablet,3.9616768675442404e-05,0.8518346852066435,0.13740458015267176
clozorix 0.5mg tablet,5.1476376818324204e-05,0.9656712496716,0.04580152671755725
clozup 0.5mg tablet,5.1476376818324204e-05,0.9656712496716,0.04580152671755725
clozy 0.25mg tablet md,5.1476376818324204e-05,0.9656712496716,0.04580152671755725
clozy 0.5mg tablet,5.1476376818324204e-05,0.9656712496716,0.04580152671755725
clozy 2mg tablet,5.1476376818324204e-05,0.9656712496716,0.04580152671755725
cnl plus 0.25 mg/20 mg tablet,6.825595443939102e-05,0.9317279256442754,0.08396946564885496
cnpaxet plus 12.5mg/0.5mg tablet,6.825595443939102e-05,0.9317279256442754,0.08396946564885496
cnpaxet plus 25mg/0.5mg tablet,6.825595443939102e-05,0.9317279256442754,0.08396946564885496
cnz 0.25mg tablet,5.1476376818324204e-05,0.9656712496716,0.04580152671755725
cnz 0.5mg tablet,5.1476376818324204e-05,0.9656712496716,0.04580152671755725
cnzep 0.25mg tablet,5.1476376818324204e-05,0.9656712496716,0.04580152671755725
cnzep 0.5mg tablet,5.1476376818324204e-05,0.9656712496716,0.04580152671755725
cnzep 1mg tablet,5.1476376818324204e-05,0.9656712496716,0.04580152671755725
co terex syrup,9.007234941820291e-05,0.9205275899490776,0.061068702290076333
cobazep 10 tablet,3.9616768675442404e-05,0.8518346852066435,0.13740458015267176
cobazep 5 tablet,3.9616768675442404e-05,0.8518346852066435,0.13740458015267176
cobyzam 10 tablet md,3.9616768675442404e-05,0.8518346852066435,0.13740458015267176
cobyzam 5 tablet md,3.9616768675442404e-05,0.8518346852066435,0.13740458015267176
cocof linctus,9.007234941820291e-05,0.9205275899490776,0.061068702290076333
cocoryl 2mg/10mg tablet,9.007234941820291e-05,0.9205275899490776,0.061068702290076333
codcalm 650mg/30mg tablet,5.8860647739280435e-06,0.8331696259916888,0.03816793893129771
codcof-nf syrup,9.007234941820291e-05,0.9205275899490776,0.061068702290076333
codeb syrup,9.007234941820291e-05,0.9205275899490776,0.061068702290076333
codectuss 4mg/10mg syrup,9.007234941820291e-05,0.9205275899490776,0.061068702290076333
codectuss gr syrup,9.007234941820291e-05,0.9205275899490776,0.061068702290076333
codectuss tr syrup,9.007234941820291e-05,0.9205275899490776,0.061068702290076333
codeine phosphate linctus,0.00013286811265432976,0.9267165308009077,0.061068702290076333
codelion syrup,9.007234941820291e-05,0.9205275899490776,0.061068702290076333
codelite 4 mg/10 mg syrup,9.007234941820291e-05,0.9205275899490776,0.061068702290076333
codep 37 tablet,0.00016873650144013725,0.8710798641282882,0.1297709923664122
coderan  50 mg/50 mg tablet,2.11300139963873e-05,0.8336735465336055,0.06870229007633588
codetis syrup,9.007234941820291e-05,0.9205275899490776,0.061068702290076333
codex 4 mg/10 mg expectorant,9.007234941820291e-05,0.9205275899490776,0.061068702290076333
codexia syrup,9.007234941820291e-05,0.9205275899490776,0.061068702290076333
codez syrup,9.007234941820291e-05,0.9205275899490776,0.061068702290076333
codicare syrup,9.007234941820291e-05,0.9205275899490776,0.061068702290076333
codicon 4 mg/10 mg syrup,9.007234941820291e-05,0.9205275899490776,0.061068702290076333
codicon syrup,9.007234941820291e-05,0.9205275899490776,0.061068702290076333
codifem syrup,9.007234941820291e-05,0.9205275899490776,0.061068702290076333
codihit syrup,9.007234941820291e-05,0.9205275899490776,0.061068702290076333
codimarc 4 mg/10 mg syrup,9.007234941820291e-05,0.9205275899490776,0.061068702290076333
codimarc t syrup,9.007234941820291e-05,0.9205275899490776,0.061068702290076333
codin t syrup,9.007234941820291e-05,0.9205275899490776,0.061068702290076333
codine  4 mg/10 mg syrup,9.007234941820291e-05,0.9205275899490776,0.061068702290076333
codine sulphate 15mg tablet,0.00013286811265432976,0.9267165308009077,0.061068702290076333
codinir 4 mg/10 mg syrup,9.007234941820291e-05,0.9205275899490776,0.061068702290076333
codinol plus syrup,9.007234941820291e-05,0.9205275899490776,0.061068702290076333
codipres syrup,9.007234941820291e-05,0.9205275899490776,0.061068702290076333
codirax syrup,9.007234941820291e-05,0.9205275899490776,0.061068702290076333
codirex syrup,9.007234941820291e-05,0.9205275899490776,0.061068702290076333
codistar  syrup,9.007234941820291e-05,0.9205275899490776,0.061068702290076333
codistar syrup,9.007234941820291e-05,0.9205275899490776,0.061068702290076333
codistar t syrup,9.007234941820291e-05,0.9205275899490776,0.061068702290076333
codisum syrup,9.007234941820291e-05,0.9205275899490776,0.061068702290076333
codokuff syrup,9.007234941820291e-05,0.9205275899490776,0.061068702290076333
codomolindon 500 mg/10 mg tablet,5.8860647739280435e-06,0.8331696259916888,0.03816793893129771
codomolindon tablet,5.8860647739280435e-06,0.8331696259916888,0.03816793893129771
codorex 4 mg/10 mg syrup,9.007234941820291e-05,0.9205275899490776,0.061068702290076333
codoric 4 mg/10 mg syrup,9.007234941820291e-05,0.9205275899490776,0.061068702290076333
codril syrup,9.007234941820291e-05,0.9205275899490776,0.061068702290076333
cody syrup,9.007234941820291e-05,0.9205275899490776,0.061068702290076333
codybex syrup,9.007234941820291e-05,0.9205275899490776,0.061068702290076333
codyl 4 mg/10 mg syrup,9.007234941820291e-05,0.9205275899490776,0.061068702290076333
codyl syrup,9.007234941820291e-05,0.9205275899490776,0.061068702290076333
codylex 4 mg/10 mg linctus,9.007234941820291e-05,0.9205275899490776,0.061068702290076333
codylex t syrup,9.007234941820291e-05,0.9205275899490776,0.061068702290076333
codys syrup,9.007234941820291e-05,0.9205275899490776,0.061068702290076333
codzi 4 mg/10 mg syrup,9.007234941820291e-05,0.9205275899490776,0.061068702290076333
cofdyl syrup,9.007234941820291e-05,0.9205275899490776,0.061068702290076333
cofrex syrup,9.007234941820291e-05,0.9205275899490776,0.061068702290076333
cofstay syrup,9.007234941820291e-05,0.9205275899490776,0.061068702290076333
cojam 10mg tablet,3.9616768675442404e-05,0.8518346852066435,0.13740458015267176
colam 0.25mg tablet,6.280763361236917e-07,0.6846941943495809,0.015267175572519083
coldax 2.5mg/5mg/10mg tablet,4.2879673447075457e-05,0.8801181259478011,0.08396946564885496
colidex 10mg/65mg/500mg tablet,9.069030077440046e-06,0.7335195902348167,0.05343511450381679
colik rapid capsule,1.8769090950218005e-05,0.8377269619387677,0.06870229007633588
colinorm tablet,3.208398501504382e-05,0.8742567192579085,0.07633587786259542
colinorm-d tablet,4.2879673447075457e-05,0.8801181259478011,0.08396946564885496
colipam forte tablet,4.2879673447075457e-05,0.8801181259478011,0.08396946564885496
colipam plus tablet,3.208398501504382e-05,0.8742567192579085,0.07633587786259542
colitol plus 135mg/5mg tablet,5.823643848773817e-05,0.9423980856337065,0.061068702290076333
coliwin 5mg/2.5mg tablet,3.208398501504382e-05,0.8742567192579085,0.07633587786259542
coliwin r capsule,0.0003960649431347186,0.9780044345898005,0.11450381679389313
flu-like symptoms,4.284572477753054e-09,0.33879294997329534,0.00036703982382088455
colobest-cl tablet,5.823643848773817e-05,0.9423980856337065,0.061068702290076333
colona 0.5mg tablet,5.1476376818324204e-05,0.9656712496716,0.04580152671755725
colorest 140 tablet,5.823643848773817e-05,0.9423980856337065,0.061068702290076333
colospa x tablet,5.823643848773817e-05,0.9423980856337065,0.061068702290076333
colzep 0.25mg tablet md,5.1476376818324204e-05,0.9656712496716,0.04580152671755725
colzep 0.5mg tablet md,5.1476376818324204e-05,0.9656712496716,0.04580152671755725
colzep 1mg tablet md,5.1476376818324204e-05,0.9656712496716,0.04580152671755725
combipara tr tablet,2.123200353441007e-05,0.8350624763347217,0.06870229007633588
combitel 10mg/500mg/50mg tablet,1.073315002030881e-05,0.8348095995154818,0.05343511450381679
combitram 325mg/37.5mg tablet,1.073315002030881e-05,0.8348095995154818,0.05343511450381679
combitram 50mg injection,5.8860647739280435e-06,0.8331696259916888,0.03816793893129771
combitram d tablet,1.073315002030881e-05,0.8348095995154818,0.05343511450381679
comore syrup,9.007234941820291e-05,0.9205275899490776,0.061068702290076333
comtus dx syrup,9.007234941820291e-05,0.9205275899490776,0.061068702290076333
comtus linctus,9.007234941820291e-05,0.9205275899490776,0.061068702290076333
conaril syrup,9.007234941820291e-05,0.9205275899490776,0.061068702290076333
concerta 18mg tablet,7.41249798400105e-07,0.55082671462111,0.030534351145038167
concerta 36mg tablet,7.41249798400105e-07,0.55082671462111,0.030534351145038167
concerta 54mg tablet,7.41249798400105e-07,0.55082671462111,0.030534351145038167
conitram p 37.5mg/325mg tablet,3.134616001256474e-05,0.8407929851315288,0.11450381679389313
contradoc 50mg tablet,5.8860647739280435e-06,0.8331696259916888,0.03816793893129771
contraflam p 37.5mg/325mg tablet,3.134616001256474e-05,0.8407929851315288,0.11450381679389313
contragesic tablet,1.073315002030881e-05,0.8348095995154818,0.05343511450381679
contramal 100 injection,5.8860647739280435e-06,0.8331696259916888,0.03816793893129771
contramal 50 injection,5.8860647739280435e-06,0.8331696259916888,0.03816793893129771
contramal 50mg capsule,5.8860647739280435e-06,0.8331696259916888,0.03816793893129771
contramal dt 50mg tablet,5.8860647739280435e-06,0.8331696259916888,0.03816793893129771
contramal sr 100 tablet,5.8860647739280435e-06,0.8331696259916888,0.03816793893129771
control 0.5mg tablet,5.1476376818324204e-05,0.9656712496716,0.04580152671755725
control 2mg tablet,5.1476376818324204e-05,0.9656712496716,0.04580152671755725
convaclon 0.5mg tablet,5.1476376818324204e-05,0.9656712496716,0.04580152671755725
conxit plus 0.5mg/10mg tablet,6.825595443939102e-05,0.9317279256442754,0.08396946564885496
coolam 0.25mg tablet,6.280763361236917e-07,0.6846941943495809,0.015267175572519083
cooltime 0.25mg/20mg tablet,6.825595443939102e-05,0.9317279256442754,0.08396946564885496
copa 0.5mg tablet,5.1476376818324204e-05,0.9656712496716,0.04580152671755725
copa p 0.5mg/20mg tablet,1.6745408863379544e-05,0.7151566249432518,0.061068702290076333
copax 0.25mg tablet,6.280763361236917e-07,0.6846941943495809,0.015267175572519083
copax 0.5mg tablet,6.280763361236917e-07,0.6846941943495809,0.015267175572519083
copax 0.5mg tablet sr,6.280763361236917e-07,0.6846941943495809,0.015267175572519083
copax 1.5mg tablet sr,6.280763361236917e-07,0.6846941943495809,0.015267175572519083
copax sr 1 tablet,6.280763361236917e-07,0.6846941943495809,0.015267175572519083
cophedrin tablet,9.007234941820291e-05,0.9205275899490776,0.061068702290076333
corbutyl 650mg/65mg tablet,4.530473585561955e-06,0.8000435318871073,0.030534351145038167
corel forte tablet,1.602404439539721e-05,0.800508166969147,0.0916030534351145
corel plus tablet,1.602404439539721e-05,0.800508166969147,0.0916030534351145
corel tablet,9.819845268302474e-05,0.9658404134185863,0.061068702290076333
corex t cough syrup,9.007234941820291e-05,0.9205275899490776,0.061068702290076333
coride 10mg tablet,9.819845268302474e-05,0.9658404134185863,0.061068702290076333
coride 25mg tablet,9.819845268302474e-05,0.9658404134185863,0.061068702290076333
corolex t syrup,9.007234941820291e-05,0.9205275899490776,0.061068702290076333
cortex max syrup,9.007234941820291e-05,0.9205275899490776,0.061068702290076333
cortex syrup,9.007234941820291e-05,0.9205275899490776,0.061068702290076333
cortram 50mg injection,5.8860647739280435e-06,0.8331696259916888,0.03816793893129771
coryl tablet,0.001588839450702813,0.9325158562367865,0.09923664122137404
thickened respiratory tract secretions,0.0,0.3280468884675056,0.00018351991191044228
stomach pain/epigastric pain,0.0,0.3280468884675056,0.00018351991191044228
coordination disorder,0.0,0.3280468884675056,0.00018351991191044228
allergic reaction,0.0,0.3280468884675056,0.00018351991191044228
corzolam 0.25mg tablet,6.280763361236917e-07,0.6846941943495809,0.015267175572519083
coscodin syrup,9.007234941820291e-05,0.9205275899490776,0.061068702290076333
cosome lcd 4 mg/10 mg syrup,9.007234941820291e-05,0.9205275899490776,0.061068702290076333
cosydryl syrup,9.007234941820291e-05,0.9205275899490776,0.061068702290076333
cotrip forte 25 mg/10 mg tablet,1.602404439539721e-05,0.800508166969147,0.0916030534351145
cotrip-h tablet,1.602404439539721e-05,0.800508166969147,0.0916030534351145
cotrip-plus tablet,1.602404439539721e-05,0.800508166969147,0.0916030534351145
cozac az 0.25mg/20mg tablet,6.825595443939102e-05,0.9317279256442754,0.08396946564885496
cozil 0.5mg tablet,5.1476376818324204e-05,0.9656712496716,0.04580152671755725
cozin forte 4 mg/30 mg tablet,9.007234941820291e-05,0.9205275899490776,0.061068702290076333
cozin oral solution,9.007234941820291e-05,0.9205275899490776,0.061068702290076333
cozin syrup,9.007234941820291e-05,0.9205275899490776,0.061068702290076333
cpine 5mg tablet,3.9616768675442404e-05,0.8518346852066435,0.13740458015267176
cqlam 0.5mg tablet,6.280763361236917e-07,0.6846941943495809,0.015267175572519083
cradol p 50mg/500mg capsule,3.134616001256474e-05,0.8407929851315288,0.11450381679389313
crazypam 0.25mg tablet md,5.1476376818324204e-05,0.9656712496716,0.04580152671755725
crazypam 0.5 tablet,5.1476376818324204e-05,0.9656712496716,0.04580152671755725
cregesic p 37.5mg/325mg tablet,3.134616001256474e-05,0.8407929851315288,0.11450381679389313
criszir syrup,9.007234941820291e-05,0.9205275899490776,0.061068702290076333
critfen-tp tablet,2.123200353441007e-05,0.8350624763347217,0.06870229007633588
critidol 50mg injection,5.8860647739280435e-06,0.8331696259916888,0.03816793893129771
cromide 5mg/2.5mg tablet,3.208398501504382e-05,0.8742567192579085,0.07633587786259542
cromide forte 2.5 mg/5 mg/10 mg tablet,4.2879673447075457e-05,0.8801181259478011,0.08396946564885496
cufex syrup,9.007234941820291e-05,0.9205275899490776,0.061068702290076333
cuntrol 100mg tablet sr,5.8860647739280435e-06,0.8331696259916888,0.03816793893129771
cure spas 2.5mg/5mg/10mg tablet,4.2879673447075457e-05,0.8801181259478011,0.08396946564885496
curepam plus 0.5mg/10mg tablet,6.825595443939102e-05,0.9317279256442754,0.08396946564885496
curepam plus 0.5mg/5mg tablet,6.825595443939102e-05,0.9317279256442754,0.08396946564885496
curerex 10mg tablet,9.819845268302474e-05,0.9658404134185863,0.061068702290076333
curerex 25mg tablet,9.819845268302474e-05,0.9658404134185863,0.061068702290076333
curerex 5mg/2.5mg tablet,3.208398501504382e-05,0.8742567192579085,0.07633587786259542
curotrip 12.5mg/5mg tablet,1.602404439539721e-05,0.800508166969147,0.0916030534351145
curotrip ds 25mg/10mg tablet,1.602404439539721e-05,0.800508166969147,0.0916030534351145
cutram p 50mg/325mg tablet,3.134616001256474e-05,0.8407929851315288,0.11450381679389313
cutric 10mg/1mg tablet,6.013519816155538e-05,0.8662895749862519,0.10687022900763359
cutspas-c tablet,4.2879673447075457e-05,0.8801181259478011,0.08396946564885496
cuzcet 500mg/50mg tablet,1.073315002030881e-05,0.8348095995154818,0.05343511450381679
cuzep 0.25mg tablet,5.1476376818324204e-05,0.9656712496716,0.04580152671755725
cyclobid plus tablet,4.2879673447075457e-05,0.8801181259478011,0.08396946564885496
cyclofit td tablet,2.123200353441007e-05,0.8350624763347217,0.06870229007633588
cyclogun tablet,4.2879673447075457e-05,0.8801181259478011,0.08396946564885496
cyclon 2.5 mg/5 mg/10 mg tablet,4.2879673447075457e-05,0.8801181259478011,0.08396946564885496
cyclones-td tablet,2.123200353441007e-05,0.8350624763347217,0.06870229007633588
cycloprox 10mg/325mg/50mg capsule,1.0755317242085759e-05,0.7336171911383141,0.061068702290076333
cyclozobid tablet,1.0755317242085759e-05,0.7336171911383141,0.061068702290076333
cylec 0.5mg tablet,5.1476376818324204e-05,0.9656712496716,0.04580152671755725
cylenc 0.25mg tablet,5.1476376818324204e-05,0.9656712496716,0.04580152671755725
cylenc 1mg tablet,5.1476376818324204e-05,0.9656712496716,0.04580152671755725
cylenc 2mg tablet,5.1476376818324204e-05,0.9656712496716,0.04580152671755725
cynosleep 10mg/1mg tablet,6.013519816155538e-05,0.8662895749862519,0.10687022900763359
cypremal injection,5.8860647739280435e-06,0.8331696259916888,0.03816793893129771
cypremal tablet,1.073315002030881e-05,0.8348095995154818,0.05343511450381679
cyrator forte 0.5mg/10mg tablet,6.825595443939102e-05,0.9317279256442754,0.08396946564885496
cyrator ls 0.25mg/5mg tablet,6.825595443939102e-05,0.9317279256442754,0.08396946564885496
cyspas c tablet,4.2879673447075457e-05,0.8801181259478011,0.08396946564885496
cyzax 0.5mg tablet,5.1476376818324204e-05,0.9656712496716,0.04580152671755725
cyzax 1mg tablet,5.1476376818324204e-05,0.9656712496716,0.04580152671755725
cyzax 2mg tablet,5.1476376818324204e-05,0.9656712496716,0.04580152671755725
cz pex-5 md tablet,3.9616768675442404e-05,0.8518346852066435,0.13740458015267176
cz-pex 10 md tablet,3.9616768675442404e-05,0.8518346852066435,0.13740458015267176
czam 10mg tablet,5.1476376818324204e-05,0.9656712496716,0.04580152671755725
czam 5mg tablet,3.9616768675442404e-05,0.8518346852066435,0.13740458015267176
czap 0.5mg tablet,5.1476376818324204e-05,0.9656712496716,0.04580152671755725
czap 2mg tablet,5.1476376818324204e-05,0.9656712496716,0.04580152671755725
czep 10mg tablet,9.819845268302474e-05,0.9658404134185863,0.061068702290076333
czep cl tablet,3.208398501504382e-05,0.8742567192579085,0.07633587786259542
czep f 25mg/10mg tablet,1.602404439539721e-05,0.800508166969147,0.0916030534351145
czep h 12.5mg/5mg tablet,1.602404439539721e-05,0.800508166969147,0.0916030534351145
czpam 0.25mg tablet,5.1476376818324204e-05,0.9656712496716,0.04580152671755725
czpam 0.5mg tablet,5.1476376818324204e-05,0.9656712496716,0.04580152671755725
czpam 1mg tablet,5.1476376818324204e-05,0.9656712496716,0.04580152671755725
d fax ls 100 tablet sr,8.174503195717589e-05,0.8284125910900759,0.0916030534351145
erectile dysfunction,2.0244604957383178e-06,0.30310591983010354,0.005138557533492384
ejaculation disorder,2.0244604957383178e-06,0.30310591983010354,0.005138557533492384
d fax ls 100mg/0.5mg tablet,8.174503195717589e-05,0.8284125910900759,0.0916030534351145
d fax ls 50mg/0.5mg tablet,8.174503195717589e-05,0.8284125910900759,0.0916030534351145
d fax plus 100mg/0.5mg tablet,8.174503195717589e-05,0.8284125910900759,0.0916030534351145
d fax plus 50mg/0.5mg tablet,8.174503195717589e-05,0.8284125910900759,0.0916030534351145
d kam 0.25mg tablet,6.280763361236917e-07,0.6846941943495809,0.015267175572519083
d kam 0.5mg tablet,6.280763361236917e-07,0.6846941943495809,0.015267175572519083
d p m 10mg tablet,7.844086586140786e-06,0.7070856043603719,0.030534351145038167
d prim 2mg/25mg tablet,1.602404439539721e-05,0.800508166969147,0.0916030534351145
d ventin plus 100mg/0.5mg tablet,8.174503195717589e-05,0.8284125910900759,0.0916030534351145
d-clob 10 tablet,3.9616768675442404e-05,0.8518346852066435,0.13740458015267176
d-clob 5 tablet,3.9616768675442404e-05,0.8518346852066435,0.13740458015267176
d-cuf syrup,9.007234941820291e-05,0.9205275899490776,0.061068702290076333
d-max tablet,4.2879673447075457e-05,0.8801181259478011,0.08396946564885496
d-venizep 100 tablet er,8.174503195717589e-05,0.8284125910900759,0.0916030534351145
d-venizep 50 tablet er,8.174503195717589e-05,0.8284125910900759,0.0916030534351145
d.d.lam 0.25mg tablet,6.280763361236917e-07,0.6846941943495809,0.015267175572519083
d.d.lam 0.5mg tablet,6.280763361236917e-07,0.6846941943495809,0.015267175572519083
d.d.lam 1mg tablet,6.280763361236917e-07,0.6846941943495809,0.015267175572519083
dactive 10mg tablet,2.013277755628682e-05,0.83925717330086,0.0916030534351145
dactive 12.5mg tablet,2.013277755628682e-05,0.83925717330086,0.0916030534351145
dactive 5mg tablet,2.013277755628682e-05,0.83925717330086,0.0916030534351145
dactive 6.25mg tablet,2.013277755628682e-05,0.83925717330086,0.0916030534351145
dactive 6.25mg tablet sr,2.013277755628682e-05,0.83925717330086,0.0916030534351145
dactive 6.5mg tablet sr,2.013277755628682e-05,0.83925717330086,0.0916030534351145
dalipam plus 0.5mg/10mg tablet,6.825595443939102e-05,0.9317279256442754,0.08396946564885496
dalipam plus 0.5mg/5mg tablet,6.825595443939102e-05,0.9317279256442754,0.08396946564885496
dalp la 0.5mg tablet,6.280763361236917e-07,0.6846941943495809,0.015267175572519083
damadol 50mg injection,5.8860647739280435e-06,0.8331696259916888,0.03816793893129771
damed 50mg injection,5.8860647739280435e-06,0.8331696259916888,0.03816793893129771
damol 100mg tablet sr,5.8860647739280435e-06,0.8331696259916888,0.03816793893129771
damol 50mg injection,5.8860647739280435e-06,0.8331696259916888,0.03816793893129771
damol-p 37.5mg/325mg tablet,3.134616001256474e-05,0.8407929851315288,0.11450381679389313
darol 50mg injection,5.8860647739280435e-06,0.8331696259916888,0.03816793893129771
darvocet 650 mg/65 mg tablet,4.530473585561955e-06,0.8000435318871073,0.030534351145038167
daslin cd 4 mg/10 mg syrup,9.007234941820291e-05,0.9205275899490776,0.061068702290076333
davaindia clobazam 10mg tablet,3.9616768675442404e-05,0.8518346852066435,0.13740458015267176
davaindia clobazam 5mg tablet,3.9616768675442404e-05,0.8518346852066435,0.13740458015267176
daxipam 0.25 tablet,5.1476376818324204e-05,0.9656712496716,0.04580152671755725
daxipam 0.5 tablet,5.1476376818324204e-05,0.9656712496716,0.04580152671755725
daznil plus 12.5mg/5mg tablet,1.602404439539721e-05,0.800508166969147,0.0916030534351145
dazolam 0.25mg tablet,6.280763361236917e-07,0.6846941943495809,0.015267175572519083
dazolam-f 0.25mg/20mg tablet,6.825595443939102e-05,0.9317279256442754,0.08396946564885496
dazolam-p 0.25mg/20mg tablet,1.6745408863379544e-05,0.7151566249432518,0.061068702290076333
decolic 2 mg/20 mg tablet,5.291285514630765e-05,0.8748115827052757,0.08396946564885496
decolic 80 mg/na tablet,5.291285514630765e-05,0.8748115827052757,0.08396946564885496
decolic ibs 5mg/2.5mg tablet,3.208398501504382e-05,0.8742567192579085,0.07633587786259542
decotram 100mg injection,5.8860647739280435e-06,0.8331696259916888,0.03816793893129771
decotram pd tablet,1.073315002030881e-05,0.8348095995154818,0.05343511450381679
deepex 100 mg/400 mg/32.5 mg tablet,7.875997926536431e-05,0.8002757819870818,0.04580152671755725
increased liver enzymes,1.0711431194382633e-07,0.29505400795906767,0.0009175995595522114
defispas cd 2.5mg/5mg/10mg tablet,4.2879673447075457e-05,0.8801181259478011,0.08396946564885496
defmind plus tablet er,8.174503195717589e-05,0.8284125910900759,0.0916030534351145
dekopam 5mg tablet,7.844086586140786e-06,0.7070856043603719,0.030534351145038167
delpodol p 325mg/37.5mg tablet,1.073315002030881e-05,0.8348095995154818,0.05343511450381679
delpodol tablet,1.073315002030881e-05,0.8348095995154818,0.05343511450381679
delto 0.25mg tablet,6.280763361236917e-07,0.6846941943495809,0.015267175572519083
delto 0.5mg tablet,6.280763361236917e-07,0.6846941943495809,0.015267175572519083
dem 10mg tablet,2.013277755628682e-05,0.83925717330086,0.0916030534351145
denzy a 0.5mg/50mg tablet,6.825595443939102e-05,0.9317279256442754,0.08396946564885496
dep tablet,0.00016873650144013725,0.8710798641282882,0.1297709923664122
deparis fort 5mg/25mg tablet,1.602404439539721e-05,0.800508166969147,0.0916030534351145
depaxil cr plus 12.5 tablet,6.825595443939102e-05,0.9317279256442754,0.08396946564885496
depcon tablet,4.2879673447075457e-05,0.8801181259478011,0.08396946564885496
depik forte 5 mg/25 mg tablet,1.602404439539721e-05,0.800508166969147,0.0916030534351145
depik plus 2 mg/25 mg tablet,1.602404439539721e-05,0.800508166969147,0.0916030534351145
depitame plus 0.5 mg/10 mg tablet,6.825595443939102e-05,0.9317279256442754,0.08396946564885496
depjoy 0.5mg/10mg tablet,6.825595443939102e-05,0.9317279256442754,0.08396946564885496
depkey ch 25mg/10mg tablet,1.602404439539721e-05,0.800508166969147,0.0916030534351145
depkey-ch 12.5 tablet,1.602404439539721e-05,0.800508166969147,0.0916030534351145
deplam 0.25 mg/25 mg tablet,1.602404439539721e-05,0.800508166969147,0.0916030534351145
deplam f 0.25mg/20mg tablet,6.825595443939102e-05,0.9317279256442754,0.08396946564885496
depline forte 25 mg/10 mg tablet,1.602404439539721e-05,0.800508166969147,0.0916030534351145
depline plus 12.5 mg/5 mg tablet,1.602404439539721e-05,0.800508166969147,0.0916030534351145
deplo plus 0.5mg/10mg tablet,6.825595443939102e-05,0.9317279256442754,0.08396946564885496
depndnce plus 37.5mg/325mg tablet,3.134616001256474e-05,0.8407929851315288,0.11450381679389313
depnil forte 5 mg/25 mg tablet,1.602404439539721e-05,0.800508166969147,0.0916030534351145
depnil plus 2 mg/25 mg tablet,1.602404439539721e-05,0.800508166969147,0.0916030534351145
deponyx tablet,6.825595443939102e-05,0.9317279256442754,0.08396946564885496
depout ch 12.5mg/5mg tablet,1.602404439539721e-05,0.800508166969147,0.0916030534351145
depout-c tablet,1.602404439539721e-05,0.800508166969147,0.0916030534351145
depoxit plus 0.25mg/20mg tablet,6.825595443939102e-05,0.9317279256442754,0.08396946564885496
depran  10 tablet,6.825595443939102e-05,0.9317279256442754,0.08396946564885496
depran  5 tablet,6.825595443939102e-05,0.9317279256442754,0.08396946564885496
depran  forte 0.5mg/20mg tablet,6.825595443939102e-05,0.9317279256442754,0.08396946564885496
depran l 0.5mg/10mg tablet,6.825595443939102e-05,0.9317279256442754,0.08396946564885496
depran-h tablet,6.825595443939102e-05,0.9317279256442754,0.08396946564885496
depran-l tablet,6.825595443939102e-05,0.9317279256442754,0.08396946564885496
depranil plus 5 mg/25 mg tablet,1.602404439539721e-05,0.800508166969147,0.0916030534351145
depresom-id 5mg/0.25mg tablet,1.602404439539721e-05,0.800508166969147,0.0916030534351145
deprid forte 5 mg/25 mg tablet,1.602404439539721e-05,0.800508166969147,0.0916030534351145
deprid m 2mg/12.5mg tablet,1.602404439539721e-05,0.800508166969147,0.0916030534351145
deprid plus 2 mg/25 mg tablet,1.602404439539721e-05,0.800508166969147,0.0916030534351145
depriwell 0.5 tablet md,5.1476376818324204e-05,0.9656712496716,0.04580152671755725
depriwell-plus tablet,6.825595443939102e-05,0.9317279256442754,0.08396946564885496
deproz 0.5mg tablet,6.280763361236917e-07,0.6846941943495809,0.015267175572519083
depsin plus 2mg/25mg tablet,1.602404439539721e-05,0.800508166969147,0.0916030534351145
depsodep 25 mg/10 mg tablet,1.602404439539721e-05,0.800508166969147,0.0916030534351145
depsol forte 5 mg/25 mg tablet,1.602404439539721e-05,0.800508166969147,0.0916030534351145
depsol plus 2 mg/25 mg tablet,1.602404439539721e-05,0.800508166969147,0.0916030534351145
depsolam 0.25 mg/25 mg tablet,1.602404439539721e-05,0.800508166969147,0.0916030534351145
depsonil dz 2 mg/25 mg tablet,1.602404439539721e-05,0.800508166969147,0.0916030534351145
depstalo plus tablet,6.825595443939102e-05,0.9317279256442754,0.08396946564885496
depten az 0.25mg/20mg tablet,6.825595443939102e-05,0.9317279256442754,0.08396946564885496
deptune plus tablet,6.825595443939102e-05,0.9317279256442754,0.08396946564885496
depwell 0.25mg/20mg tablet,6.825595443939102e-05,0.9317279256442754,0.08396946564885496
descilex cz 0.5mg/10mg tablet,6.825595443939102e-05,0.9317279256442754,0.08396946564885496
desilam plus tablet,6.825595443939102e-05,0.9317279256442754,0.08396946564885496
desrina plus 50mg/0.25mg tablet,8.174503195717589e-05,0.8284125910900759,0.0916030534351145
desstar forte 100mg/0.5mg tablet,8.174503195717589e-05,0.8284125910900759,0.0916030534351145
destab c 50mg/0.5mg tablet,8.174503195717589e-05,0.8284125910900759,0.0916030534351145
desteyn forte 50mg/0.5mg tablet er,8.174503195717589e-05,0.8284125910900759,0.0916030534351145
desteyn plus 100mg/0.5mg tablet er,8.174503195717589e-05,0.8284125910900759,0.0916030534351145
destres 0.25mg/3mg tablet,2.0704040468144325e-05,0.754189179946652,0.04580152671755725
destres-ec 0.25mg/20mg tablet,1.6745408863379544e-05,0.7151566249432518,0.061068702290076333
destres-ec tablet,6.825595443939102e-05,0.9317279256442754,0.08396946564885496
destres-ech tablet,6.825595443939102e-05,0.9317279256442754,0.08396946564885496
desvelaf plus 50mg/0.5mg tablet er,8.174503195717589e-05,0.8284125910900759,0.0916030534351145
detalo-c 0.5mg/10mg tablet,6.825595443939102e-05,0.9317279256442754,0.08396946564885496
detra p 500 mg/37.5 mg tablet,1.073315002030881e-05,0.8348095995154818,0.05343511450381679
dewyday 1mg tablet,1.052004745655686e-06,0.7050060737804488,0.030534351145038167
dewyday 2mg tablet,4.422707264527638e-06,0.7177634576580095,0.030534351145038167
dexanil forte 0.5mg/20mg tablet,6.825595443939102e-05,0.9317279256442754,0.08396946564885496
dexanil-h tablet,6.825595443939102e-05,0.9317279256442754,0.08396946564885496
dexanil-l tablet,6.825595443939102e-05,0.9317279256442754,0.08396946564885496
dexanil-m tablet,6.825595443939102e-05,0.9317279256442754,0.08396946564885496
dexolam 0.25mg tablet,6.280763361236917e-07,0.6846941943495809,0.015267175572519083
dexolam 0.5mg tablet,6.280763361236917e-07,0.6846941943495809,0.015267175572519083
dexorin tablet,1.4869415574955766e-05,0.8335475092599591,0.061068702290076333
diacalm 10mg tablet,7.844086586140786e-06,0.7070856043603719,0.030534351145038167
diacalm 5mg tablet,7.844086586140786e-06,0.7070856043603719,0.030534351145038167
dial 0.25mg tablet,6.280763361236917e-07,0.6846941943495809,0.015267175572519083
dial 0.5mg tablet,6.280763361236917e-07,0.6846941943495809,0.015267175572519083
dial 2mg tablet,6.280763361236917e-07,0.6846941943495809,0.015267175572519083
dialex dc 4 mg/10 mg syrup,9.007234941820291e-05,0.9205275899490776,0.061068702290076333
diamin plus 2 mg/25 mg tablet,1.602404439539721e-05,0.800508166969147,0.0916030534351145
diamin plus 5 mg/25 mg tablet,1.602404439539721e-05,0.800508166969147,0.0916030534351145
diapyrin 250 mg/250 mg/5 mg tablet,1.1166970644004047e-05,0.8334215100899403,0.05343511450381679
diastat 10mg tablet,7.844086586140786e-06,0.7070856043603719,0.030534351145038167
diaze 5mg tablet,7.844086586140786e-06,0.7070856043603719,0.030534351145038167
diazecalm 5mg tablet,7.844086586140786e-06,0.7070856043603719,0.030534351145038167
diazeco 10mg tablet,7.844086586140786e-06,0.7070856043603719,0.030534351145038167
diazeco 5mg tablet,7.844086586140786e-06,0.7070856043603719,0.030534351145038167
diazepox-t tablet,6.013519816155538e-05,0.8662895749862519,0.10687022900763359
diazewok 5mg injection,2.7728151452124645e-05,0.73744399117234,0.030534351145038167
diazewok 5mg tablet,7.844086586140786e-06,0.7070856043603719,0.030534351145038167
diaztric a 12.5mg/5mg tablet,1.602404439539721e-05,0.800508166969147,0.0916030534351145
diaztric a 25mg/10mg tablet,1.602404439539721e-05,0.800508166969147,0.0916030534351145
dibol 75 mg/50 mg tablet,2.123200353441007e-05,0.8350624763347217,0.06870229007633588
dibol ld 75mg/18.75mg tablet,2.123200353441007e-05,0.8350624763347217,0.06870229007633588
dibol s tablet,2.123200353441007e-05,0.8350624763347217,0.06870229007633588
diclofon mr tablet,2.8529875364782925e-05,0.8353155064010302,0.08396946564885496
diclofon tablet,2.123200353441007e-05,0.8350624763347217,0.06870229007633588
dicodin 500mg/10mg tablet,5.8860647739280435e-06,0.8331696259916888,0.03816793893129771
dicodine cough syrup,9.007234941820291e-05,0.9205275899490776,0.061068702290076333
dicodyl 4 mg/10 mg syrup,9.007234941820291e-05,0.9205275899490776,0.061068702290076333
dicodyl t syrup,9.007234941820291e-05,0.9205275899490776,0.061068702290076333
didol d tablet,1.073315002030881e-05,0.8348095995154818,0.05343511450381679
didol injection,5.8860647739280435e-06,0.8331696259916888,0.03816793893129771
didol p tablet,3.134616001256474e-05,0.8407929851315288,0.11450381679389313
dinax t 500 mg/50 mg tablet,1.073315002030881e-05,0.8348095995154818,0.05343511450381679
diozam 10mg tablet,3.9616768675442404e-05,0.8518346852066435,0.13740458015267176
dipax 10mg tablet,7.844086586140786e-06,0.7070856043603719,0.030534351145038167
dipax 5mg tablet,7.844086586140786e-06,0.7070856043603719,0.030534351145038167
diphecol cough syrup,9.007234941820291e-05,0.9205275899490776,0.061068702290076333
dipra 0.5mg tablet,6.280763361236917e-07,0.6846941943495809,0.015267175572519083
diprex 0.25mg tablet,6.280763361236917e-07,0.6846941943495809,0.015267175572519083
diprex 0.5mg tablet,6.280763361236917e-07,0.6846941943495809,0.015267175572519083
diprop tablet,1.6745408863379544e-05,0.7151566249432518,0.061068702290076333
dipwell plus tablet,6.825595443939102e-05,0.9317279256442754,0.08396946564885496
dismol dp 10 mg/325 mg/37.5 mg tablet,1.073315002030881e-05,0.8348095995154818,0.05343511450381679
dismol p 500 mg/50 mg injection,1.073315002030881e-05,0.8348095995154818,0.05343511450381679
dismol p 500 mg/50 mg tablet,1.073315002030881e-05,0.8348095995154818,0.05343511450381679
ditryp h tablet,1.602404439539721e-05,0.800508166969147,0.0916030534351145
ditryp plus tablet,1.602404439539721e-05,0.800508166969147,0.0916030534351145
divapam 0.25mg tablet,5.1476376818324204e-05,0.9656712496716,0.04580152671755725
divapam 0.5mg tablet,5.1476376818324204e-05,0.9656712496716,0.04580152671755725
divapam lite 0.25mg/10mg tablet,6.825595443939102e-05,0.9317279256442754,0.08396946564885496
dize 10mg tablet,7.844086586140786e-06,0.7070856043603719,0.030534351145038167
dize 5mg tablet,7.844086586140786e-06,0.7070856043603719,0.030534351145038167
dizep 10mg injection,2.7728151452124645e-05,0.73744399117234,0.030534351145038167
dizep 5mg tablet,7.844086586140786e-06,0.7070856043603719,0.030534351145038167
dizep injection,2.7728151452124645e-05,0.73744399117234,0.030534351145038167
dizep t 10mg/1mg tablet,6.013519816155538e-05,0.8662895749862519,0.10687022900763359
dizep-p 5mg injection,2.7728151452124645e-05,0.73744399117234,0.030534351145038167
dizepax 2.5 mg/20 mg tablet,1.6745408863379544e-05,0.7151566249432518,0.061068702290076333
dizepax m tablet,1.6745408863379544e-05,0.7151566249432518,0.061068702290076333
dizeral 2.5 mg/20 mg tablet,1.6745408863379544e-05,0.7151566249432518,0.061068702290076333
dizeral az 0.25mg/20mg tablet,1.6745408863379544e-05,0.7151566249432518,0.061068702290076333
dizeral az m 0.25 mg/10 mg tablet,1.6745408863379544e-05,0.7151566249432518,0.061068702290076333
dizeral c hd tablet,1.6745408863379544e-05,0.7151566249432518,0.061068702290076333
dizeral cp 0.5 mg/20 mg tablet,1.6745408863379544e-05,0.7151566249432518,0.061068702290076333
dizeral cpm tablet,1.6745408863379544e-05,0.7151566249432518,0.061068702290076333
dizeral m 2.5 mg/20 mg tablet,1.6745408863379544e-05,0.7151566249432518,0.061068702290076333
dizox 10 tablet,7.844086586140786e-06,0.7070856043603719,0.030534351145038167
dizox 10mg tablet,7.844086586140786e-06,0.7070856043603719,0.030534351145038167
dizy 5mg tablet,7.844086586140786e-06,0.7070856043603719,0.030534351145038167
dizy plus 5mg/25mg tablet,1.602404439539721e-05,0.800508166969147,0.0916030534351145
doff td tablet,1.073315002030881e-05,0.8348095995154818,0.05343511450381679
dol a 325 mg/37.5 mg tablet,1.073315002030881e-05,0.8348095995154818,0.05343511450381679
dolakan p 37.5mg/325mg tablet,3.134616001256474e-05,0.8407929851315288,0.11450381679389313
dolark p 37.5mg/325mg tablet,3.134616001256474e-05,0.8407929851315288,0.11450381679389313
dolatom ap 100mg/325mg/37.5mg tablet,2.123200353441007e-05,0.8350624763347217,0.06870229007633588
dolatom p 37.5mg/325mg tablet,3.134616001256474e-05,0.8407929851315288,0.11450381679389313
dolatune p 37.5mg/325mg tablet,3.134616001256474e-05,0.8407929851315288,0.11450381679389313
dolbest 100mg injection,5.8860647739280435e-06,0.8331696259916888,0.03816793893129771
dolbest p 50mg/500mg tablet,3.134616001256474e-05,0.8407929851315288,0.11450381679389313
dolex 50mg injection,5.8860647739280435e-06,0.8331696259916888,0.03816793893129771
dolex p 325mg/37.5mg tablet,1.073315002030881e-05,0.8348095995154818,0.05343511450381679
dolex tablet dt,5.8860647739280435e-06,0.8331696259916888,0.03816793893129771
dolfen-p 50mg/500mg tablet,3.134616001256474e-05,0.8407929851315288,0.11450381679389313
dolfre 100mg injection,5.8860647739280435e-06,0.8331696259916888,0.03816793893129771
dolfre 100mg tablet sr,5.8860647739280435e-06,0.8331696259916888,0.03816793893129771
dolfre 50mg injection,5.8860647739280435e-06,0.8331696259916888,0.03816793893129771
dolfre 50mg tablet,5.8860647739280435e-06,0.8331696259916888,0.03816793893129771
dolfre plus 325 mg/37.5 mg tablet,1.073315002030881e-05,0.8348095995154818,0.05343511450381679
dolgesic forte 400 mg/500 mg tablet,1.073315002030881e-05,0.8348095995154818,0.05343511450381679
dolin plus tablet,3.134616001256474e-05,0.8407929851315288,0.11450381679389313
dolinsta p tablet,1.073315002030881e-05,0.8348095995154818,0.05343511450381679
dolinsta tablet,2.123200353441007e-05,0.8350624763347217,0.06870229007633588
doliriz p 37.5mg/325mg tablet,3.134616001256474e-05,0.8407929851315288,0.11450381679389313
dolma 50mg injection,5.8860647739280435e-06,0.8331696259916888,0.03816793893129771
dolmark 100mg injection,5.8860647739280435e-06,0.8331696259916888,0.03816793893129771
dolmol tablet,3.134616001256474e-05,0.8407929851315288,0.11450381679389313
dolmundin 100mg tablet,5.8860647739280435e-06,0.8331696259916888,0.03816793893129771
dolmundin 200mg tablet,5.8860647739280435e-06,0.8331696259916888,0.03816793893129771
dolnac p 50mg/325mg tablet,3.134616001256474e-05,0.8407929851315288,0.11450381679389313
dolo-t tablet,3.134616001256474e-05,0.8407929851315288,0.11450381679389313
dolobak tablet,3.134616001256474e-05,0.8407929851315288,0.11450381679389313
dolodol 50mg capsule,5.8860647739280435e-06,0.8331696259916888,0.03816793893129771
dolodol p tablet,1.073315002030881e-05,0.8348095995154818,0.05343511450381679
dolofirst 325 mg/37.5 mg tablet,1.073315002030881e-05,0.8348095995154818,0.05343511450381679
dolofort 100mg injection,5.8860647739280435e-06,0.8331696259916888,0.03816793893129771
dolofort 50mg injection,5.8860647739280435e-06,0.8331696259916888,0.03816793893129771
dologen tablet,3.134616001256474e-05,0.8407929851315288,0.11450381679389313
dolohit 50mg injection,5.8860647739280435e-06,0.8331696259916888,0.03816793893129771
dolohit p 37.5mg/325mg tablet,3.134616001256474e-05,0.8407929851315288,0.11450381679389313
dolokoff syrup,9.007234941820291e-05,0.9205275899490776,0.061068702290076333
dolomed t 100mg tablet sr,5.8860647739280435e-06,0.8331696259916888,0.03816793893129771
dolonat tablet,1.073315002030881e-05,0.8348095995154818,0.05343511450381679
dolop plus 325mg/37.5mg tablet,1.073315002030881e-05,0.8348095995154818,0.05343511450381679
dolopax d capsule,1.7366848042312856e-05,0.800508166969147,0.061068702290076333
dolorest 37.5mg/325mg tablet,3.134616001256474e-05,0.8407929851315288,0.11450381679389313
dolosac-trp 325mg/37.5mg tablet,1.073315002030881e-05,0.8348095995154818,0.05343511450381679
dolosafe 37.5mg/325mg tablet,3.134616001256474e-05,0.8407929851315288,0.11450381679389313
dolosafe d tablet,3.134616001256474e-05,0.8407929851315288,0.11450381679389313
dolosal 100mg injection,5.8860647739280435e-06,0.8331696259916888,0.03816793893129771
dolosal p 37.5mg/325mg tablet,3.134616001256474e-05,0.8407929851315288,0.11450381679389313
dolosec tablet,1.073315002030881e-05,0.8348095995154818,0.05343511450381679
doloset injection,5.8860647739280435e-06,0.8331696259916888,0.03816793893129771
dolospan dp 10mg/325mg/37.5mg tablet,1.073315002030881e-05,0.8348095995154818,0.05343511450381679
dolospan p fizz tablet,1.073315002030881e-05,0.8348095995154818,0.05343511450381679
dolospan p tablet,1.073315002030881e-05,0.8348095995154818,0.05343511450381679
dolotram 50mg capsule,5.8860647739280435e-06,0.8331696259916888,0.03816793893129771
dolotram 50mg injection,5.8860647739280435e-06,0.8331696259916888,0.03816793893129771
dolotrol 50mg tablet,5.8860647739280435e-06,0.8331696259916888,0.03816793893129771
dolout p 325 mg/37.5 mg tablet,1.073315002030881e-05,0.8348095995154818,0.05343511450381679
dolowin old tablet,9.748137009673938e-06,0.8372181307417812,0.04580152671755725
dolowin t 50mg/500mg tablet,3.134616001256474e-05,0.8407929851315288,0.11450381679389313
dolphen 100mg injection,5.8860647739280435e-06,0.8331696259916888,0.03816793893129771
dolphen p 50mg/325mg tablet dt,3.134616001256474e-05,0.8407929851315288,0.11450381679389313
dolpic 100mg injection,5.8860647739280435e-06,0.8331696259916888,0.03816793893129771
dolpic p 37.5mg/325mg tablet,3.134616001256474e-05,0.8407929851315288,0.11450381679389313
dolpus injection,5.8860647739280435e-06,0.8331696259916888,0.03816793893129771
dolram 50mg tablet,5.8860647739280435e-06,0.8331696259916888,0.03816793893129771
dolram plus 37.5mg/325mg tablet,3.134616001256474e-05,0.8407929851315288,0.11450381679389313
dolriz 50mg injection,5.8860647739280435e-06,0.8331696259916888,0.03816793893129771
dolroz 100mg injection,5.8860647739280435e-06,0.8331696259916888,0.03816793893129771
dolset 100mg injection,5.8860647739280435e-06,0.8331696259916888,0.03816793893129771
dolset p 37.5mg/325mg tablet,3.134616001256474e-05,0.8407929851315288,0.11450381679389313
dolstar injection,5.8860647739280435e-06,0.8331696259916888,0.03816793893129771
dolsun 50mg injection,5.8860647739280435e-06,0.8331696259916888,0.03816793893129771
dolta 50mg injection,5.8860647739280435e-06,0.8331696259916888,0.03816793893129771
doltrac 325mg/50mg tablet,1.073315002030881e-05,0.8348095995154818,0.05343511450381679
doltrum p 37.5mg/325mg tablet,3.134616001256474e-05,0.8407929851315288,0.11450381679389313
dolus 100mg injection,5.8860647739280435e-06,0.8331696259916888,0.03816793893129771
dolus 50mg injection,5.8860647739280435e-06,0.8331696259916888,0.03816793893129771
dolve 325 mg/37.5 mg tablet,1.073315002030881e-05,0.8348095995154818,0.05343511450381679
dolvel 50mg injection,5.8860647739280435e-06,0.8331696259916888,0.03816793893129771
dolvel p 37.5mg/325mg tablet,3.134616001256474e-05,0.8407929851315288,0.11450381679389313
dolwall-t tablet,3.134616001256474e-05,0.8407929851315288,0.11450381679389313
dolwell t 37.5mg/325mg tablet,3.134616001256474e-05,0.8407929851315288,0.11450381679389313
dolwin-t 37.5mg/325mg tablet,3.134616001256474e-05,0.8407929851315288,0.11450381679389313
dolzac p 500 mg/50 mg tablet,1.073315002030881e-05,0.8348095995154818,0.05343511450381679
dolzero 325 mg/37.5 mg tablet,1.073315002030881e-05,0.8348095995154818,0.05343511450381679
dolzorix 100mg injection,5.8860647739280435e-06,0.8331696259916888,0.03816793893129771
domadol 100mg injection,5.8860647739280435e-06,0.8331696259916888,0.03816793893129771
domadol 100mg tablet sr,5.8860647739280435e-06,0.8331696259916888,0.03816793893129771
domadol 50mg capsule,5.8860647739280435e-06,0.8331696259916888,0.03816793893129771
domadol 50mg injection,5.8860647739280435e-06,0.8331696259916888,0.03816793893129771
domadol plus 325 mg/37.5 mg tablet,1.073315002030881e-05,0.8348095995154818,0.05343511450381679
domaspas tablet,1.8769090950218005e-05,0.8377269619387677,0.06870229007633588
domrex t tablet,1.073315002030881e-05,0.8348095995154818,0.05343511450381679
domtra-p tablet,1.073315002030881e-05,0.8348095995154818,0.05343511450381679
dorapam 0.5mg/10mg tablet,6.825595443939102e-05,0.9317279256442754,0.08396946564885496
dormin 5mg capsule,4.204496272169002e-05,0.917006237006237,0.04580152671755725
dotcam 0.25mg tablet,6.280763361236917e-07,0.6846941943495809,0.015267175572519083
dotcam 0.5mg tablet,6.280763361236917e-07,0.6846941943495809,0.015267175572519083
dotcam p 0.25mg/20mg tablet,1.6745408863379544e-05,0.7151566249432518,0.061068702290076333
dotri-az tablet,1.6745408863379544e-05,0.7151566249432518,0.061068702290076333
dpm 5mg tablet,7.844086586140786e-06,0.7070856043603719,0.030534351145038167
dpm injection,2.7728151452124645e-05,0.73744399117234,0.030534351145038167
dpm tablet,7.844086586140786e-06,0.7070856043603719,0.030534351145038167
dr best alprazolam 0.25 tablet,6.280763361236917e-07,0.6846941943495809,0.015267175572519083
dr best alprazolam 0.5 tablet,6.280763361236917e-07,0.6846941943495809,0.015267175572519083
dr best clonazepam 0.5 tablet,5.1476376818324204e-05,0.9656712496716,0.04580152671755725
dratram 100mg injection,5.8860647739280435e-06,0.8331696259916888,0.03816793893129771
dratram p 37.5mg/325mg tablet,3.134616001256474e-05,0.8407929851315288,0.11450381679389313
dreamer 0.25mg tablet,6.280763361236917e-07,0.6846941943495809,0.015267175572519083
dreamer 0.5mg tablet,6.280763361236917e-07,0.6846941943495809,0.015267175572519083
dristan expectorant,9.007234941820291e-05,0.9205275899490776,0.061068702290076333
drobit 50mg tablet,5.8860647739280435e-06,0.8331696259916888,0.03816793893129771
dtrama p 37.5mg/325mg tablet,3.134616001256474e-05,0.8407929851315288,0.11450381679389313
dtryp 12.5 mg/5 mg tablet,1.602404439539721e-05,0.800508166969147,0.0916030534351145
dualpain 75mg/50mg tablet,2.123200353441007e-05,0.8350624763347217,0.06870229007633588
dukoff syrup,9.007234941820291e-05,0.9205275899490776,0.061068702290076333
dulocent 325 mg/37.5 mg tablet,1.073315002030881e-05,0.8348095995154818,0.05343511450381679
dulozep 1 tablet,1.052004745655686e-06,0.7050060737804488,0.030534351145038167
duracet 325mg/37.5mg tablet,1.073315002030881e-05,0.8348095995154818,0.05343511450381679
duradol 100mg injection,5.8860647739280435e-06,0.8331696259916888,0.03816793893129771
duradol 37.5mg/325mg tablet,3.134616001256474e-05,0.8407929851315288,0.11450381679389313
duradol dp 10mg/325mg/37.5mg tablet,1.073315002030881e-05,0.8348095995154818,0.05343511450381679
duradol plus 75mg/50mg tablet sr,2.123200353441007e-05,0.8350624763347217,0.06870229007633588
duram plus 0.5mg/10mg tablet,6.825595443939102e-05,0.9317279256442754,0.08396946564885496
duram-c 0.5mg/10mg tablet,6.825595443939102e-05,0.9317279256442754,0.08396946564885496
duramor 10mg tablet,9.597286009123102e-05,0.9205275899490776,0.061068702290076333
duramor 30mg tablet,9.597286009123102e-05,0.9205275899490776,0.061068702290076333
duranzo 50 mg/50 mg tablet,2.11300139963873e-05,0.8336735465336055,0.06870229007633588
durapain 75mg/50mg tablet,2.123200353441007e-05,0.8350624763347217,0.06870229007633588
durapain capsule,2.123200353441007e-05,0.8350624763347217,0.06870229007633588
durazipam-plus tablet,6.825595443939102e-05,0.9317279256442754,0.08396946564885496
durogesic 25mcg patch,0.00017312908981947882,0.9299991566163448,0.061068702290076333
rigidity,6.875347618814787e-07,0.32793382733069104,0.0022022389429253073
application site redness,6.875347618814787e-07,0.32793382733069104,0.0022022389429253073
respiratory depression,2.3955228215716277e-06,0.33891362422083704,0.0023857588548357495
durogesic 50mcg patch,0.00017312908981947882,0.9299991566163448,0.061068702290076333
dutramol 100mg injection,5.8860647739280435e-06,0.8331696259916888,0.03816793893129771
dutramol 37.5mg/325mg tablet,3.134616001256474e-05,0.8407929851315288,0.11450381679389313
dvn ibs tablet,2.541953654378274e-05,0.8517030972426045,0.07633587786259542
e-dol 100mg injection,5.8860647739280435e-06,0.8331696259916888,0.03816793893129771
e-dol p 50mg/500mg tablet,3.134616001256474e-05,0.8407929851315288,0.11450381679389313
e-dol plus 50mg/500mg tablet,3.134616001256474e-05,0.8407929851315288,0.11450381679389313
easyfeel 0.5mg tablet,5.1476376818324204e-05,0.9656712496716,0.04580152671755725
easyfeel 1mg tablet,5.1476376818324204e-05,0.9656712496716,0.04580152671755725
ebirax 5mg/2.5mg tablet,3.208398501504382e-05,0.8742567192579085,0.07633587786259542
ebrium 10mg tablet,9.819845268302474e-05,0.9658404134185863,0.061068702290076333
ecentopam plus 0.5mg/10mg tablet,6.825595443939102e-05,0.9317279256442754,0.08396946564885496
ecexa-ls tablet,6.825595443939102e-05,0.9317279256442754,0.08396946564885496
ecexa-plus tablet,6.825595443939102e-05,0.9317279256442754,0.08396946564885496
eci 0.25mg tablet,6.280763361236917e-07,0.6846941943495809,0.015267175572519083
eci 0.5mg tablet,6.280763361236917e-07,0.6846941943495809,0.015267175572519083
ecilop plus 0.5mg/10mg tablet,6.825595443939102e-05,0.9317279256442754,0.08396946564885496
ecit-plus tablet,6.825595443939102e-05,0.9317279256442754,0.08396946564885496
ecitalop c 0.5mg/10mg tablet,6.825595443939102e-05,0.9317279256442754,0.08396946564885496
ecitelo forte 0.5mg/10mg tablet,6.825595443939102e-05,0.9317279256442754,0.08396946564885496
ecitolix c 0.5mg/10mg tablet,6.825595443939102e-05,0.9317279256442754,0.08396946564885496
ecitom ds 0.5mg/20mg tablet,6.825595443939102e-05,0.9317279256442754,0.08396946564885496
ecitom forte 0.5mg/10mg tablet md,6.825595443939102e-05,0.9317279256442754,0.08396946564885496
ecitom forte 0.5mg/20mg tablet,6.825595443939102e-05,0.9317279256442754,0.08396946564885496
ecitom ls 0.5mg/5mg tablet,6.825595443939102e-05,0.9317279256442754,0.08396946564885496
ecitom plus 0.5mg/10mg tablet,6.825595443939102e-05,0.9317279256442754,0.08396946564885496
ecitom sf 0.25mg/5mg tablet,6.825595443939102e-05,0.9317279256442754,0.08396946564885496
ecopam-plus tablet,6.825595443939102e-05,0.9317279256442754,0.08396946564885496
ecotril 0.5mg tablet,5.1476376818324204e-05,0.9656712496716,0.04580152671755725
ecpam 0.25mg/5mg tablet,6.825595443939102e-05,0.9317279256442754,0.08396946564885496
ecsflam 50 mg/325 mg/32.5 mg tablet,1.7366848042312856e-05,0.800508166969147,0.061068702290076333
ection 0.5 mg/10 mg tablet,6.825595443939102e-05,0.9317279256442754,0.08396946564885496
ection ls 0.25mg/5mg tablet,6.825595443939102e-05,0.9317279256442754,0.08396946564885496
edol 37.5mg/325mg tablet,3.134616001256474e-05,0.8407929851315288,0.11450381679389313
eedol 100mg injection,5.8860647739280435e-06,0.8331696259916888,0.03816793893129771
egpam plus 0.5mg/20mg tablet,1.6745408863379544e-05,0.7151566249432518,0.061068702290076333
egret forte 50 mg/5 mg/2 mg tablet,8.719767304795018e-05,0.8709422636442619,0.12213740458015267
egrex tablet,3.208398501504382e-05,0.8742567192579085,0.07633587786259542
elatrip c 12.5mg/5mg tablet,1.602404439539721e-05,0.800508166969147,0.0916030534351145
elcion 10mg tablet cr,7.844086586140786e-06,0.7070856043603719,0.030534351145038167
elcita plus tablet,6.825595443939102e-05,0.9317279256442754,0.08396946564885496
elcodin syrup,9.007234941820291e-05,0.9205275899490776,0.061068702290076333
eldep plus 2 mg/25 mg tablet,1.602404439539721e-05,0.800508166969147,0.0916030534351145
eldezolam 0.5mg tablet,6.280763361236917e-07,0.6846941943495809,0.015267175572519083
eleflu 0.25 mg/20 mg tablet,6.825595443939102e-05,0.9317279256442754,0.08396946564885496
eleva 0.25mg tablet md,5.1476376818324204e-05,0.9656712496716,0.04580152671755725
eleva 1mg tablet md,5.1476376818324204e-05,0.9656712496716,0.04580152671755725
eleva 2mg tablet md,5.1476376818324204e-05,0.9656712496716,0.04580152671755725
elflu 0.25 mg/20 mg tablet,6.825595443939102e-05,0.9317279256442754,0.08396946564885496
elidep forte tablet,1.602404439539721e-05,0.800508166969147,0.0916030534351145
elidep plus 2mg/25mg tablet,1.602404439539721e-05,0.800508166969147,0.0916030534351145
ellium lc 0.25mg/10mg tablet,6.825595443939102e-05,0.9317279256442754,0.08396946564885496
ellium plus 0.5mg/10mg tablet,6.825595443939102e-05,0.9317279256442754,0.08396946564885496
elpam 5mg tablet,7.844086586140786e-06,0.7070856043603719,0.030534351145038167
elpose 10mg tablet,7.844086586140786e-06,0.7070856043603719,0.030534351145038167
elpose 5mg tablet,7.844086586140786e-06,0.7070856043603719,0.030534351145038167
elpram c 10mg/0.5mg tablet,6.825595443939102e-05,0.9317279256442754,0.08396946564885496
elpram plus 0.5mg/10mg tablet,6.825595443939102e-05,0.9317279256442754,0.08396946564885496
elspas c 2.5mg/5mg/10mg tablet,4.2879673447075457e-05,0.8801181259478011,0.08396946564885496
elspas tablet,3.208398501504382e-05,0.8742567192579085,0.07633587786259542
eltram 100mg injection,5.8860647739280435e-06,0.8331696259916888,0.03816793893129771
eltram 37.5mg/325mg tablet,3.134616001256474e-05,0.8407929851315288,0.11450381679389313
eltram 50mg tablet,5.8860647739280435e-06,0.8331696259916888,0.03816793893129771
eltram 50mg tablet dt,5.8860647739280435e-06,0.8331696259916888,0.03816793893129771
eltram p 50mg/500mg tablet,3.134616001256474e-05,0.8407929851315288,0.11450381679389313
eltram plus tablet,1.073315002030881e-05,0.8348095995154818,0.05343511450381679
elu cd 4 mg/10 mg syrup,9.007234941820291e-05,0.9205275899490776,0.061068702290076333
eluga forte 0.5mg/10mg tablet,6.825595443939102e-05,0.9317279256442754,0.08396946564885496
eluga plus 0.25mg/5mg tablet,6.825595443939102e-05,0.9317279256442754,0.08396946564885496
elzopam 0.25mg tablet,6.280763361236917e-07,0.6846941943495809,0.015267175572519083
emcloz 0.25mg tablet,5.1476376818324204e-05,0.9656712496716,0.04580152671755725
emcloz 0.5mg tablet,5.1476376818324204e-05,0.9656712496716,0.04580152671755725
emgard 15mg tablet,0.00016780563172365945,0.977657593758312,0.09923664122137404
emgard 30mg tablet,0.00016780563172365945,0.977657593758312,0.09923664122137404
emgard 60mg tablet,0.00016780563172365945,0.977657593758312,0.09923664122137404
emilep 5mg tablet,3.9616768675442404e-05,0.8518346852066435,0.13740458015267176
eminaz 0.25mg tablet,5.1476376818324204e-05,0.9656712496716,0.04580152671755725
eminaz 0.5mg tablet,5.1476376818324204e-05,0.9656712496716,0.04580152671755725
eminaz 2mg tablet,5.1476376818324204e-05,0.9656712496716,0.04580152671755725
emlol a 0.25mg/20mg tablet,1.6745408863379544e-05,0.7151566249432518,0.061068702290076333
emofexine plus 50mg/0.5mg tablet,8.174503195717589e-05,0.8284125910900759,0.0916030534351145
emotrip 12.5 mg/5 mg tablet,1.602404439539721e-05,0.800508166969147,0.0916030534351145
emotrip 25 mg/10 mg tablet,1.602404439539721e-05,0.800508166969147,0.0916030534351145
emoxide 25mg tablet,9.819845268302474e-05,0.9658404134185863,0.061068702290076333
enclo 0.5mg tablet,5.1476376818324204e-05,0.9656712496716,0.04580152671755725
encodin syrup,9.007234941820291e-05,0.9205275899490776,0.061068702290076333
endax 0.25mg tablet,6.280763361236917e-07,0.6846941943495809,0.015267175572519083
endax 0.5mg tablet,6.280763361236917e-07,0.6846941943495809,0.015267175572519083
endep 0.50mg tablet,6.280763361236917e-07,0.6846941943495809,0.015267175572519083
endolam 0.5mg tablet,6.280763361236917e-07,0.6846941943495809,0.015267175572519083
endopax 2mg/25mg tablet,1.602404439539721e-05,0.800508166969147,0.0916030534351145
enlik d 50 mg/325 mg/32.5 mg tablet,1.7366848042312856e-05,0.800508166969147,0.061068702290076333
enpram plus 0.5mg/10mg tablet,6.825595443939102e-05,0.9317279256442754,0.08396946564885496
enton 2.5mg/5mg/10mg tablet,4.2879673447075457e-05,0.8801181259478011,0.08396946564885496
enxito plus tablet,6.825595443939102e-05,0.9317279256442754,0.08396946564885496
enzed 10mg tablet,4.204496272169002e-05,0.917006237006237,0.04580152671755725
enzitan 0.5mg tablet,6.280763361236917e-07,0.6846941943495809,0.015267175572519083
enzoflam tp 325 mg/37.5 mg tablet,1.073315002030881e-05,0.8348095995154818,0.05343511450381679
enzycare lc 0.25mg/10mg tablet,6.825595443939102e-05,0.9317279256442754,0.08396946564885496
enzycare plus 0.5mg/10mg tablet,6.825595443939102e-05,0.9317279256442754,0.08396946564885496
enzycare plus 0.5mg/5mg tablet,6.825595443939102e-05,0.9317279256442754,0.08396946564885496
epcon 0.25mg tablet,5.1476376818324204e-05,0.9656712496716,0.04580152671755725
epcon 0.5mg tablet,5.1476376818324204e-05,0.9656712496716,0.04580152671755725
epcon 1mg tablet,5.1476376818324204e-05,0.9656712496716,0.04580152671755725
epcon 2mg tablet,5.1476376818324204e-05,0.9656712496716,0.04580152671755725
ephrilime 7.5 mg/2 mg syrup,9.007234941820291e-05,0.9205275899490776,0.061068702290076333
ephrilime forte syrup,9.007234941820291e-05,0.9205275899490776,0.061068702290076333
epiad 12.5mg tablet,0.00014722957434561064,0.9320429380441214,0.07633587786259542
epiad 25mg tablet,0.00014722957434561064,0.9320429380441214,0.07633587786259542
epiad 50mg tablet,0.00014722957434561064,0.9320429380441214,0.07633587786259542
epiba 5mg tablet,3.9616768675442404e-05,0.8518346852066435,0.13740458015267176
epiford 10mg tablet,3.9616768675442404e-05,0.8518346852066435,0.13740458015267176
epigon 10mg tablet,3.9616768675442404e-05,0.8518346852066435,0.13740458015267176
epikon 30mg tablet,0.00016780563172365945,0.977657593758312,0.09923664122137404
epikon 60mg tablet,0.00016780563172365945,0.977657593758312,0.09923664122137404
epilong 0.25mg tablet,5.1476376818324204e-05,0.9656712496716,0.04580152671755725
epilong 0.5mg tablet,5.1476376818324204e-05,0.9656712496716,0.04580152671755725
epilong 1mg tablet,5.1476376818324204e-05,0.9656712496716,0.04580152671755725
epilong 2mg tablet,5.1476376818324204e-05,0.9656712496716,0.04580152671755725
epitan 30mg tablet,0.00016780563172365945,0.977657593758312,0.09923664122137404
epitan 60mg tablet,0.00016780563172365945,0.977657593758312,0.09923664122137404
epitril 0.25mg tablet,5.1476376818324204e-05,0.9656712496716,0.04580152671755725
epitril 0.25mg tablet md,5.1476376818324204e-05,0.9656712496716,0.04580152671755725
epitril 0.5mg tablet,5.1476376818324204e-05,0.9656712496716,0.04580152671755725
epitril 0.5mg tablet md,5.1476376818324204e-05,0.9656712496716,0.04580152671755725
epitril 1 mg tablet md,5.1476376818324204e-05,0.9656712496716,0.04580152671755725
epitril 1mg tablet,5.1476376818324204e-05,0.9656712496716,0.04580152671755725
epitril 2mg tablet,5.1476376818324204e-05,0.9656712496716,0.04580152671755725
epitril-beta 0.5 tablet,1.6745408863379544e-05,0.7151566249432518,0.061068702290076333
epiz 0.5mg tablet md,5.1476376818324204e-05,0.9656712496716,0.04580152671755725
epiz plus 0.5mg/10mg tablet,6.825595443939102e-05,0.9317279256442754,0.08396946564885496
epizam 0.25mg tablet md,5.1476376818324204e-05,0.9656712496716,0.04580152671755725
epizam 0.5mg tablet,5.1476376818324204e-05,0.9656712496716,0.04580152671755725
epizam 10mg tablet,3.9616768675442404e-05,0.8518346852066435,0.13740458015267176
epizam 20mg tablet,3.9616768675442404e-05,0.8518346852066435,0.13740458015267176
epizam 5mg tablet,3.9616768675442404e-05,0.8518346852066435,0.13740458015267176
epozic 0.5mg/10mg tablet,6.825595443939102e-05,0.9317279256442754,0.08396946564885496
equblam 10mg tablet,9.819845268302474e-05,0.9658404134185863,0.061068702290076333
equicalm 10mg/1mg tablet,6.013519816155538e-05,0.8662895749862519,0.10687022900763359
equilibrium 10mg tablet,9.819845268302474e-05,0.9658404134185863,0.061068702290076333
equiliser 10mg tablet,9.819845268302474e-05,0.9658404134185863,0.061068702290076333
equiliser 25mg tablet,9.819845268302474e-05,0.9658404134185863,0.061068702290076333
equiliser 5mg tablet,9.819845268302474e-05,0.9658404134185863,0.061068702290076333
equinil 10mg tablet,9.819845268302474e-05,0.9658404134185863,0.061068702290076333
equinorm tablet,4.2879673447075457e-05,0.8801181259478011,0.08396946564885496
equipam 10mg tablet,7.844086586140786e-06,0.7070856043603719,0.030534351145038167
equipam 2mg tablet,7.844086586140786e-06,0.7070856043603719,0.030534351145038167
equipam 5mg tablet,7.844086586140786e-06,0.7070856043603719,0.030534351145038167
equirex tablet,3.208398501504382e-05,0.8742567192579085,0.07633587786259542
equlok c 0.25 mg/5 mg tablet,6.825595443939102e-05,0.9317279256442754,0.08396946564885496
equlok c 0.5 mg/10 mg tablet,6.825595443939102e-05,0.9317279256442754,0.08396946564885496
equnil 5mg tablet,9.819845268302474e-05,0.9658404134185863,0.061068702290076333
eramadol tablet,3.134616001256474e-05,0.8407929851315288,0.11450381679389313
erazol 0.25mg tablet,6.280763361236917e-07,0.6846941943495809,0.015267175572519083
erazol 0.5mg tablet,6.280763361236917e-07,0.6846941943495809,0.015267175572519083
ericlob 10 tablet,3.9616768675442404e-05,0.8518346852066435,0.13740458015267176
ericlob 5mg tablet,3.9616768675442404e-05,0.8518346852066435,0.13740458015267176
erito-forte tablet,6.825595443939102e-05,0.9317279256442754,0.08396946564885496
erito-plus tablet,6.825595443939102e-05,0.9317279256442754,0.08396946564885496
es citaphar 0.5mg/10mg tablet,6.825595443939102e-05,0.9317279256442754,0.08396946564885496
es forte 0.5mg/10mg tablet,6.825595443939102e-05,0.9317279256442754,0.08396946564885496
es ok plus 0.5 mg/10 mg tablet,6.825595443939102e-05,0.9317279256442754,0.08396946564885496
es ok plus 0.5 mg/5 mg tablet,6.825595443939102e-05,0.9317279256442754,0.08396946564885496
es plus 0.5mg/10mg tablet,6.825595443939102e-05,0.9317279256442754,0.08396946564885496
esben-c tablet,6.825595443939102e-05,0.9317279256442754,0.08396946564885496
escada plus 0.5mg/10mg tablet,6.825595443939102e-05,0.9317279256442754,0.08396946564885496
escalm 10 tablet,6.825595443939102e-05,0.9317279256442754,0.08396946564885496
escam plus 0.5mg/10mg tablet,6.825595443939102e-05,0.9317279256442754,0.08396946564885496
escapro plus 10 tablet,6.825595443939102e-05,0.9317279256442754,0.08396946564885496
escepam 0.5mg/10mg tablet,6.825595443939102e-05,0.9317279256442754,0.08396946564885496
escepam 0.5mg/5mg tablet,6.825595443939102e-05,0.9317279256442754,0.08396946564885496
escer plus 0.5mg/5mg tablet,6.825595443939102e-05,0.9317279256442754,0.08396946564885496
escert cz 0.5mg/10mg tablet,6.825595443939102e-05,0.9317279256442754,0.08396946564885496
escibliss forte 0.5mg/10mg tablet,6.825595443939102e-05,0.9317279256442754,0.08396946564885496
escibliss ls 0.25mg/5mg tablet,6.825595443939102e-05,0.9317279256442754,0.08396946564885496
escibliss plus 0.25mg/10mg tablet,6.825595443939102e-05,0.9317279256442754,0.08396946564885496
escidant plus tablet,6.825595443939102e-05,0.9317279256442754,0.08396946564885496
escident lite 0.25mg/10mg tablet,6.825595443939102e-05,0.9317279256442754,0.08396946564885496
escident mini 0.25mg/5mg tablet,6.825595443939102e-05,0.9317279256442754,0.08396946564885496
escident plus 0.5mg/10mg tablet,6.825595443939102e-05,0.9317279256442754,0.08396946564885496
escigold plus 0.5mg/10mg tablet,6.825595443939102e-05,0.9317279256442754,0.08396946564885496
escigress cz 0.25 tablet,6.825595443939102e-05,0.9317279256442754,0.08396946564885496
escigress cz 0.5mg/10mg tablet,6.825595443939102e-05,0.9317279256442754,0.08396946564885496
escilam plus 0.5mg/10mg tablet,6.825595443939102e-05,0.9317279256442754,0.08396946564885496
escilostar plus tablet md,6.825595443939102e-05,0.9317279256442754,0.08396946564885496
escilyf plus 10 tablet,6.825595443939102e-05,0.9317279256442754,0.08396946564885496
escimax cz 0.5mg/10mg tablet,6.825595443939102e-05,0.9317279256442754,0.08396946564885496
escin plus 0.5mg/10mg tablet,6.825595443939102e-05,0.9317279256442754,0.08396946564885496
escipeace-plus tablet,6.825595443939102e-05,0.9317279256442754,0.08396946564885496
escipex-forte tablet,6.825595443939102e-05,0.9317279256442754,0.08396946564885496
escipix-cz 0.25 tablet,6.825595443939102e-05,0.9317279256442754,0.08396946564885496
escipix-cz 0.5 tablet,6.825595443939102e-05,0.9317279256442754,0.08396946564885496
escipram-c 0.5mg/10mg tablet,6.825595443939102e-05,0.9317279256442754,0.08396946564885496
escipram-c 0.5mg/5mg tablet,6.825595443939102e-05,0.9317279256442754,0.08396946564885496
esciptal plus 0.5mg/10mg tablet,6.825595443939102e-05,0.9317279256442754,0.08396946564885496
esciren-plus tablet,6.825595443939102e-05,0.9317279256442754,0.08396946564885496
escirest plus 0.5mg/10mg tablet,6.825595443939102e-05,0.9317279256442754,0.08396946564885496
escirest plus ls 0.25mg/10mg tablet,6.825595443939102e-05,0.9317279256442754,0.08396946564885496
escirise cz 0.5mg/10mg tablet,6.825595443939102e-05,0.9317279256442754,0.08396946564885496
escirise cz 0.5mg/5mg tablet,6.825595443939102e-05,0.9317279256442754,0.08396946564885496
escirite plus tablet,6.825595443939102e-05,0.9317279256442754,0.08396946564885496
escisure cz 0.5mg/10mg tablet,6.825595443939102e-05,0.9317279256442754,0.08396946564885496
escisure plus 0.5mg/20mg tablet,6.825595443939102e-05,0.9317279256442754,0.08396946564885496
escita plus 0.5mg/10mg tablet,6.825595443939102e-05,0.9317279256442754,0.08396946564885496
escitacalm plus 0.5mg/10mg tablet,6.825595443939102e-05,0.9317279256442754,0.08396946564885496
escitalent plus tablet,6.825595443939102e-05,0.9317279256442754,0.08396946564885496
escitalent-ls 0.25mg/10mg tablet,6.825595443939102e-05,0.9317279256442754,0.08396946564885496
escitapax plus  l 0.25mg/5mg tablet,6.825595443939102e-05,0.9317279256442754,0.08396946564885496
escitapax plus 0.5 mg/10 mg tablet,6.825595443939102e-05,0.9317279256442754,0.08396946564885496
escitapax plus h 0.25 mg/10 mg tablet,6.825595443939102e-05,0.9317279256442754,0.08396946564885496
escitlocad plus 0.25mg/10mg tablet,6.825595443939102e-05,0.9317279256442754,0.08396946564885496
escitlocad plus 0.5mg/5mg tablet,6.825595443939102e-05,0.9317279256442754,0.08396946564885496
escitlocad plus tablet,6.825595443939102e-05,0.9317279256442754,0.08396946564885496
escitmar c 0.5mg/10mg tablet,6.825595443939102e-05,0.9317279256442754,0.08396946564885496
escitrac-cz tablet,6.825595443939102e-05,0.9317279256442754,0.08396946564885496
escivell plus 0.5mg/10mg tablet,6.825595443939102e-05,0.9317279256442754,0.08396946564885496
escivi plus 0.5mg/10mg tablet,6.825595443939102e-05,0.9317279256442754,0.08396946564885496
escizam tablet,6.825595443939102e-05,0.9317279256442754,0.08396946564885496
esclo forte 0.5 mg/10 mg tablet,6.825595443939102e-05,0.9317279256442754,0.08396946564885496
esclo plus 0.25 mg/5 mg tablet,6.825595443939102e-05,0.9317279256442754,0.08396946564885496
escnx ls 0.25mg/10mg tablet,6.825595443939102e-05,0.9317279256442754,0.08396946564885496
escnx ls 0.25mg/5mg tablet,6.825595443939102e-05,0.9317279256442754,0.08396946564885496
escnx plus 0.5mg/10mg tablet,6.825595443939102e-05,0.9317279256442754,0.08396946564885496
escnx plus 0.5mg/5mg tablet,6.825595443939102e-05,0.9317279256442754,0.08396946564885496
escoda plus 0.5mg/10mg tablet,6.825595443939102e-05,0.9317279256442754,0.08396946564885496
escopam forte 0.5mg/10mg tablet,6.825595443939102e-05,0.9317279256442754,0.08396946564885496
escsta plus-h tablet,6.825595443939102e-05,0.9317279256442754,0.08396946564885496
escten-plus tablet,6.825595443939102e-05,0.9317279256442754,0.08396946564885496
esease-plus tablet,6.825595443939102e-05,0.9317279256442754,0.08396946564885496
eseil plus tablet,6.825595443939102e-05,0.9317279256442754,0.08396946564885496
eseil-ls tablet,6.825595443939102e-05,0.9317279256442754,0.08396946564885496
esentra 1mg tablet,9.426400305291535e-05,0.7483542585680353,0.07633587786259542
viral infection,1.0989928405436584e-06,0.28155052522562507,0.0034868783262984033
taste change,1.0989928405436584e-06,0.28155052522562507,0.0034868783262984033
respiratory tract infection,1.0989928405436584e-06,0.28155052522562507,0.0034868783262984033
hallucination,1.0989928405436584e-06,0.28155052522562507,0.0034868783262984033
esentra 2mg tablet,9.426400305291535e-05,0.7483542585680353,0.07633587786259542
esentra 3mg tablet,9.426400305291535e-05,0.7483542585680353,0.07633587786259542
esfany-cz 0.5mg/10mg tablet,6.825595443939102e-05,0.9317279256442754,0.08396946564885496
esgipyrin t 325 mg/37.5 mg tablet,1.073315002030881e-05,0.8348095995154818,0.05343511450381679
esicalm plus 0.5mg/10mg tablet,6.825595443939102e-05,0.9317279256442754,0.08396946564885496
esichem plus tablet,6.825595443939102e-05,0.9317279256442754,0.08396946564885496
esiclon 0.5mg/10mg tablet,6.825595443939102e-05,0.9317279256442754,0.08396946564885496
esiden forte 0.5mg/10mg tablet,6.825595443939102e-05,0.9317279256442754,0.08396946564885496
esidep plus 0.5mg/10mg tablet,6.825595443939102e-05,0.9317279256442754,0.08396946564885496
esilex forte tablet,6.825595443939102e-05,0.9317279256442754,0.08396946564885496
esilo forte 0.5mg/10mg tablet,6.825595443939102e-05,0.9317279256442754,0.08396946564885496
esilo plus 0.5mg/5mg tablet,6.825595443939102e-05,0.9317279256442754,0.08396946564885496
esinex-plus tablet,6.825595443939102e-05,0.9317279256442754,0.08396946564885496
esio plus 0.5mg/10mg tablet,6.825595443939102e-05,0.9317279256442754,0.08396946564885496
esio plus lite 0.25mg/10mg tablet,6.825595443939102e-05,0.9317279256442754,0.08396946564885496
esipam ls 0.25mg/5mg tablet,6.825595443939102e-05,0.9317279256442754,0.08396946564885496
esipam plus tablet,6.825595443939102e-05,0.9317279256442754,0.08396946564885496
esipram plus 0.25mg/10mg tablet,6.825595443939102e-05,0.9317279256442754,0.08396946564885496
esipram plus tablet,6.825595443939102e-05,0.9317279256442754,0.08396946564885496
esipro lite 0.25mg/10mg tablet,6.825595443939102e-05,0.9317279256442754,0.08396946564885496
esipro plus 0.5mg/10mg tablet,6.825595443939102e-05,0.9317279256442754,0.08396946564885496
esirac plus 0.5mg/10mg tablet,6.825595443939102e-05,0.9317279256442754,0.08396946564885496
esirock-forte tablet,6.825595443939102e-05,0.9317279256442754,0.08396946564885496
esirock-lite tablet,6.825595443939102e-05,0.9317279256442754,0.08396946564885496
esitac 0.5 mg/10 mg tablet,6.825595443939102e-05,0.9317279256442754,0.08396946564885496
esitamat plus 0.5mg/10mg tablet,6.825595443939102e-05,0.9317279256442754,0.08396946564885496
esitamat plus 0.5mg/5mg tablet,6.825595443939102e-05,0.9317279256442754,0.08396946564885496
esitor forte tablet,6.825595443939102e-05,0.9317279256442754,0.08396946564885496
esitrust plus tablet,6.825595443939102e-05,0.9317279256442754,0.08396946564885496
esiwel plus 0.5mg/10mg tablet,6.825595443939102e-05,0.9317279256442754,0.08396946564885496
esix cl 0.5mg/20mg tablet,6.825595443939102e-05,0.9317279256442754,0.08396946564885496
esizol plus 0.5mg/10mg tablet,6.825595443939102e-05,0.9317279256442754,0.08396946564885496
esizol plus ls 0.25mg/10mg tablet,6.825595443939102e-05,0.9317279256442754,0.08396946564885496
esjoy plus 0.5mg/10mg tablet,6.825595443939102e-05,0.9317279256442754,0.08396946564885496
eslocarm tablet,6.825595443939102e-05,0.9317279256442754,0.08396946564885496
eslopam plus 0.5mg/10mg tablet,6.825595443939102e-05,0.9317279256442754,0.08396946564885496
esmood plus 0.5mg/10mg tablet,6.825595443939102e-05,0.9317279256442754,0.08396946564885496
esnax plus tablet,6.825595443939102e-05,0.9317279256442754,0.08396946564885496
esodep plus 0.5mg/10mg tablet,6.825595443939102e-05,0.9317279256442754,0.08396946564885496
esonet-c 0.5mg/10mg tablet,6.825595443939102e-05,0.9317279256442754,0.08396946564885496
esonite-plus tablet,6.825595443939102e-05,0.9317279256442754,0.08396946564885496
esopam lite 0.25mg/10mg tablet,6.825595443939102e-05,0.9317279256442754,0.08396946564885496
esopam mini plus tablet,6.825595443939102e-05,0.9317279256442754,0.08396946564885496
esopam plus 0.5mg/10mg tablet,6.825595443939102e-05,0.9317279256442754,0.08396946564885496
esotril 0.5mg/10mg tablet,6.825595443939102e-05,0.9317279256442754,0.08396946564885496
espam plus 0.5mg/10mg tablet,6.825595443939102e-05,0.9317279256442754,0.08396946564885496
espan forte 0.5mg/10mg tablet,6.825595443939102e-05,0.9317279256442754,0.08396946564885496
espar cl 0.5mg/10mg tablet,6.825595443939102e-05,0.9317279256442754,0.08396946564885496
espram plus tablet,6.825595443939102e-05,0.9317279256442754,0.08396946564885496
espro cz 0.5mg/10mg tablet,6.825595443939102e-05,0.9317279256442754,0.08396946564885496
esredep forte 0.5 mg/10 mg tablet,6.825595443939102e-05,0.9317279256442754,0.08396946564885496
esredep plus tablet,6.825595443939102e-05,0.9317279256442754,0.08396946564885496
esria c 0.5mg/10mg tablet,6.825595443939102e-05,0.9317279256442754,0.08396946564885496
esride-plus tablet,6.825595443939102e-05,0.9317279256442754,0.08396946564885496
essiclopam tablet,6.825595443939102e-05,0.9317279256442754,0.08396946564885496
essita lite tablet,6.825595443939102e-05,0.9317279256442754,0.08396946564885496
essita plus tablet,6.825595443939102e-05,0.9317279256442754,0.08396946564885496
est 0.25mg/10mg tablet,6.825595443939102e-05,0.9317279256442754,0.08396946564885496
esta forte 0.5mg/20mg tablet,6.825595443939102e-05,0.9317279256442754,0.08396946564885496
esta ls 0.25mg/10mg tablet,6.825595443939102e-05,0.9317279256442754,0.08396946564885496
esta plus 0.5 mg/10 mg tablet,6.825595443939102e-05,0.9317279256442754,0.08396946564885496
establish plus 0.5mg/10mg tablet,6.825595443939102e-05,0.9317279256442754,0.08396946564885496
estaclo 0.5mg/10mg tablet,6.825595443939102e-05,0.9317279256442754,0.08396946564885496
estadep plus tablet,6.825595443939102e-05,0.9317279256442754,0.08396946564885496
estagrap plus 0.5mg/10mg tablet,6.825595443939102e-05,0.9317279256442754,0.08396946564885496
estajoy plus 0.5 mg/10 mg tablet,6.825595443939102e-05,0.9317279256442754,0.08396946564885496
estalonix cl 0.5mg/10mg tablet,6.825595443939102e-05,0.9317279256442754,0.08396946564885496
estalor plus 10 tablet,6.825595443939102e-05,0.9317279256442754,0.08396946564885496
estalozam 0.5mg/10mg tablet,6.825595443939102e-05,0.9317279256442754,0.08396946564885496
estam forte 0.5mg/10mg tablet,6.825595443939102e-05,0.9317279256442754,0.08396946564885496
estam plus 0.25mg/10mg tablet,6.825595443939102e-05,0.9317279256442754,0.08396946564885496
estaram es forte 0.5mg/10mg tablet,6.825595443939102e-05,0.9317279256442754,0.08396946564885496
estavin-plus 0.5mg/10mg tablet,6.825595443939102e-05,0.9317279256442754,0.08396946564885496
esteem 0.25mg tablet,6.280763361236917e-07,0.6846941943495809,0.015267175572519083
esticlo 0.5mg/10mg tablet,6.825595443939102e-05,0.9317279256442754,0.08396946564885496
estilo-plus tablet,6.825595443939102e-05,0.9317279256442754,0.08396946564885496
estiric cz 0.5mg/10mg tablet,6.825595443939102e-05,0.9317279256442754,0.08396946564885496
estokem plus 0.5mg/10 mg tablet,6.825595443939102e-05,0.9317279256442754,0.08396946564885496
estomin sf 0.25 mg/5 mg tablet,6.825595443939102e-05,0.9317279256442754,0.08396946564885496
estomine forte 0.5mg/20mg tablet,6.825595443939102e-05,0.9317279256442754,0.08396946564885496
estomine-zee tablet,6.825595443939102e-05,0.9317279256442754,0.08396946564885496
estop forte 0.5mg/10mg tablet,6.825595443939102e-05,0.9317279256442754,0.08396946564885496
estopam plus 0.5mg/10mg tablet,6.825595443939102e-05,0.9317279256442754,0.08396946564885496
estropam plus 0.5mg/10mg tablet,6.825595443939102e-05,0.9317279256442754,0.08396946564885496
esula forte 0.5mg/10mg tablet,6.825595443939102e-05,0.9317279256442754,0.08396946564885496
esula plus 0.25mg/5mg tablet,6.825595443939102e-05,0.9317279256442754,0.08396946564885496
esxidar plus 0.5mg/10mg tablet,6.825595443939102e-05,0.9317279256442754,0.08396946564885496
esyza -forte tablet,6.825595443939102e-05,0.9317279256442754,0.08396946564885496
esyza-plus 0.5mg/5mg tablet,6.825595443939102e-05,0.9317279256442754,0.08396946564885496
eszee-plus tablet,6.825595443939102e-05,0.9317279256442754,0.08396946564885496
etcoo plus 0.5mg/10mg tablet,6.825595443939102e-05,0.9317279256442754,0.08396946564885496
etcoo plus 0.5mg/5mg tablet,6.825595443939102e-05,0.9317279256442754,0.08396946564885496
etdone 100 tablet,0.00014722957434561064,0.9320429380441214,0.07633587786259542
etdone 25mg tablet,0.00014722957434561064,0.9320429380441214,0.07633587786259542
etdone 50mg tablet,0.00014722957434561064,0.9320429380441214,0.07633587786259542
ethitram p 37.5mg/325mg tablet,3.134616001256474e-05,0.8407929851315288,0.11450381679389313
etinip plus 0.5mg/10mg tablet,6.825595443939102e-05,0.9317279256442754,0.08396946564885496
etiprime c 0.5mg/10mg tablet,6.825595443939102e-05,0.9317279256442754,0.08396946564885496
etlas cz 0.5mg/10mg tablet,6.825595443939102e-05,0.9317279256442754,0.08396946564885496
etopam c 0.25mg/10mg tablet,6.825595443939102e-05,0.9317279256442754,0.08396946564885496
etotric a 0.25mg/20mg tablet,6.825595443939102e-05,0.9317279256442754,0.08396946564885496
etzic plus 10 tablet,6.825595443939102e-05,0.9317279256442754,0.08396946564885496
etzic plus 5 tablet,6.825595443939102e-05,0.9317279256442754,0.08396946564885496
euphodol 50mg injection,5.8860647739280435e-06,0.8331696259916888,0.03816793893129771
euphosil 12.5mg/5mg tablet,1.602404439539721e-05,0.800508166969147,0.0916030534351145
eurelax 0.25mg tablet,6.280763361236917e-07,0.6846941943495809,0.015267175572519083
euroest 0.25mg tablet,6.280763361236917e-07,0.6846941943495809,0.015267175572519083
euroest 0.5mg tablet,6.280763361236917e-07,0.6846941943495809,0.015267175572519083
eurolam 0.25mg tablet,6.280763361236917e-07,0.6846941943495809,0.015267175572519083
eurolam 0.5mg tablet,6.280763361236917e-07,0.6846941943495809,0.015267175572519083
eurolam 1mg tablet sr,6.280763361236917e-07,0.6846941943495809,0.015267175572519083
eurotram 50mg capsule,5.8860647739280435e-06,0.8331696259916888,0.03816793893129771
evatram p 50mg/500mg tablet,3.134616001256474e-05,0.8407929851315288,0.11450381679389313
ex spa m 135mg/5mg tablet,5.823643848773817e-05,0.9423980856337065,0.061068702290076333
exal 0.125mg tablet,6.280763361236917e-07,0.6846941943495809,0.015267175572519083
exal 0.25mg tablet,6.280763361236917e-07,0.6846941943495809,0.015267175572519083
exal 0.5mg tablet,6.280763361236917e-07,0.6846941943495809,0.015267175572519083
exazam 10mg tablet,3.9616768675442404e-05,0.8518346852066435,0.13740458015267176
exclo tp 37.5mg/325mg tablet,3.134616001256474e-05,0.8407929851315288,0.11450381679389313
excloten 10mg/1mg tablet,6.013519816155538e-05,0.8662895749862519,0.10687022900763359
excodin syrup,9.007234941820291e-05,0.9205275899490776,0.061068702290076333
exdol 100mg injection,5.8860647739280435e-06,0.8331696259916888,0.03816793893129771
exdol p 37.5mg/325mg tablet,3.134616001256474e-05,0.8407929851315288,0.11450381679389313
exine 2.5mg/5mg/10mg tablet,4.2879673447075457e-05,0.8801181259478011,0.08396946564885496
exinus plus 0.5mg/10mg tablet,6.825595443939102e-05,0.9317279256442754,0.08396946564885496
exiplon 4 mg/10 mg syrup,9.007234941820291e-05,0.9205275899490776,0.061068702290076333
exiplon syrup,9.007234941820291e-05,0.9205275899490776,0.061068702290076333
exiten plus 0.25 mg/20 mg tablet,6.825595443939102e-05,0.9317279256442754,0.08396946564885496
exito-plus tablet,6.825595443939102e-05,0.9317279256442754,0.08396946564885496
exitopam ls 0.25mg/5mg tablet,6.825595443939102e-05,0.9317279256442754,0.08396946564885496
exitopam ls 0.5mg/5mg tablet,6.825595443939102e-05,0.9317279256442754,0.08396946564885496
exitopam plus 0.5mg/10mg tablet,6.825595443939102e-05,0.9317279256442754,0.08396946564885496
expergesic 500mg/15mg tablet,5.558750336774747e-06,0.8001596400841738,0.03816793893129771
extracet 500mg/50mg tablet,1.073315002030881e-05,0.8348095995154818,0.05343511450381679
extragesic 37.5mg/375mg tablet,3.134616001256474e-05,0.8407929851315288,0.11450381679389313
ezadol 325mg/37.5mg effervescent tablet,1.073315002030881e-05,0.8348095995154818,0.05343511450381679
ezeepam plus 10 tablet,6.825595443939102e-05,0.9317279256442754,0.08396946564885496
ezeepam plus 5 tablet,6.825595443939102e-05,0.9317279256442754,0.08396946564885496
ezilopam 0.5mg/10mg tablet,6.825595443939102e-05,0.9317279256442754,0.08396946564885496
ezilopam 0.5mg/5mg tablet,6.825595443939102e-05,0.9317279256442754,0.08396946564885496
ezinite-cz tablet,6.825595443939102e-05,0.9317279256442754,0.08396946564885496
ezirest 0.5mg tablet md,5.1476376818324204e-05,0.9656712496716,0.04580152671755725
ezirest plus 0.5mg/10mg tablet,6.825595443939102e-05,0.9317279256442754,0.08396946564885496
ezvio plus 0.5mg/5mg tablet,6.825595443939102e-05,0.9317279256442754,0.08396946564885496
f & a 0.25 mg/20 mg tablet,6.825595443939102e-05,0.9317279256442754,0.08396946564885496
f & a forte sr tablet,6.825595443939102e-05,0.9317279256442754,0.08396946564885496
faa plus 0.25mg/20mg tablet,6.825595443939102e-05,0.9317279256442754,0.08396946564885496
famish tablet,4.2879673447075457e-05,0.8801181259478011,0.08396946564885496
faringodyl 4 mg/10 mg syrup,9.007234941820291e-05,0.9205275899490776,0.061068702290076333
fastdol 325mg/37.5mg tablet,1.073315002030881e-05,0.8348095995154818,0.05343511450381679
fastram 325 mg/37.5 mg tablet,1.073315002030881e-05,0.8348095995154818,0.05343511450381679
favidol 37.5mcg/325mg tablet,3.134616001256474e-05,0.8407929851315288,0.11450381679389313
faxtin a 0.25 mg/20 mg tablet,6.825595443939102e-05,0.9317279256442754,0.08396946564885496
febl forte 25mg/10mg tablet,1.602404439539721e-05,0.800508166969147,0.0916030534351145
febrinil t 37.5mg/325mg tablet,3.134616001256474e-05,0.8407929851315288,0.11450381679389313
fedmol-p tablet,3.134616001256474e-05,0.8407929851315288,0.11450381679389313
feelaha 100 mg/325 mg/37.5 mg tablet,2.123200353441007e-05,0.8350624763347217,0.06870229007633588
feliz s plus 0.5 mg/5 mg tablet,6.825595443939102e-05,0.9317279256442754,0.08396946564885496
feliz s plus tablet,6.825595443939102e-05,0.9317279256442754,0.08396946564885496
feliz-s lite tablet,6.825595443939102e-05,0.9317279256442754,0.08396946564885496
femdol p tablet,3.134616001256474e-05,0.8407929851315288,0.11450381679389313
fendrop 25mcg patch,0.00017312908981947882,0.9299991566163448,0.061068702290076333
fendrop 50mcg patch,0.00017312908981947882,0.9299991566163448,0.061068702290076333
feni 100mg tablet,0.00016780563172365945,0.977657593758312,0.09923664122137404
fenobarb 200mg injection,0.00016780563172365945,0.977657593758312,0.09923664122137404
fenstud 50mcg injection,0.0002676320811985444,0.9268723207531311,0.06870229007633588
irregular heartbeats,1.0711431194382633e-07,0.326882336100773,0.0011011194714626537
muscle rigidity,1.0711431194382633e-07,0.326882336100773,0.0011011194714626537
fent 50mcg injection,0.0002676320811985444,0.9268723207531311,0.06870229007633588
fentrans 25mcg transdermal patch,0.00017312908981947882,0.9299991566163448,0.061068702290076333
fentrans 50mcg transdermal patch,0.00017312908981947882,0.9299991566163448,0.061068702290076333
fezydol p 37.5mg/325mg tablet,3.134616001256474e-05,0.8407929851315288,0.11450381679389313
fibrispa-x tablet,5.823643848773817e-05,0.9423980856337065,0.061068702290076333
firsito plus 0.5 mg/10 mg tablet,6.825595443939102e-05,0.9317279256442754,0.08396946564885496
fit 10 mg/1 mg tablet,6.013519816155538e-05,0.8662895749862519,0.10687022900763359
fit 10mg/1mg tablet,6.013519816155538e-05,0.8662895749862519,0.10687022900763359
fladol p 325mg/37.5mg tablet,1.073315002030881e-05,0.8348095995154818,0.05343511450381679
flanx 10 mg/1 mg tablet,6.013519816155538e-05,0.8662895749862519,0.10687022900763359
flocitop plus 0.5mg/10mg tablet,6.825595443939102e-05,0.9317279256442754,0.08396946564885496
floxin plus  tablet,6.825595443939102e-05,0.9317279256442754,0.08396946564885496
flumusa 20mg tablet,6.825595443939102e-05,0.9317279256442754,0.08396946564885496
flumusa forte 0.5mg/20mg tablet,6.825595443939102e-05,0.9317279256442754,0.08396946564885496
fluraz 15mg capsule,4.987690513640879e-05,0.9167013051791504,0.030534351145038167
flutax al tablet,6.825595443939102e-05,0.9317279256442754,0.08396946564885496
fluwel 0.25 mg/20 mg tablet,6.825595443939102e-05,0.9317279256442754,0.08396946564885496
fluxy-a tablet,6.825595443939102e-05,0.9317279256442754,0.08396946564885496
flylor 2.5mg tablet,1.052004745655686e-06,0.7050060737804488,0.030534351145038167
foracet 500mg/15mg tablet,5.558750336774747e-06,0.8001596400841738,0.03816793893129771
forcedol plus 50mg/500mg tablet,3.134616001256474e-05,0.8407929851315288,0.11450381679389313
fordep forte 25mg/0.5mg tablet,6.825595443939102e-05,0.9317279256442754,0.08396946564885496
fordep plus 12.5mg/0.5mg tablet,6.825595443939102e-05,0.9317279256442754,0.08396946564885496
fortagesic tablet,5.558750336774747e-06,0.8001596400841738,0.03816793893129771
fortstar 30mg injection,8.787490928961126e-05,0.9510133678309616,0.061068702290076333
fortwin 1ml injection,8.787490928961126e-05,0.9510133678309616,0.061068702290076333
fortwin 25mg tablet,9.748137009673938e-06,0.8372181307417812,0.04580152671755725
fortwin 30mg injection,8.787490928961126e-05,0.9510133678309616,0.061068702290076333
franxit o 12.5mg/5mg tablet,1.602404439539721e-05,0.800508166969147,0.0916030534351145
franxit o 25mg/10mg tablet,1.602404439539721e-05,0.800508166969147,0.0916030534351145
freedo tablet,6.825595443939102e-05,0.9317279256442754,0.08396946564885496
freemol tp 100mg/325mg/37.5mg tablet,2.123200353441007e-05,0.8350624763347217,0.06870229007633588
frenac tp 100 mg/500 mg/50 mg tablet,2.123200353441007e-05,0.8350624763347217,0.06870229007633588
freshika px 12.5mg/0.5mg tablet,6.825595443939102e-05,0.9317279256442754,0.08396946564885496
freshup 10mg tablet,2.013277755628682e-05,0.83925717330086,0.0916030534351145
freze 325 mg/37.5 mg tablet,1.073315002030881e-05,0.8348095995154818,0.05343511450381679
freze semi 18.75mg/162.5mg tablet,3.134616001256474e-05,0.8407929851315288,0.11450381679389313
frisium 10mg tablet,3.9616768675442404e-05,0.8518346852066435,0.13740458015267176
frisium 20mg tablet,3.9616768675442404e-05,0.8518346852066435,0.13740458015267176
frisium 5 tablet,3.9616768675442404e-05,0.8518346852066435,0.13740458015267176
frisium jr 5 tablet,3.9616768675442404e-05,0.8518346852066435,0.13740458015267176
fs plus tablet,1.073315002030881e-05,0.8348095995154818,0.05343511450381679
fuldream 10mg tablet,2.013277755628682e-05,0.83925717330086,0.0916030534351145
fulnite 1 mg tablet,9.426400305291535e-05,0.7483542585680353,0.07633587786259542
fulnite 2mg tablet,9.426400305291535e-05,0.7483542585680353,0.07633587786259542
fulsed 1mg injection,9.307647443867082e-05,0.9136631038197034,0.061068702290076333
fulsleep 10mg tablet,2.013277755628682e-05,0.83925717330086,0.0916030534351145
fulstrch-tp tablet,2.123200353441007e-05,0.8350624763347217,0.06870229007633588
g dol 37.5mg/325mg tablet,3.134616001256474e-05,0.8407929851315288,0.11450381679389313
g prax 0.25mg tablet,6.280763361236917e-07,0.6846941943495809,0.015267175572519083
g prax 0.5mg tablet,6.280763361236917e-07,0.6846941943495809,0.015267175572519083
gabaplus 10mg tablet,3.9616768675442404e-05,0.8518346852066435,0.13740458015267176
gabapus 10mg tablet,3.9616768675442404e-05,0.8518346852066435,0.13740458015267176
gabapus 5mg tablet,3.9616768675442404e-05,0.8518346852066435,0.13740458015267176
gabazam 10mg tablet,3.9616768675442404e-05,0.8518346852066435,0.13740458015267176
gabazam 5mg tablet,3.9616768675442404e-05,0.8518346852066435,0.13740458015267176
galop ls 0.25mg/10mg tablet,6.825595443939102e-05,0.9317279256442754,0.08396946564885496
galop plus 10 tablet,6.825595443939102e-05,0.9317279256442754,0.08396946564885496
galop plus 5mg tablet,6.825595443939102e-05,0.9317279256442754,0.08396946564885496
galprex 0.25mg tablet,6.280763361236917e-07,0.6846941943495809,0.015267175572519083
gardenal 20mg/5ml syrup,0.00016780563172365945,0.977657593758312,0.09923664122137404
gardenal 30 tablet,0.00016780563172365945,0.977657593758312,0.09923664122137404
gardenal 60 tablet,0.00016780563172365945,0.977657593758312,0.09923664122137404
gb cita plus 0.5mg/10mg tablet,6.825595443939102e-05,0.9317279256442754,0.08396946564885496
gdolovoid tablet,3.134616001256474e-05,0.8407929851315288,0.11450381679389313
gemkof 4 mg/10 mg syrup,9.007234941820291e-05,0.9205275899490776,0.061068702290076333
gemodol 50mg injection,5.8860647739280435e-06,0.8331696259916888,0.03816793893129771
genericart clobazam 10mg tablet,3.9616768675442404e-05,0.8518346852066435,0.13740458015267176
genericart clobazam 5mg tablet,3.9616768675442404e-05,0.8518346852066435,0.13740458015267176
genflam-mv tablet,5.823643848773817e-05,0.9423980856337065,0.061068702290076333
genosedyl  syrup,9.007234941820291e-05,0.9205275899490776,0.061068702290076333
gentravit 10mg tablet,4.204496272169002e-05,0.917006237006237,0.04580152671755725
geopam lite tablet,6.825595443939102e-05,0.9317279256442754,0.08396946564885496
geopam plus tablet,6.825595443939102e-05,0.9317279256442754,0.08396946564885496
gericalm plus 0.5mg/10mg tablet,6.825595443939102e-05,0.9317279256442754,0.08396946564885496
gesispas ac 2.5mg/5mg/10mg tablet,4.2879673447075457e-05,0.8801181259478011,0.08396946564885496
get 1mg tablet,1.052004745655686e-06,0.7050060737804488,0.030534351145038167
getdol 100mg injection,5.8860647739280435e-06,0.8331696259916888,0.03816793893129771
getdol-p tablet,3.134616001256474e-05,0.8407929851315288,0.11450381679389313
getpar 500mg/50mg tablet,1.073315002030881e-05,0.8348095995154818,0.05343511450381679
getrest 10mg tablet,2.013277755628682e-05,0.83925717330086,0.0916030534351145
getrest 5mg tablet,2.013277755628682e-05,0.83925717330086,0.0916030534351145
giganite 2mg tablet,9.426400305291535e-05,0.7483542585680353,0.07633587786259542
giganite 3mg tablet,9.426400305291535e-05,0.7483542585680353,0.07633587786259542
glaridep forte tablet,6.825595443939102e-05,0.9317279256442754,0.08396946564885496
glaridep plus tablet,6.825595443939102e-05,0.9317279256442754,0.08396946564885496
glencoff c syrup,9.007234941820291e-05,0.9205275899490776,0.061068702290076333
glitmol t 37.5mg/325mg tablet,3.134616001256474e-05,0.8407929851315288,0.11450381679389313
glonac tp 37.5mg/325mg tablet,3.134616001256474e-05,0.8407929851315288,0.11450381679389313
glycodin plus syrup,9.007234941820291e-05,0.9205275899490776,0.061068702290076333
godep plus 0.25mg/5mg tablet,6.825595443939102e-05,0.9317279256442754,0.08396946564885496
godep plus 0.5mg/10mg tablet,6.825595443939102e-05,0.9317279256442754,0.08396946564885496
golprax 0.25mg tablet,6.280763361236917e-07,0.6846941943495809,0.015267175572519083
golprax 0.5mg tablet,6.280763361236917e-07,0.6846941943495809,0.015267175572519083
goodnoct 12.5mg tablet xl,2.013277755628682e-05,0.83925717330086,0.0916030534351145
goodnoct 6.25mg tablet xr,2.013277755628682e-05,0.83925717330086,0.0916030534351145
gospas tablet,4.2879673447075457e-05,0.8801181259478011,0.08396946564885496
gotens 0.25mg/20mg tablet,1.6745408863379544e-05,0.7151566249432518,0.061068702290076333
gradol 100mg injection,5.8860647739280435e-06,0.8331696259916888,0.03816793893129771
gramadol 100mg injection,5.8860647739280435e-06,0.8331696259916888,0.03816793893129771
gramadol p 37.5mg/325mg tablet,3.134616001256474e-05,0.8407929851315288,0.11450381679389313
griftam plus 0.5mg/10mg tablet,6.825595443939102e-05,0.9317279256442754,0.08396946564885496
grilinctus cd syrup,9.007234941820291e-05,0.9205275899490776,0.061068702290076333
gudcalm plus tablet,6.825595443939102e-05,0.9317279256442754,0.08396946564885496
gudnite 0.25mg tablet md,5.1476376818324204e-05,0.9656712496716,0.04580152671755725
gudril tablet,1.073315002030881e-05,0.8348095995154818,0.05343511450381679
gufidol 100mg injection,5.8860647739280435e-06,0.8331696259916888,0.03816793893129771
gutbest 5mg/2.5mg tablet,3.208398501504382e-05,0.8742567192579085,0.07633587786259542
gutbest d tablet,4.2879673447075457e-05,0.8801181259478011,0.08396946564885496
gutmint 5mg/2.5mg tablet,3.208398501504382e-05,0.8742567192579085,0.07633587786259542
gutrex 5mg/2.5mg tablet,3.208398501504382e-05,0.8742567192579085,0.07633587786259542
gutrex d 2.5mg/5mg/10mg tablet,4.2879673447075457e-05,0.8801181259478011,0.08396946564885496
gutrex plus capsule,0.000114125038112513,0.9372715682107947,0.08396946564885496
gutsooth tablet,3.208398501504382e-05,0.8742567192579085,0.07633587786259542
haldol p 50mg/500mg tablet,3.134616001256474e-05,0.8407929851315288,0.11450381679389313
haldotram 100mg injection,5.8860647739280435e-06,0.8331696259916888,0.03816793893129771
haldotram 50mg injection,5.8860647739280435e-06,0.8331696259916888,0.03816793893129771
haledol 100mg injection,5.8860647739280435e-06,0.8331696259916888,0.03816793893129771
haledol-p 37.5mg/325mg tablet,3.134616001256474e-05,0.8407929851315288,0.11450381679389313
haledol-sp tablet,1.073315002030881e-05,0.8348095995154818,0.05343511450381679
halonite 5mg tablet,4.204496272169002e-05,0.917006237006237,0.04580152671755725
halopam 0.5mg tablet,5.1476376818324204e-05,0.9656712496716,0.04580152671755725
halotil plus tablet,6.825595443939102e-05,0.9317279256442754,0.08396946564885496
halozam 0.25mg tablet,6.280763361236917e-07,0.6846941943495809,0.015267175572519083
hd a 0.25 mg/20 mg tablet,1.6745408863379544e-05,0.7151566249432518,0.061068702290076333
hemidap plus tablet,1.602404439539721e-05,0.800508166969147,0.0916030534351145
hepinz plus 0.5mg/10mg tablet,6.825595443939102e-05,0.9317279256442754,0.08396946564885496
hextradol 100 mg injection,5.8860647739280435e-06,0.8331696259916888,0.03816793893129771
hextradol p  tablet 325 mg/37.5 mg,1.073315002030881e-05,0.8348095995154818,0.05343511450381679
hi pram c 0.5mg/10mg tablet,6.825595443939102e-05,0.9317279256442754,0.08396946564885496
hicalm plus tablet,6.825595443939102e-05,0.9317279256442754,0.08396946564885496
hifenac ta 100mg/325mg/37.5mg tablet,2.123200353441007e-05,0.8350624763347217,0.06870229007633588
hifenac tl 100mg/37.5mg tablet,2.123200353441007e-05,0.8350624763347217,0.06870229007633588
himadol 325mg/37.5mg tablet,1.073315002030881e-05,0.8348095995154818,0.05343511450381679
himzolam 0.25mg tablet,6.280763361236917e-07,0.6846941943495809,0.015267175572519083
himzolam 0.5mg tablet,6.280763361236917e-07,0.6846941943495809,0.015267175572519083
hipose 0.5mg tablet sr,6.280763361236917e-07,0.6846941943495809,0.015267175572519083
hiprazole 0.25mg tablet,6.280763361236917e-07,0.6846941943495809,0.015267175572519083
hiprazole 0.5mg tablet,6.280763361236917e-07,0.6846941943495809,0.015267175572519083
hiprazole 1mg tablet sr,6.280763361236917e-07,0.6846941943495809,0.015267175572519083
hipzol 0.5 sr tablet,6.280763361236917e-07,0.6846941943495809,0.015267175572519083
hipzol 1 sr tablet,6.280763361236917e-07,0.6846941943495809,0.015267175572519083
hipzol-plus tablet,6.825595443939102e-05,0.9317279256442754,0.08396946564885496
histolate 4mg/10mg drop,9.007234941820291e-05,0.9205275899490776,0.061068702290076333
histolate syrup,9.007234941820291e-05,0.9205275899490776,0.061068702290076333
histolate tablet,9.007234941820291e-05,0.9205275899490776,0.061068702290076333
hitdol-p tablet,3.134616001256474e-05,0.8407929851315288,0.11450381679389313
hitram 50mg injection,5.8860647739280435e-06,0.8331696259916888,0.03816793893129771
hitram p 37.5mg/325mg tablet,3.134616001256474e-05,0.8407929851315288,0.11450381679389313
hope 0.25mg tablet md,5.1476376818324204e-05,0.9656712496716,0.04580152671755725
hope 0.5mg tablet,5.1476376818324204e-05,0.9656712496716,0.04580152671755725
hope 1mg tablet,5.1476376818324204e-05,0.9656712496716,0.04580152671755725
hope 2mg tablet,5.1476376818324204e-05,0.9656712496716,0.04580152671755725
hoxatram 100mg tablet sr,5.8860647739280435e-06,0.8331696259916888,0.03816793893129771
hoxatram 50mg tablet,5.8860647739280435e-06,0.8331696259916888,0.03816793893129771
hoxatram plus 50mg/325mg tablet,3.134616001256474e-05,0.8407929851315288,0.11450381679389313
hycalm plus tablet,6.825595443939102e-05,0.9317279256442754,0.08396946564885496
hydol 100mg injection,5.8860647739280435e-06,0.8331696259916888,0.03816793893129771
hyperdol 50mg injection,5.8860647739280435e-06,0.8331696259916888,0.03816793893129771
hyplon 10mg capsule,5.5344062806309663e-05,0.7689143016526044,0.030534351145038167
hyplon 5mg capsule,5.5344062806309663e-05,0.7689143016526044,0.030534351145038167
hypnite 1mg tablet,9.426400305291535e-05,0.7483542585680353,0.07633587786259542
hypnite 2 tablet,9.426400305291535e-05,0.7483542585680353,0.07633587786259542
hypnite 3mg tablet,9.426400305291535e-05,0.7483542585680353,0.07633587786259542
hypnocent 10mg tablet,4.204496272169002e-05,0.917006237006237,0.04580152671755725
hypnocent 5mg tablet,4.204496272169002e-05,0.917006237006237,0.04580152671755725
hypnonex 10mg capsule,4.204496272169002e-05,0.917006237006237,0.04580152671755725
hypnonex 5mg capsule,4.204496272169002e-05,0.917006237006237,0.04580152671755725
hypnopam 5mg tablet,4.204496272169002e-05,0.917006237006237,0.04580152671755725
hypnopam plus 10mg tablet,4.204496272169002e-05,0.917006237006237,0.04580152671755725
hypnoril 10mg tablet,4.204496272169002e-05,0.917006237006237,0.04580152671755725
hypnoril 5mg tablet,4.204496272169002e-05,0.917006237006237,0.04580152671755725
hypose 5mg tablet,7.844086586140786e-06,0.7070856043603719,0.030534351145038167
hytram 100mg injection,5.8860647739280435e-06,0.8331696259916888,0.03816793893129771
hytram 100mg tablet,5.8860647739280435e-06,0.8331696259916888,0.03816793893129771
hyvon spas hg 10mg/65mg/400mg tablet,9.069030077440046e-06,0.7335195902348167,0.05343511450381679
iberin 2.5mg/5mg/10mg tablet,4.2879673447075457e-05,0.8801181259478011,0.08396946564885496
ibibull t 325mg/37.5mg tablet,1.073315002030881e-05,0.8348095995154818,0.05343511450381679
ibirest 5mg/2.5mg tablet,3.208398501504382e-05,0.8742567192579085,0.07633587786259542
ibitram 325 mg/37.5 mg tablet,1.073315002030881e-05,0.8348095995154818,0.05343511450381679
ibolib tablet,3.208398501504382e-05,0.8742567192579085,0.07633587786259542
ibonish 135mg/5mg tablet,5.823643848773817e-05,0.9423980856337065,0.061068702290076333
ibotris 135mg/5mg tablet,5.823643848773817e-05,0.9423980856337065,0.061068702290076333
iboverin 135mg/5mg tablet,5.823643848773817e-05,0.9423980856337065,0.061068702290076333
ibruvon forte 400 mg/65 mg capsule,1.4869415574955766e-05,0.8335475092599591,0.061068702290076333
ibs 5mg/2.5mg tablet,3.208398501504382e-05,0.8742567192579085,0.07633587786259542
ibs tablet,3.208398501504382e-05,0.8742567192579085,0.07633587786259542
ibsheal tablet,3.208398501504382e-05,0.8742567192579085,0.07633587786259542
ibsol tablet,5.823643848773817e-05,0.9423980856337065,0.061068702290076333
ibu proxyvon 400 mg/65 mg capsule,1.4869415574955766e-05,0.8335475092599591,0.061068702290076333
ibudol 400 mg/50 mg tablet,1.5367110914148885e-05,0.8350624763347217,0.06870229007633588
ibudol 650mg/50mg tablet,1.073315002030881e-05,0.8348095995154818,0.05343511450381679
ibudol mr tablet,0.0003719135481682784,0.8349360187779208,0.061068702290076333
upset stomach,0.0,0.30391269630023954,0.00018351991191044228
ibudol plus 325 mg/37.5 mg tablet,1.073315002030881e-05,0.8348095995154818,0.05343511450381679
icerfast p injection,5.8860647739280435e-06,0.8331696259916888,0.03816793893129771
icerfast p tablet,3.134616001256474e-05,0.8407929851315288,0.11450381679389313
idiazepam 10 injection,2.7728151452124645e-05,0.73744399117234,0.030534351145038167
idiazepam 2 injection,2.7728151452124645e-05,0.73744399117234,0.030534351145038167
idol 50mg injection,5.8860647739280435e-06,0.8331696259916888,0.03816793893129771
ig-calm 0.25 tablet,6.280763361236917e-07,0.6846941943495809,0.015267175572519083
ig-calm 0.5 tablet,6.280763361236917e-07,0.6846941943495809,0.015267175572519083
igcl 0.25mg tablet,5.1476376818324204e-05,0.9656712496716,0.04580152671755725
igcl 0.5mg tablet,5.1476376818324204e-05,0.9656712496716,0.04580152671755725
igcl st tablet,6.825595443939102e-05,0.9317279256442754,0.08396946564885496
imedol tablet,2.123200353441007e-05,0.8350624763347217,0.06870229007633588
imez 5mg/25mg tablet,1.602404439539721e-05,0.800508166969147,0.0916030534351145
imicalm 2mg/25mg tablet,1.602404439539721e-05,0.800508166969147,0.0916030534351145
imicalm 5mg/25mg tablet,1.602404439539721e-05,0.800508166969147,0.0916030534351145
imidep 2mg/25mg tablet,1.602404439539721e-05,0.800508166969147,0.0916030534351145
imidiaz 10 tablet,1.602404439539721e-05,0.800508166969147,0.0916030534351145
imiglam cd 25mg/10mg tablet,1.602404439539721e-05,0.800508166969147,0.0916030534351145
imiglam d 2mg/25mg tablet,1.602404439539721e-05,0.800508166969147,0.0916030534351145
imiglam d 5mg/25mg tablet,1.602404439539721e-05,0.800508166969147,0.0916030534351145
imikon plus 5mg/25mg tablet,1.602404439539721e-05,0.800508166969147,0.0916030534351145
iminza id 2 mg/25 mg tablet,1.602404439539721e-05,0.800508166969147,0.0916030534351145
imip 2mg/25mg tablet,1.602404439539721e-05,0.800508166969147,0.0916030534351145
imip 5mg/25mg tablet,1.602404439539721e-05,0.800508166969147,0.0916030534351145
imipam 2 mg/25 mg tablet,1.602404439539721e-05,0.800508166969147,0.0916030534351145
imipres-c 10 tablet,1.602404439539721e-05,0.800508166969147,0.0916030534351145
imitab plus tablet,1.602404439539721e-05,0.800508166969147,0.0916030534351145
imiz 2 mg/25 mg tablet,1.602404439539721e-05,0.800508166969147,0.0916030534351145
imiz 5 mg/25 mg tablet,1.602404439539721e-05,0.800508166969147,0.0916030534351145
imizep tablet,1.602404439539721e-05,0.800508166969147,0.0916030534351145
imizonic plus 2 mg/25 mg tablet,1.602404439539721e-05,0.800508166969147,0.0916030534351145
imnas d 2mg/25mg tablet,1.602404439539721e-05,0.800508166969147,0.0916030534351145
imodep 2 mg/25 mg tablet,1.602404439539721e-05,0.800508166969147,0.0916030534351145
impranit d 2mg/25mg tablet,1.602404439539721e-05,0.800508166969147,0.0916030534351145
imprax 0.25 mg/25 mg tablet,1.602404439539721e-05,0.800508166969147,0.0916030534351145
impress a 0.25 mg/25 mg tablet,1.602404439539721e-05,0.800508166969147,0.0916030534351145
impress plus 2 mg/25 mg tablet,1.602404439539721e-05,0.800508166969147,0.0916030534351145
imprim plus 5mg/25mg tablet,1.602404439539721e-05,0.800508166969147,0.0916030534351145
incetram p 37.5mg/325mg tablet,3.134616001256474e-05,0.8407929851315288,0.11450381679389313
indep plus 25mg/10mg tablet,1.602404439539721e-05,0.800508166969147,0.0916030534351145
indiaflam tps tablet,1.073315002030881e-05,0.8348095995154818,0.05343511450381679
indikof c syrup,9.007234941820291e-05,0.9205275899490776,0.061068702290076333
indol 100mg injection,5.8860647739280435e-06,0.8331696259916888,0.03816793893129771
indolam 0.25mg tablet,6.280763361236917e-07,0.6846941943495809,0.015267175572519083
indolam 0.5mg tablet,6.280763361236917e-07,0.6846941943495809,0.015267175572519083
indolpara 37.5mg/350mg tablet,3.134616001256474e-05,0.8407929851315288,0.11450381679389313
infizep 0.5mg tablet md,5.1476376818324204e-05,0.9656712496716,0.04580152671755725
infizep 1mg tablet md,5.1476376818324204e-05,0.9656712496716,0.04580152671755725
infizep 2mg tablet md,5.1476376818324204e-05,0.9656712496716,0.04580152671755725
inflaset forte 37.5mg/325mg tablet,3.134616001256474e-05,0.8407929851315288,0.11450381679389313
inmax 375mg/37.5mg tablet,1.073315002030881e-05,0.8348095995154818,0.05343511450381679
inodol p 50mg/325mg tablet,3.134616001256474e-05,0.8407929851315288,0.11450381679389313
insed 0.5mg nasal spray,8.306783105763723e-05,0.622888775913687,0.03816793893129771
nasal discomfort,4.627338275973297e-07,0.2453900709219858,0.0016516792071939804
throat irritation,4.627338275973297e-07,0.2453900709219858,0.0016516792071939804
insed plus atomiser,8.306783105763723e-05,0.622888775913687,0.03816793893129771
insom-zd 10mg tablet,2.013277755628682e-05,0.83925717330086,0.0916030534351145
insom-zd 5mg tablet,2.013277755628682e-05,0.83925717330086,0.0916030534351145
insomin forte 10mg tablet,4.204496272169002e-05,0.917006237006237,0.04580152671755725
insonia 5mg tablet,2.013277755628682e-05,0.83925717330086,0.0916030534351145
inspiral 10mg tablet,7.41249798400105e-07,0.55082671462111,0.030534351145038167
inspiral 10mg tablet sr,7.41249798400105e-07,0.55082671462111,0.030534351145038167
inspiral 20mg tablet,7.41249798400105e-07,0.55082671462111,0.030534351145038167
inspiral 20mg tablet sr,7.41249798400105e-07,0.55082671462111,0.030534351145038167
inspiral 5mg tablet,7.41249798400105e-07,0.55082671462111,0.030534351145038167
instacodin syrup,9.007234941820291e-05,0.9205275899490776,0.061068702290076333
integrol 100mg injection,5.8860647739280435e-06,0.8331696259916888,0.03816793893129771
integrol p 37.5mg/325mg tablet,3.134616001256474e-05,0.8407929851315288,0.11450381679389313
intram injection,5.8860647739280435e-06,0.8331696259916888,0.03816793893129771
intram plus tablet,1.073315002030881e-05,0.8348095995154818,0.05343511450381679
intraval sodium  injection,5.270511229992787e-05,0.8756451997141269,0.05343511450381679
inzofresh 10 tablet,2.013277755628682e-05,0.83925717330086,0.0916030534351145
inzofresh 5mg tablet,2.013277755628682e-05,0.83925717330086,0.0916030534351145
iodol 100mg tablet,5.8860647739280435e-06,0.8331696259916888,0.03816793893129771
ipain 50mg injection,5.8860647739280435e-06,0.8331696259916888,0.03816793893129771
ipasdol 50mg injection,5.8860647739280435e-06,0.8331696259916888,0.03816793893129771
ira plus 2mg/25mg tablet,1.602404439539721e-05,0.800508166969147,0.0916030534351145
isedaz injection,9.307647443867082e-05,0.9136631038197034,0.061068702290076333
ishtram tablet,3.134616001256474e-05,0.8407929851315288,0.11450381679389313
isodem 5mg tablet,2.013277755628682e-05,0.83925717330086,0.0916030534351145
isorest 0.25mg tablet,6.280763361236917e-07,0.6846941943495809,0.015267175572519083
isorest 0.5mg tablet,6.280763361236917e-07,0.6846941943495809,0.015267175572519083
isorex syrup,9.007234941820291e-05,0.9205275899490776,0.061068702290076333
italin lite 0.25mg/10mg tablet,6.825595443939102e-05,0.9317279256442754,0.08396946564885496
italin plus 0.5mg/10mg tablet,6.825595443939102e-05,0.9317279256442754,0.08396946564885496
italtric forte 0.5mg/10mg tablet,6.825595443939102e-05,0.9317279256442754,0.08396946564885496
italtric plus 0.25mg/10mg tablet,6.825595443939102e-05,0.9317279256442754,0.08396946564885496
itcalms plus 10 tablet,6.825595443939102e-05,0.9317279256442754,0.08396946564885496
itcalms plus 5 tablet,6.825595443939102e-05,0.9317279256442754,0.08396946564885496
ithiofast injection,5.270511229992787e-05,0.8756451997141269,0.05343511450381679
itrocet 100mg injection 2ml,5.8860647739280435e-06,0.8331696259916888,0.03816793893129771
itrocet-p tablet,3.134616001256474e-05,0.8407929851315288,0.11450381679389313
ivacet semi 162.5mg/18.75mg tablet,1.073315002030881e-05,0.8348095995154818,0.05343511450381679
ivydol 100mg tablet sr,5.8860647739280435e-06,0.8331696259916888,0.03816793893129771
jacmod 100mg/37.5mg tablet,2.123200353441007e-05,0.8350624763347217,0.06870229007633588
jadyl expectorant,9.007234941820291e-05,0.9205275899490776,0.061068702290076333
janfresh plus 0.5mg/10mg tablet,6.825595443939102e-05,0.9317279256442754,0.08396946564885496
jasoclam 0.5mg tablet,5.1476376818324204e-05,0.9656712496716,0.04580152671755725
jeedol p 325mg/50mg tablet,1.073315002030881e-05,0.8348095995154818,0.05343511450381679
jeepam plus 0.50mg/10mg tablet,6.825595443939102e-05,0.9317279256442754,0.08396946564885496
jerocen 2mg tablet,4.422707264527638e-06,0.7177634576580095,0.030534351145038167
jetra 50mg injection,5.8860647739280435e-06,0.8331696259916888,0.03816793893129771
jetra-p 325mg/50mg tablet,1.073315002030881e-05,0.8348095995154818,0.05343511450381679
jiyotram p 37.5mg/325mg tablet,3.134616001256474e-05,0.8407929851315288,0.11450381679389313
jojo plus 500mg/50mg tablet,1.073315002030881e-05,0.8348095995154818,0.05343511450381679
joliday 0.25mg tablet,6.280763361236917e-07,0.6846941943495809,0.015267175572519083
joliday 0.5mg tablet,6.280763361236917e-07,0.6846941943495809,0.015267175572519083
jomadol-p 37.5mg/325mg tablet,3.134616001256474e-05,0.8407929851315288,0.11450381679389313
jonapam 0.25mg tablet,5.1476376818324204e-05,0.9656712496716,0.04580152671755725
jonapam plus 0.5mg/10mg tablet,6.825595443939102e-05,0.9317279256442754,0.08396946564885496
joozeg-p 37.5mg/325mg tablet,3.134616001256474e-05,0.8407929851315288,0.11450381679389313
jopram plus 0.5 mg/10 mg tablet,6.825595443939102e-05,0.9317279256442754,0.08396946564885496
jorcet 37.5mg/325mg tablet,3.134616001256474e-05,0.8407929851315288,0.11450381679389313
jotadol plus 37.5mg/325mg tablet,3.134616001256474e-05,0.8407929851315288,0.11450381679389313
jotal 10 mg/1 mg tablet,6.013519816155538e-05,0.8662895749862519,0.10687022900763359
jotram p 50mg/500mg tablet,3.134616001256474e-05,0.8407929851315288,0.11450381679389313
jovail lite 0.25mg/10mg tablet,6.825595443939102e-05,0.9317279256442754,0.08396946564885496
jovail plus 0.5mg/10mg tablet,6.825595443939102e-05,0.9317279256442754,0.08396946564885496
joycom plus 0.5 mg/10 mg tablet,6.825595443939102e-05,0.9317279256442754,0.08396946564885496
joycom plus 0.5 mg/5 mg tablet,6.825595443939102e-05,0.9317279256442754,0.08396946564885496
joynap 1mg tablet,2.013277755628682e-05,0.83925717330086,0.0916030534351145
joynap md 0.5 tablet,5.1476376818324204e-05,0.9656712496716,0.04580152671755725
jpdol 50mg tablet,5.8860647739280435e-06,0.8331696259916888,0.03816793893129771
jtus-cd syrup,9.007234941820291e-05,0.9205275899490776,0.061068702290076333
judo 100mg injection,5.8860647739280435e-06,0.8331696259916888,0.03816793893129771
judo p tablet,1.073315002030881e-05,0.8348095995154818,0.05343511450381679
justify plus 10 tablet,6.825595443939102e-05,0.9317279256442754,0.08396946564885496
justify plus 5 tablet,6.825595443939102e-05,0.9317279256442754,0.08396946564885496
justify plus ls tablet,6.825595443939102e-05,0.9317279256442754,0.08396946564885496
justsleep 1mg tablet,9.426400305291535e-05,0.7483542585680353,0.07633587786259542
justsleep 2mg tablet,9.426400305291535e-05,0.7483542585680353,0.07633587786259542
k pam 0.5mg/10mg tablet,6.825595443939102e-05,0.9317279256442754,0.08396946564885496
kabizolam 1mg injection 5ml,9.307647443867082e-05,0.9136631038197034,0.061068702290076333
kamadol 100mg injection,5.8860647739280435e-06,0.8331696259916888,0.03816793893129771
kamadol 50mg injection,5.8860647739280435e-06,0.8331696259916888,0.03816793893129771
kamadol p 325mg/37.5mg tablet,1.073315002030881e-05,0.8348095995154818,0.05343511450381679
kaprolam 0.25mg tablet,6.280763361236917e-07,0.6846941943495809,0.015267175572519083
kaprolam 0.5mg tablet,6.280763361236917e-07,0.6846941943495809,0.015267175572519083
kare 10mg/1mg tablet,6.013519816155538e-05,0.8662895749862519,0.10687022900763359
karpam 5mg tablet,7.844086586140786e-06,0.7070856043603719,0.030534351145038167
kavrex syrup,9.007234941820291e-05,0.9205275899490776,0.061068702290076333
kaydol 37.5mg/325mg tablet,3.134616001256474e-05,0.8407929851315288,0.11450381679389313
kaydol 50mg/ml injection,5.8860647739280435e-06,0.8331696259916888,0.03816793893129771
kdex n tablet,7.875997926536431e-05,0.8002757819870818,0.04580152671755725
kdex p tablet,1.7366848042312856e-05,0.800508166969147,0.061068702290076333
kdol-p 37.5mg/325mg tablet,3.134616001256474e-05,0.8407929851315288,0.11450381679389313
kedol 50mg injection,5.8860647739280435e-06,0.8331696259916888,0.03816793893129771
kedol p 325 mg/37.5 mg tablet,1.073315002030881e-05,0.8348095995154818,0.05343511450381679
keolax 10mg tablet,3.9616768675442404e-05,0.8518346852066435,0.13740458015267176
keolax 5mg tablet,3.9616768675442404e-05,0.8518346852066435,0.13740458015267176
ketotram 10mg/25mg tablet,1.4104178538686293e-05,0.8349360187779208,0.061068702290076333
ketotru tablet,1.4104178538686293e-05,0.8349360187779208,0.061068702290076333
kevidol 100mg injection,5.8860647739280435e-06,0.8331696259916888,0.03816793893129771
keydep plus 0.25mg/5mg tablet,6.825595443939102e-05,0.9317279256442754,0.08396946564885496
keydep-forte 0.5mg/10mg tablet,6.825595443939102e-05,0.9317279256442754,0.08396946564885496
kidep dz tablet,1.602404439539721e-05,0.800508166969147,0.0916030534351145
kidep forte 5 mg/25 mg tablet,1.602404439539721e-05,0.800508166969147,0.0916030534351145
kidylinctus 1.5 mg/1.5 mg/2.5 mg syrup,0.00011035088979160709,0.971285122875011,0.061068702290076333
kidylinctus z syrup,0.00011035088979160709,0.971285122875011,0.061068702290076333
kimitrip 12.5mg/5mg tablet,1.602404439539721e-05,0.800508166969147,0.0916030534351145
kimitrip ds 25mg/10mg tablet,1.602404439539721e-05,0.800508166969147,0.0916030534351145
kimixide ds tablet,1.602404439539721e-05,0.800508166969147,0.0916030534351145
kimixide tablet,1.602404439539721e-05,0.800508166969147,0.0916030534351145
kinax p 0.25mg/20mg tablet,1.6745408863379544e-05,0.7151566249432518,0.061068702290076333
kinax s 0.25mg/50mg tablet,6.825595443939102e-05,0.9317279256442754,0.08396946564885496
kinedol-ef effervescent tablet,1.073315002030881e-05,0.8348095995154818,0.05343511450381679
kivizam 10mg tablet,3.9616768675442404e-05,0.8518346852066435,0.13740458015267176
kivizam 5mg tablet,3.9616768675442404e-05,0.8518346852066435,0.13740458015267176
klob 10 tablet,3.9616768675442404e-05,0.8518346852066435,0.13740458015267176
klob 5 tablet,3.9616768675442404e-05,0.8518346852066435,0.13740458015267176
klocalm 0.25 tablet dt,5.1476376818324204e-05,0.9656712496716,0.04580152671755725
klocalm 0.5mg tablet,5.1476376818324204e-05,0.9656712496716,0.04580152671755725
klocalm-plus hd tablet,1.6745408863379544e-05,0.7151566249432518,0.061068702290076333
klocalm-plus tablet,1.6745408863379544e-05,0.7151566249432518,0.061068702290076333
klojet 0.25mg tablet md,5.1476376818324204e-05,0.9656712496716,0.04580152671755725
klojet 0.5mg tablet md,5.1476376818324204e-05,0.9656712496716,0.04580152671755725
klojet 1mg tablet md,5.1476376818324204e-05,0.9656712496716,0.04580152671755725
klojet 2mg tablet md,5.1476376818324204e-05,0.9656712496716,0.04580152671755725
klon 0.25mg tablet,5.1476376818324204e-05,0.9656712496716,0.04580152671755725
klon 0.5mg tablet,5.1476376818324204e-05,0.9656712496716,0.04580152671755725
klon 1mg tablet,5.1476376818324204e-05,0.9656712496716,0.04580152671755725
klon 2mg tablet,5.1476376818324204e-05,0.9656712496716,0.04580152671755725
klonax 0.50 tablet md,3.9616768675442404e-05,0.8518346852066435,0.13740458015267176
klonaz 0.25mg tablet,5.1476376818324204e-05,0.9656712496716,0.04580152671755725
klonaz 0.25mg tablet md,5.1476376818324204e-05,0.9656712496716,0.04580152671755725
klonaz 0.5mg tablet,5.1476376818324204e-05,0.9656712496716,0.04580152671755725
klonaz 0.5mg tablet md,5.1476376818324204e-05,0.9656712496716,0.04580152671755725
klonaz 1mg tablet,5.1476376818324204e-05,0.9656712496716,0.04580152671755725
klonaz 2mg tablet,5.1476376818324204e-05,0.9656712496716,0.04580152671755725
klonaz es 0.5 mg/10 mg tablet,6.825595443939102e-05,0.9317279256442754,0.08396946564885496
klonopin 0.5mg tablet,5.1476376818324204e-05,0.9656712496716,0.04580152671755725
klopam 0.5mg tablet,5.1476376818324204e-05,0.9656712496716,0.04580152671755725
klopam 1mg tablet,5.1476376818324204e-05,0.9656712496716,0.04580152671755725
klopam 2mg tablet,5.1476376818324204e-05,0.9656712496716,0.04580152671755725
klopam lite tablet,6.825595443939102e-05,0.9317279256442754,0.08396946564885496
klopam plus tablet,6.825595443939102e-05,0.9317279256442754,0.08396946564885496
klordize 10mg tablet,9.819845268302474e-05,0.9658404134185863,0.061068702290076333
klordize 25mg tablet,9.819845268302474e-05,0.9658404134185863,0.061068702290076333
klordize 5mg tablet,9.819845268302474e-05,0.9658404134185863,0.061068702290076333
klordize tr 10mg/1mg tablet,6.013519816155538e-05,0.8662895749862519,0.10687022900763359
klowin 0.25mg tablet md,5.1476376818324204e-05,0.9656712496716,0.04580152671755725
klowin 0.5mg tablet,5.1476376818324204e-05,0.9656712496716,0.04580152671755725
klowin 0.5mg tablet md,5.1476376818324204e-05,0.9656712496716,0.04580152671755725
klowin 2mg tablet,5.1476376818324204e-05,0.9656712496716,0.04580152671755725
klowin plus 500mg/37.5mg tablet,1.073315002030881e-05,0.8348095995154818,0.05343511450381679
kmr tablet,1.073315002030881e-05,0.8348095995154818,0.05343511450381679
kobazam 10mg tablet,3.9616768675442404e-05,0.8518346852066435,0.13740458015267176
kobazam 20mg tablet,3.9616768675442404e-05,0.8518346852066435,0.13740458015267176
kobazam 5mg tablet,3.9616768675442404e-05,0.8518346852066435,0.13740458015267176
kodekof syrup,9.007234941820291e-05,0.9205275899490776,0.061068702290076333
kodex 4mg/10mg syrup,9.007234941820291e-05,0.9205275899490776,0.061068702290076333
kodex t syrup,9.007234941820291e-05,0.9205275899490776,0.061068702290076333
kodin 4 mg/10 mg syrup,9.007234941820291e-05,0.9205275899490776,0.061068702290076333
kodiwiz syrup,9.007234941820291e-05,0.9205275899490776,0.061068702290076333
kodrax 10mg tablet,9.819845268302474e-05,0.9658404134185863,0.061068702290076333
kofarest c syrup,9.007234941820291e-05,0.9205275899490776,0.061068702290076333
kofzero dc syrup,9.007234941820291e-05,0.9205275899490776,0.061068702290076333
kolavery 0.25mg tablet,5.1476376818324204e-05,0.9656712496716,0.04580152671755725
kolavery 0.5mg tablet,5.1476376818324204e-05,0.9656712496716,0.04580152671755725
kolavery 1mg tablet,5.1476376818324204e-05,0.9656712496716,0.04580152671755725
kolavery forte 0.5 mg/10 mg tablet,6.825595443939102e-05,0.9317279256442754,0.08396946564885496
kongesic 500 mg/10 mg tablet,5.8860647739280435e-06,0.8331696259916888,0.03816793893129771
konit 10mg tablet,4.204496272169002e-05,0.917006237006237,0.04580152671755725
konokof syrup,9.007234941820291e-05,0.9205275899490776,0.061068702290076333
kool 5mg/1mg tablet,6.013519816155538e-05,0.8662895749862519,0.10687022900763359
kortyl 650mg/65mg tablet,4.530473585561955e-06,0.8000435318871073,0.030534351145038167
kostram p 37.5mg/325mg tablet,3.134616001256474e-05,0.8407929851315288,0.11450381679389313
koxma tag syrup,9.597286009123102e-05,0.9205275899490776,0.061068702290076333
kr u 2.5mg/5mg/10mg tablet,4.2879673447075457e-05,0.8801181259478011,0.08396946564885496
kramp 37.5mg/325mg tablet,3.134616001256474e-05,0.8407929851315288,0.11450381679389313
kridol p 325 mg/37.5 mg tablet,1.073315002030881e-05,0.8348095995154818,0.05343511450381679
kts 10 tablet,2.013277755628682e-05,0.83925717330086,0.0916030534351145
kufril c 4mg/10mg syrup,9.007234941820291e-05,0.9205275899490776,0.061068702290076333
l cetree tablet,6.825595443939102e-05,0.9317279256442754,0.08396946564885496
l peez s 0.25 mg/25 mg tablet,6.825595443939102e-05,0.9317279256442754,0.08396946564885496
l. pam 1mg tablet,1.052004745655686e-06,0.7050060737804488,0.030534351145038167
l. pam 2mg tablet,4.422707264527638e-06,0.7177634576580095,0.030534351145038167
l. pam 3mg tablet,1.052004745655686e-06,0.7050060737804488,0.030534351145038167
lafaxa c 100mg/0.5mg tablet,8.174503195717589e-05,0.8284125910900759,0.0916030534351145
lafaxa c 50mg/0.5mg tablet,8.174503195717589e-05,0.8284125910900759,0.0916030534351145
lagesic injection,5.8860647739280435e-06,0.8331696259916888,0.03816793893129771
lam 0.25mg tablet,6.280763361236917e-07,0.6846941943495809,0.015267175572519083
lam 0.5mg tablet,6.280763361236917e-07,0.6846941943495809,0.015267175572519083
lam la 0.5mg tablet,6.280763361236917e-07,0.6846941943495809,0.015267175572519083
lam plus h 0.25 mg/10 mg tablet,1.6745408863379544e-05,0.7151566249432518,0.061068702290076333
lam plus h tablet,1.6745408863379544e-05,0.7151566249432518,0.061068702290076333
lam-plus tablet,1.6745408863379544e-05,0.7151566249432518,0.061068702290076333
lamad 0.25mg tablet,6.280763361236917e-07,0.6846941943495809,0.015267175572519083
lamcin 0.5mg tablet,6.280763361236917e-07,0.6846941943495809,0.015267175572519083
lampoz 0.25mg tablet,6.280763361236917e-07,0.6846941943495809,0.015267175572519083
lampoz 0.5mg tablet,6.280763361236917e-07,0.6846941943495809,0.015267175572519083
lamtric 1mg tablet sr,6.280763361236917e-07,0.6846941943495809,0.015267175572519083
lanxtra 1mg tablet md,1.052004745655686e-06,0.7050060737804488,0.030534351145038167
lanxtra 2mg tablet md,4.422707264527638e-06,0.7177634576580095,0.030534351145038167
laptol 30mg injection,8.787490928961126e-05,0.9510133678309616,0.061068702290076333
larosh 1mg tablet,1.052004745655686e-06,0.7050060737804488,0.030534351145038167
larosh 2mg tablet,4.422707264527638e-06,0.7177634576580095,0.030534351145038167
larotyl plus 12.5mg/5mg tablet,1.602404439539721e-05,0.800508166969147,0.0916030534351145
larox 1 tablet,1.052004745655686e-06,0.7050060737804488,0.030534351145038167
larox 1mg tablet,1.052004745655686e-06,0.7050060737804488,0.030534351145038167
larox 2 tablet,4.422707264527638e-06,0.7177634576580095,0.030534351145038167
larox 2mg tablet,4.422707264527638e-06,0.7177634576580095,0.030534351145038167
larpose 1mg tablet,1.052004745655686e-06,0.7050060737804488,0.030534351145038167
larpose 2mg tablet,4.422707264527638e-06,0.7177634576580095,0.030534351145038167
larpoz 1mg tablet,1.052004745655686e-06,0.7050060737804488,0.030534351145038167
larpoz 2mg tablet,4.422707264527638e-06,0.7177634576580095,0.030534351145038167
latiron plus 12.5mg/5mg tablet,1.602404439539721e-05,0.800508166969147,0.0916030534351145
laviclona 1mg tablet,5.1476376818324204e-05,0.9656712496716,0.04580152671755725
lavicloxide-h tablet,1.602404439539721e-05,0.800508166969147,0.0916030534351145
lavizolam p 0.25mg/20mg tablet,1.6745408863379544e-05,0.7151566249432518,0.061068702290076333
leadpram-ls tablet,6.825595443939102e-05,0.9317279256442754,0.08396946564885496
leadpram-plus tablet,6.825595443939102e-05,0.9317279256442754,0.08396946564885496
lebero tablet,4.2879673447075457e-05,0.8801181259478011,0.08396946564885496
lecof-c syrup,9.007234941820291e-05,0.9205275899490776,0.061068702290076333
leerex syrup,9.007234941820291e-05,0.9205275899490776,0.061068702290076333
leksobrain 0.25mg/5mg tablet,6.825595443939102e-05,0.9317279256442754,0.08396946564885496
lemoxin tablet,4.2879673447075457e-05,0.8801181259478011,0.08396946564885496
lexa tablet,7.232130913750101e-05,0.931255806097458,0.03816793893129771
lexa-h tablet,7.232130913750101e-05,0.931255806097458,0.03816793893129771
lexadep ax tablet,6.825595443939102e-05,0.9317279256442754,0.08396946564885496
lexatal c 0.5mg/10mg tablet,6.825595443939102e-05,0.9317279256442754,0.08396946564885496
lexatal c 0.5mg/5mg tablet,6.825595443939102e-05,0.9317279256442754,0.08396946564885496
lexatal c ls 0.25mg/10mg tablet,6.825595443939102e-05,0.9317279256442754,0.08396946564885496
lexidep plus 0.5mg/10mg tablet,6.825595443939102e-05,0.9317279256442754,0.08396946564885496
lexipram forte tablet,6.825595443939102e-05,0.9317279256442754,0.08396946564885496
lexipram plus tablet,6.825595443939102e-05,0.9317279256442754,0.08396946564885496
lexopram c 0.5mg/10mg tablet,6.825595443939102e-05,0.9317279256442754,0.08396946564885496
lextar plus 0.5mg/10mg tablet,6.825595443939102e-05,0.9317279256442754,0.08396946564885496
lezi 0.5mg/10mg tablet,6.825595443939102e-05,0.9317279256442754,0.08396946564885496
lg para t 325mg/37.5mg tablet,1.073315002030881e-05,0.8348095995154818,0.05343511450381679
liberta 0.25mg tablet,5.1476376818324204e-05,0.9656712496716,0.04580152671755725
liberta 0.5 mg tablet,5.1476376818324204e-05,0.9656712496716,0.04580152671755725
liberta 1mg tablet,5.1476376818324204e-05,0.9656712496716,0.04580152671755725
libnam 5 mg/2.5 mg tablet,3.208398501504382e-05,0.8742567192579085,0.07633587786259542
libocalm 1 mg/10 mg tablet,6.013519816155538e-05,0.8662895749862519,0.10687022900763359
libomin tablet,1.602404439539721e-05,0.800508166969147,0.0916030534351145
libopil 5 mg/2.5 mg tablet,3.208398501504382e-05,0.8742567192579085,0.07633587786259542
libotryp 12.5 mg/5 mg tablet,1.602404439539721e-05,0.800508166969147,0.0916030534351145
libotryp ds 25 mg/10 mg tablet,1.602404439539721e-05,0.800508166969147,0.0916030534351145
libotryp xl 25 tablet,1.602404439539721e-05,0.800508166969147,0.0916030534351145
libral 12.5 mg/5 mg tablet,1.602404439539721e-05,0.800508166969147,0.0916030534351145
libral kid tablet,1.602404439539721e-05,0.800508166969147,0.0916030534351145
librate 10mg tablet,9.819845268302474e-05,0.9658404134185863,0.061068702290076333
librate 25mg tablet,9.819845268302474e-05,0.9658404134185863,0.061068702290076333
libratex tablet,3.208398501504382e-05,0.8742567192579085,0.07633587786259542
librax 5 mg/2.5 mg tablet,3.208398501504382e-05,0.8742567192579085,0.07633587786259542
librel 10mg tablet,9.819845268302474e-05,0.9658404134185863,0.061068702290076333
librin 10mg tablet,9.819845268302474e-05,0.9658404134185863,0.061068702290076333
librin 25mg tablet,9.819845268302474e-05,0.9658404134185863,0.061068702290076333
librin t 10mg/1mg tablet,6.013519816155538e-05,0.8662895749862519,0.10687022900763359
librin-c 5mg/2.5mg tablet,3.208398501504382e-05,0.8742567192579085,0.07633587786259542
librium 10 tablet,9.819845268302474e-05,0.9658404134185863,0.061068702290076333
librium 25 tablet,9.819845268302474e-05,0.9658404134185863,0.061068702290076333
librocan 10mg/1mg tablet,6.013519816155538e-05,0.8662895749862519,0.10687022900763359
librodep 12.5mg/5mg tablet,1.602404439539721e-05,0.800508166969147,0.0916030534351145
librolent tablet,6.013519816155538e-05,0.8662895749862519,0.10687022900763359
libromeg 5mg/2.5mg tablet,3.208398501504382e-05,0.8742567192579085,0.07633587786259542
libropar 10mg/1mg tablet,6.013519816155538e-05,0.8662895749862519,0.10687022900763359
librosar 10mg/1mg tablet,6.013519816155538e-05,0.8662895749862519,0.10687022900763359
libroscan tablet,3.208398501504382e-05,0.8742567192579085,0.07633587786259542
librospas 5mg/12.5mg tablet,3.208398501504382e-05,0.8742567192579085,0.07633587786259542
librosym 10mg/1mg tablet,6.013519816155538e-05,0.8662895749862519,0.10687022900763359
librotop 10mg/1mg tablet,6.013519816155538e-05,0.8662895749862519,0.10687022900763359
libsana 5mg/2.5mg tablet,3.208398501504382e-05,0.8742567192579085,0.07633587786259542
libsana forte 2.5mg/5mg/10mg tablet,4.2879673447075457e-05,0.8801181259478011,0.08396946564885496
libzide 5mg/2.5mg tablet,3.208398501504382e-05,0.8742567192579085,0.07633587786259542
liftense 0.25mg tablet dt,5.1476376818324204e-05,0.9656712496716,0.04580152671755725
liftense md 0.5 tablet,5.1476376818324204e-05,0.9656712496716,0.04580152671755725
liftense md 1 tablet,5.1476376818324204e-05,0.9656712496716,0.04580152671755725
liftol forte tablet,6.825595443939102e-05,0.9317279256442754,0.08396946564885496
liftopram plus 5 tablet,6.825595443939102e-05,0.9317279256442754,0.08396946564885496
limbicon forte 25mg/10mg tablet,1.602404439539721e-05,0.800508166969147,0.0916030534351145
limbitrol h 12.5 mg/5 mg tablet,1.602404439539721e-05,0.800508166969147,0.0916030534351145
limbival 12.5mg/5mg tablet,1.602404439539721e-05,0.800508166969147,0.0916030534351145
limbival forte 25mg/10mg tablet,1.602404439539721e-05,0.800508166969147,0.0916030534351145
linam forte 25mg/10mg tablet,1.602404439539721e-05,0.800508166969147,0.0916030534351145
lincotuss 15mg syrup,0.00013286811265432976,0.9267165308009077,0.061068702290076333
linctus codeinae co syrup,9.007234941820291e-05,0.9205275899490776,0.061068702290076333
linotril 0.25mg tablet,5.1476376818324204e-05,0.9656712496716,0.04580152671755725
linotril 0.5mg tablet,5.1476376818324204e-05,0.9656712496716,0.04580152671755725
linotril 1mg tablet,5.1476376818324204e-05,0.9656712496716,0.04580152671755725
linotril 2mg tablet,5.1476376818324204e-05,0.9656712496716,0.04580152671755725
lipidem 10mg tablet,2.013277755628682e-05,0.83925717330086,0.0916030534351145
lipidem 5mg tablet,2.013277755628682e-05,0.83925717330086,0.0916030534351145
lipox 5mg/2.5mg tablet,3.208398501504382e-05,0.8742567192579085,0.07633587786259542
lipox plus tablet,4.2879673447075457e-05,0.8801181259478011,0.08396946564885496
lirium 10 tablet,9.819845268302474e-05,0.9658404134185863,0.061068702290076333
litcoff c syrup,9.007234941820291e-05,0.9205275899490776,0.061068702290076333
livtril 0.5mg tablet md,5.1476376818324204e-05,0.9656712496716,0.04580152671755725
livtril-md 0.25 tablet,5.1476376818324204e-05,0.9656712496716,0.04580152671755725
livtril-md 2 tablet,5.1476376818324204e-05,0.9656712496716,0.04580152671755725
livtril-pro tablet,1.6745408863379544e-05,0.7151566249432518,0.061068702290076333
lobachek 10mg tablet,3.9616768675442404e-05,0.8518346852066435,0.13740458015267176
lobachek 5mg tablet,3.9616768675442404e-05,0.8518346852066435,0.13740458015267176
lobacor 10mg tablet md,3.9616768675442404e-05,0.8518346852066435,0.13740458015267176
lobacor 5mg tablet md,3.9616768675442404e-05,0.8518346852066435,0.13740458015267176
lobain 400mg/65mg capsule,1.4869415574955766e-05,0.8335475092599591,0.061068702290076333
lobaone 10mg tablet md,3.9616768675442404e-05,0.8518346852066435,0.13740458015267176
lobaone 5mg tablet md,3.9616768675442404e-05,0.8518346852066435,0.13740458015267176
lobasan 5mg tablet,3.9616768675442404e-05,0.8518346852066435,0.13740458015267176
lobatric 10mg tablet,3.9616768675442404e-05,0.8518346852066435,0.13740458015267176
lobatric 5mg tablet,3.9616768675442404e-05,0.8518346852066435,0.13740458015267176
lobaz 10mg tablet,3.9616768675442404e-05,0.8518346852066435,0.13740458015267176
lobaz 5mg tablet,3.9616768675442404e-05,0.8518346852066435,0.13740458015267176
lobazam 10mg tablet,3.9616768675442404e-05,0.8518346852066435,0.13740458015267176
lobazam 10mg tablet md,3.9616768675442404e-05,0.8518346852066435,0.13740458015267176
lobazam 2.5 tablet,3.9616768675442404e-05,0.8518346852066435,0.13740458015267176
lobazam 2.5mg tablet md,3.9616768675442404e-05,0.8518346852066435,0.13740458015267176
lobazam 20mg tablet,3.9616768675442404e-05,0.8518346852066435,0.13740458015267176
lobazam 5mg tablet,3.9616768675442404e-05,0.8518346852066435,0.13740458015267176
lobazam 7.5mg tablet,3.9616768675442404e-05,0.8518346852066435,0.13740458015267176
lobazam md 5 tablet,3.9616768675442404e-05,0.8518346852066435,0.13740458015267176
lobopill 10mg tablet,3.9616768675442404e-05,0.8518346852066435,0.13740458015267176
lobopill 5mg tablet,3.9616768675442404e-05,0.8518346852066435,0.13740458015267176
locest 2mg tablet,4.422707264527638e-06,0.7177634576580095,0.030534351145038167
lodam 50mg injection,5.8860647739280435e-06,0.8331696259916888,0.03816793893129771
lodep plus 12.5mg/5mg tablet,1.602404439539721e-05,0.800508166969147,0.0916030534351145
lodiv 1mg tablet md,1.052004745655686e-06,0.7050060737804488,0.030534351145038167
lodiv 2mg tablet md,4.422707264527638e-06,0.7177634576580095,0.030534351145038167
logen 0.5mg tablet md,5.1476376818324204e-05,0.9656712496716,0.04580152671755725
login 2mg tablet,4.422707264527638e-06,0.7177634576580095,0.030534351145038167
logirex 5 mg/2.5 mg tablet,3.208398501504382e-05,0.8742567192579085,0.07633587786259542
lok 2mg tablet,4.422707264527638e-06,0.7177634576580095,0.030534351145038167
lok acid 40mg injection,2.434387856025367e-05,0.8697058127612588,0.04580152671755725
lomadol 100mg injection,5.8860647739280435e-06,0.8331696259916888,0.03816793893129771
lomadol 50mg injection,5.8860647739280435e-06,0.8331696259916888,0.03816793893129771
lomofen tablet,0.00048760229078099847,0.971970030850595,0.0916030534351145
urine discoloration,5.355715597191317e-09,0.33739140712723836,0.00036703982382088455
flushing of skin,4.6253907430288646e-08,0.33747118283383576,0.0007340796476417691
bronchoconstriction (constriction of air passages),4.6253907430288646e-08,0.33747118283383576,0.0007340796476417691
lomotil tablet,0.0003070444671460692,0.9717987133162951,0.08396946564885496
lona 0.5mg tablet,5.1476376818324204e-05,0.9656712496716,0.04580152671755725
lona 1mg tablet,5.1476376818324204e-05,0.9656712496716,0.04580152671755725
lona 2mg tablet,5.1476376818324204e-05,0.9656712496716,0.04580152671755725
lonacen 0.25mg tablet md,5.1476376818324204e-05,0.9656712496716,0.04580152671755725
lonacen 0.5mg tablet md,5.1476376818324204e-05,0.9656712496716,0.04580152671755725
lonacen 1mg tablet md,5.1476376818324204e-05,0.9656712496716,0.04580152671755725
lonacen 2mg tablet md,5.1476376818324204e-05,0.9656712496716,0.04580152671755725
lonadep 0.5mg tablet md,5.1476376818324204e-05,0.9656712496716,0.04580152671755725
lonafest 0.25mg tablet md,5.1476376818324204e-05,0.9656712496716,0.04580152671755725
lonafest 0.5 tablet md,5.1476376818324204e-05,0.9656712496716,0.04580152671755725
lonafest 1mg tablet md,5.1476376818324204e-05,0.9656712496716,0.04580152671755725
lonafest 2mg tablet md,5.1476376818324204e-05,0.9656712496716,0.04580152671755725
lonafest p 0.25mg/10mg tablet,1.6745408863379544e-05,0.7151566249432518,0.061068702290076333
lonafest p 0.5mg/20mg tablet,1.6745408863379544e-05,0.7151566249432518,0.061068702290076333
lonapam 0.25mg tablet,5.1476376818324204e-05,0.9656712496716,0.04580152671755725
lonapam 0.5mg tablet,5.1476376818324204e-05,0.9656712496716,0.04580152671755725
lonapam 1mg tablet,5.1476376818324204e-05,0.9656712496716,0.04580152671755725
lonapam 2mg tablet,5.1476376818324204e-05,0.9656712496716,0.04580152671755725
lonapil 0.25mg tablet md,5.1476376818324204e-05,0.9656712496716,0.04580152671755725
lonapil 0.5mg tablet md,5.1476376818324204e-05,0.9656712496716,0.04580152671755725
lonapro 0.5mg/20mg tablet,1.6745408863379544e-05,0.7151566249432518,0.061068702290076333
lonator md 0.25mg tablet,5.1476376818324204e-05,0.9656712496716,0.04580152671755725
lonator md 0.5mg tablet,5.1476376818324204e-05,0.9656712496716,0.04580152671755725
lonavib 0.5 tablet md,5.1476376818324204e-05,0.9656712496716,0.04580152671755725
lonawel 0.5mg tablet,5.1476376818324204e-05,0.9656712496716,0.04580152671755725
lonazep 0.25 tablet,5.1476376818324204e-05,0.9656712496716,0.04580152671755725
lonazep 0.25mg tablet md,5.1476376818324204e-05,0.9656712496716,0.04580152671755725
lonazep 0.5mg tablet,5.1476376818324204e-05,0.9656712496716,0.04580152671755725
lonazep 1mg injection,5.1476376818324204e-05,0.9656712496716,0.04580152671755725
lonazep 1mg tablet,5.1476376818324204e-05,0.9656712496716,0.04580152671755725
lonazep 1mg tablet md,5.1476376818324204e-05,0.9656712496716,0.04580152671755725
lonazep 2mg tablet,5.1476376818324204e-05,0.9656712496716,0.04580152671755725
lonazep 2mg tablet md,5.1476376818324204e-05,0.9656712496716,0.04580152671755725
lonazep md 0.5 tablet,5.1476376818324204e-05,0.9656712496716,0.04580152671755725
lonazit 0.5mg tablet md,5.1476376818324204e-05,0.9656712496716,0.04580152671755725
lonazit plus 0.5mg/10mg tablet,6.825595443939102e-05,0.9317279256442754,0.08396946564885496
lonin 0.5mg tablet,5.1476376818324204e-05,0.9656712496716,0.04580152671755725
lonin 0.5mg tablet md,5.1476376818324204e-05,0.9656712496716,0.04580152671755725
lonin 2mg tablet,5.1476376818324204e-05,0.9656712496716,0.04580152671755725
lonipax 0.25mg tablet md,5.1476376818324204e-05,0.9656712496716,0.04580152671755725
lonipax 0.5mg tablet,5.1476376818324204e-05,0.9656712496716,0.04580152671755725
lonipax 0.5mg tablet md,5.1476376818324204e-05,0.9656712496716,0.04580152671755725
lonna 0.5mg tablet,5.1476376818324204e-05,0.9656712496716,0.04580152671755725
lonna 1mg tablet,5.1476376818324204e-05,0.9656712496716,0.04580152671755725
lonna 2mg tablet,5.1476376818324204e-05,0.9656712496716,0.04580152671755725
lopam 1mg tablet,1.052004745655686e-06,0.7050060737804488,0.030534351145038167
lopam 2mg tablet,4.422707264527638e-06,0.7177634576580095,0.030534351145038167
lopax 1mg tablet,1.052004745655686e-06,0.7050060737804488,0.030534351145038167
lopax 2mg tablet,4.422707264527638e-06,0.7177634576580095,0.030534351145038167
lopez 1mg tablet,1.052004745655686e-06,0.7050060737804488,0.030534351145038167
lopez 2mg injection,2.434387856025367e-05,0.8697058127612588,0.04580152671755725
lopez 2mg tablet,4.422707264527638e-06,0.7177634576580095,0.030534351145038167
lopez 3mg tablet,1.052004745655686e-06,0.7050060737804488,0.030534351145038167
lopez md 1 tablet,1.052004745655686e-06,0.7050060737804488,0.030534351145038167
lopez md 2 tablet,4.422707264527638e-06,0.7177634576580095,0.030534351145038167
lopitas 10mg tablet,2.013277755628682e-05,0.83925717330086,0.0916030534351145
lopovib 1 tablet,1.052004745655686e-06,0.7050060737804488,0.030534351145038167
lopovib 2 tablet,4.422707264527638e-06,0.7177634576580095,0.030534351145038167
loprazam forte tablet,6.825595443939102e-05,0.9317279256442754,0.08396946564885496
loprazam plus tablet,6.825595443939102e-05,0.9317279256442754,0.08396946564885496
lora 2mg injection,2.434387856025367e-05,0.8697058127612588,0.04580152671755725
loracalm 1mg tablet,1.052004745655686e-06,0.7050060737804488,0.030534351145038167
loracalm 2mg tablet,4.422707264527638e-06,0.7177634576580095,0.030534351145038167
loracord 2mg injection,2.434387856025367e-05,0.8697058127612588,0.04580152671755725
loract 1mg tablet,1.052004745655686e-06,0.7050060737804488,0.030534351145038167
loract 2mg tablet,4.422707264527638e-06,0.7177634576580095,0.030534351145038167
lorajet 2mg tablet,4.422707264527638e-06,0.7177634576580095,0.030534351145038167
loral plus 0.25mg/25mg tablet,6.825595443939102e-05,0.9317279256442754,0.08396946564885496
loralite 1mg tablet,1.052004745655686e-06,0.7050060737804488,0.030534351145038167
loralite 2mg tablet,4.422707264527638e-06,0.7177634576580095,0.030534351145038167
loram 1mg tablet,1.052004745655686e-06,0.7050060737804488,0.030534351145038167
loram 2mg tablet,4.422707264527638e-06,0.7177634576580095,0.030534351145038167
lorame 2mg tablet,4.422707264527638e-06,0.7177634576580095,0.030534351145038167
loranxit  1mg tablet,1.052004745655686e-06,0.7050060737804488,0.030534351145038167
loranxit  2mg tablet,4.422707264527638e-06,0.7177634576580095,0.030534351145038167
loranza 1mg tablet,1.052004745655686e-06,0.7050060737804488,0.030534351145038167
loranza 2mg tablet,4.422707264527638e-06,0.7177634576580095,0.030534351145038167
loranza injection,2.434387856025367e-05,0.8697058127612588,0.04580152671755725
lorapax 1mg tablet,1.052004745655686e-06,0.7050060737804488,0.030534351145038167
lorapax 2mg tablet,4.422707264527638e-06,0.7177634576580095,0.030534351145038167
lorapsy 2mg tablet,4.422707264527638e-06,0.7177634576580095,0.030534351145038167
lorasys 1mg tablet,1.052004745655686e-06,0.7050060737804488,0.030534351145038167
lorat 1mg tablet,1.052004745655686e-06,0.7050060737804488,0.030534351145038167
loratop 1mg tablet,1.052004745655686e-06,0.7050060737804488,0.030534351145038167
loratop 2mg tablet,4.422707264527638e-06,0.7177634576580095,0.030534351145038167
loratop 3mg tablet,1.052004745655686e-06,0.7050060737804488,0.030534351145038167
loratranc 2mg tablet,4.422707264527638e-06,0.7177634576580095,0.030534351145038167
loratrix 1 tablet,1.052004745655686e-06,0.7050060737804488,0.030534351145038167
lorawel 1mg tablet,1.052004745655686e-06,0.7050060737804488,0.030534351145038167
lorawel 2mg tablet,4.422707264527638e-06,0.7177634576580095,0.030534351145038167
lorawel injection,2.434387856025367e-05,0.8697058127612588,0.04580152671755725
lorax 0.5 tablet,1.052004745655686e-06,0.7050060737804488,0.030534351145038167
lorax 1mg tablet,1.052004745655686e-06,0.7050060737804488,0.030534351145038167
lorax 2mg tablet,4.422707264527638e-06,0.7177634576580095,0.030534351145038167
lorax 3 tablet,1.052004745655686e-06,0.7050060737804488,0.030534351145038167
loraz 1mg tablet,1.052004745655686e-06,0.7050060737804488,0.030534351145038167
loraz 2mg injection,2.434387856025367e-05,0.8697058127612588,0.04580152671755725
loraz 2mg tablet,4.422707264527638e-06,0.7177634576580095,0.030534351145038167
lorazam 2mg tablet,4.422707264527638e-06,0.7177634576580095,0.030534351145038167
lorazen injection,2.434387856025367e-05,0.8697058127612588,0.04580152671755725
lorazen tablet,1.052004745655686e-06,0.7050060737804488,0.030534351145038167
lorazine 2mg tablet,4.422707264527638e-06,0.7177634576580095,0.030534351145038167
lorcin 1mg tablet,1.052004745655686e-06,0.7050060737804488,0.030534351145038167
lorcin 2mg tablet,4.422707264527638e-06,0.7177634576580095,0.030534351145038167
lored 1mg tablet,1.052004745655686e-06,0.7050060737804488,0.030534351145038167
lored 2 tablet,4.422707264527638e-06,0.7177634576580095,0.030534351145038167
lorel 1mg tablet,1.052004745655686e-06,0.7050060737804488,0.030534351145038167
lorel 2mg tablet,4.422707264527638e-06,0.7177634576580095,0.030534351145038167
lorel injection,2.434387856025367e-05,0.8697058127612588,0.04580152671755725
loren 1mg tablet,1.052004745655686e-06,0.7050060737804488,0.030534351145038167
loren 2mg tablet,4.422707264527638e-06,0.7177634576580095,0.030534351145038167
loresta 1mg tablet,1.052004745655686e-06,0.7050060737804488,0.030534351145038167
loresta 2mg tablet,4.422707264527638e-06,0.7177634576580095,0.030534351145038167
lorex  1 tablet,1.052004745655686e-06,0.7050060737804488,0.030534351145038167
lorez 1mg tablet,1.052004745655686e-06,0.7050060737804488,0.030534351145038167
lori 2mg tablet,4.422707264527638e-06,0.7177634576580095,0.030534351145038167
lori 5mg injection,2.7728151452124645e-05,0.73744399117234,0.030534351145038167
loricalm 1mg tablet,1.052004745655686e-06,0.7050060737804488,0.030534351145038167
loricalm 2mg tablet,4.422707264527638e-06,0.7177634576580095,0.030534351145038167
loricon 1mg tablet,1.052004745655686e-06,0.7050060737804488,0.030534351145038167
loricon 2mg tablet,4.422707264527638e-06,0.7177634576580095,0.030534351145038167
lorim 1 tablet,1.052004745655686e-06,0.7050060737804488,0.030534351145038167
lorim 2 tablet,4.422707264527638e-06,0.7177634576580095,0.030534351145038167
loripam 1mg tablet,1.052004745655686e-06,0.7050060737804488,0.030534351145038167
loripam 2mg tablet,4.422707264527638e-06,0.7177634576580095,0.030534351145038167
loritoss 1 tablet,1.052004745655686e-06,0.7050060737804488,0.030534351145038167
loritoss 2 tablet,4.422707264527638e-06,0.7177634576580095,0.030534351145038167
loriv 2mg tablet,4.422707264527638e-06,0.7177634576580095,0.030534351145038167
lorivan 1mg tablet,1.052004745655686e-06,0.7050060737804488,0.030534351145038167
lormac 1mg tablet,1.052004745655686e-06,0.7050060737804488,0.030534351145038167
lormac 2mg tablet,4.422707264527638e-06,0.7177634576580095,0.030534351145038167
lornate 0.5mg tablet,1.052004745655686e-06,0.7050060737804488,0.030534351145038167
lornate 1mg tablet,1.052004745655686e-06,0.7050060737804488,0.030534351145038167
lornate 2mg tablet,4.422707264527638e-06,0.7177634576580095,0.030534351145038167
lorpam 1mg tablet,1.052004745655686e-06,0.7050060737804488,0.030534351145038167
lorpam 2mg tablet,4.422707264527638e-06,0.7177634576580095,0.030534351145038167
lorpez 1mg tablet,1.052004745655686e-06,0.7050060737804488,0.030534351145038167
lorpez 2mg tablet,4.422707264527638e-06,0.7177634576580095,0.030534351145038167
lorpik 1mg tablet,1.052004745655686e-06,0.7050060737804488,0.030534351145038167
lorpik 2mg tablet,4.422707264527638e-06,0.7177634576580095,0.030534351145038167
lorpose 2mg tablet,4.422707264527638e-06,0.7177634576580095,0.030534351145038167
lorsco 1mg tablet,1.052004745655686e-06,0.7050060737804488,0.030534351145038167
lorsco 2mg injection,2.434387856025367e-05,0.8697058127612588,0.04580152671755725
lorsco 2mg tablet,4.422707264527638e-06,0.7177634576580095,0.030534351145038167
lorseil 1 tablet,1.052004745655686e-06,0.7050060737804488,0.030534351145038167
lorseil 2mg tablet,4.422707264527638e-06,0.7177634576580095,0.030534351145038167
lorvan 1mg tablet,1.052004745655686e-06,0.7050060737804488,0.030534351145038167
lorvin 1mg tablet,1.052004745655686e-06,0.7050060737804488,0.030534351145038167
lorvin 2mg tablet,4.422707264527638e-06,0.7177634576580095,0.030534351145038167
lorzep 1mg tablet,1.052004745655686e-06,0.7050060737804488,0.030534351145038167
losarum h 0.5mg/10mg tablet,6.825595443939102e-05,0.9317279256442754,0.08396946564885496
losed 1mg tablet md,1.052004745655686e-06,0.7050060737804488,0.030534351145038167
losed 2mg tablet,4.422707264527638e-06,0.7177634576580095,0.030534351145038167
lotranz 1mg tablet,1.052004745655686e-06,0.7050060737804488,0.030534351145038167
lotranz 2mg tablet,4.422707264527638e-06,0.7177634576580095,0.030534351145038167
lotranz 4mg tablet,1.052004745655686e-06,0.7050060737804488,0.030534351145038167
lotril 0.25mg tablet,5.1476376818324204e-05,0.9656712496716,0.04580152671755725
lotweet 1mg tablet,1.052004745655686e-06,0.7050060737804488,0.030534351145038167
lotweet 2mg tablet,4.422707264527638e-06,0.7177634576580095,0.030534351145038167
lova 5mg tablet,3.9616768675442404e-05,0.8518346852066435,0.13740458015267176
loxum 0.5mg tablet,1.052004745655686e-06,0.7050060737804488,0.030534351145038167
loxum 1 tablet,1.052004745655686e-06,0.7050060737804488,0.030534351145038167
loxum 2 tablet,4.422707264527638e-06,0.7177634576580095,0.030534351145038167
loxum 3mg tablet,1.052004745655686e-06,0.7050060737804488,0.030534351145038167
lozamat 10mg tablet,3.9616768675442404e-05,0.8518346852066435,0.13740458015267176
lozamat 5mg tablet,3.9616768675442404e-05,0.8518346852066435,0.13740458015267176
lozem 1mg tablet,1.052004745655686e-06,0.7050060737804488,0.030534351145038167
lozem 2mg tablet,4.422707264527638e-06,0.7177634576580095,0.030534351145038167
lozep 0.5mg tablet md,5.1476376818324204e-05,0.9656712496716,0.04580152671755725
lozep 1mg tablet,5.1476376818324204e-05,0.9656712496716,0.04580152671755725
lozep 2 tablet,4.422707264527638e-06,0.7177634576580095,0.030534351145038167
lozep 2mg tablet,5.1476376818324204e-05,0.9656712496716,0.04580152671755725
lozevi 2mg tablet md,4.422707264527638e-06,0.7177634576580095,0.030534351145038167
lozipam 1mg tablet,1.052004745655686e-06,0.7050060737804488,0.030534351145038167
lozipam 2mg tablet,4.422707264527638e-06,0.7177634576580095,0.030534351145038167
lozipam injection,2.434387856025367e-05,0.8697058127612588,0.04580152671755725
lpam 2mg tablet,4.422707264527638e-06,0.7177634576580095,0.030534351145038167
lpose 0.25mg/20mg tablet,1.6745408863379544e-05,0.7151566249432518,0.061068702290076333
luctus 10mg tablet,2.013277755628682e-05,0.83925717330086,0.0916030534351145
luminal 30mg tablet,0.00016780563172365945,0.977657593758312,0.09923664122137404
lupigesic-old 0.3mg injection,5.145131322500262e-05,0.8054196187276312,0.08396946564885496
lupizep plus 12.5 mg/0.5 mg tablet,6.825595443939102e-05,0.9317279256442754,0.08396946564885496
lupizep plus 25 mg/0.5 mg tablet,6.825595443939102e-05,0.9317279256442754,0.08396946564885496
luzipam 0.5mg/10mg tablet,6.825595443939102e-05,0.9317279256442754,0.08396946564885496
luzon 1 tablet,1.052004745655686e-06,0.7050060737804488,0.030534351145038167
luzon 2 tablet,4.422707264527638e-06,0.7177634576580095,0.030534351145038167
luzon 2.5 tablet,1.052004745655686e-06,0.7050060737804488,0.030534351145038167
luzon 3 tablet,1.052004745655686e-06,0.7050060737804488,0.030534351145038167
lycalm 0.5mg tablet,6.280763361236917e-07,0.6846941943495809,0.015267175572519083
lycedep-plus tablet,6.825595443939102e-05,0.9317279256442754,0.08396946564885496
lypin 10mg tablet,2.013277755628682e-05,0.83925717330086,0.0916030534351145
lypin 5mg tablet,2.013277755628682e-05,0.83925717330086,0.0916030534351145
lytra p 37.5mg/325mg tablet,3.134616001256474e-05,0.8407929851315288,0.11450381679389313
lyzop 7.5mg tablet,9.480174290711671e-05,0.8048317641048098,0.030534351145038167
bitter taste,5.784172844966623e-07,0.2963712817318175,0.0016516792071939804
metallic taste,5.784172844966623e-07,0.2963712817318175,0.0016516792071939804
lzepam 1mg tablet,1.052004745655686e-06,0.7050060737804488,0.030534351145038167
lzepam 2mg tablet,4.422707264527638e-06,0.7177634576580095,0.030534351145038167
m cian h 12.5mg/5mg tablet,1.602404439539721e-05,0.800508166969147,0.0916030534351145
m codex syrup,9.007234941820291e-05,0.9205275899490776,0.061068702290076333
m dol 50mg tablet,5.8860647739280435e-06,0.8331696259916888,0.03816793893129771
m dol injection,5.8860647739280435e-06,0.8331696259916888,0.03816793893129771
m kofdryl syrup,9.007234941820291e-05,0.9205275899490776,0.061068702290076333
macram 10mg/1mg tablet,6.013519816155538e-05,0.8662895749862519,0.10687022900763359
madito plus 0.5mg/10mg tablet,6.825595443939102e-05,0.9317279256442754,0.08396946564885496
mado 325mg/50mg tablet,1.073315002030881e-05,0.8348095995154818,0.05343511450381679
madol 100mg tablet sr,5.8860647739280435e-06,0.8331696259916888,0.03816793893129771
madol 50mg injection,5.8860647739280435e-06,0.8331696259916888,0.03816793893129771
madol-p 325mg/37.5mg tablet,1.073315002030881e-05,0.8348095995154818,0.05343511450381679
madpam 0.5mg tablet,5.1476376818324204e-05,0.9656712496716,0.04580152671755725
madram 50mg/325mg tablet,3.134616001256474e-05,0.8407929851315288,0.11450381679389313
magazolam 0.25mg tablet,6.280763361236917e-07,0.6846941943495809,0.015267175572519083
magfa 0.25mg/20mg tablet,6.825595443939102e-05,0.9317279256442754,0.08396946564885496
magnatuss t syrup,9.007234941820291e-05,0.9205275899490776,0.061068702290076333
mandar 0.25mg tablet,6.280763361236917e-07,0.6846941943495809,0.015267175572519083
mandar 0.5mg tablet,6.280763361236917e-07,0.6846941943495809,0.015267175572519083
mandol 100mg injection,5.8860647739280435e-06,0.8331696259916888,0.03816793893129771
mandol 50mg tablet,5.8860647739280435e-06,0.8331696259916888,0.03816793893129771
mandol p 50mg/325mg tablet,3.134616001256474e-05,0.8407929851315288,0.11450381679389313
manodep forte 5mg/25mg tablet,1.602404439539721e-05,0.800508166969147,0.0916030534351145
manorest 0.5mg tablet,6.280763361236917e-07,0.6846941943495809,0.015267175572519083
manorest 0.75mg tablet,6.280763361236917e-07,0.6846941943495809,0.015267175572519083
manorest 1mg tablet,6.280763361236917e-07,0.6846941943495809,0.015267175572519083
manozam 10mg tablet,3.9616768675442404e-05,0.8518346852066435,0.13740458015267176
manozam 5mg tablet,3.9616768675442404e-05,0.8518346852066435,0.13740458015267176
manzolam 0.25mg capsule,6.280763361236917e-07,0.6846941943495809,0.015267175572519083
mapdol 325mg/37.5mg tablet,1.073315002030881e-05,0.8348095995154818,0.05343511450381679
mares plus 0.5mg/50mg tablet,6.825595443939102e-05,0.9317279256442754,0.08396946564885496
markodin syrup,0.00013286811265432976,0.9267165308009077,0.061068702290076333
marodol 100mg injection,5.8860647739280435e-06,0.8331696259916888,0.03816793893129771
marodol 100mg tablet sr,5.8860647739280435e-06,0.8331696259916888,0.03816793893129771
masipram-plus tablet,6.825595443939102e-05,0.9317279256442754,0.08396946564885496
matalert 100 tablet,3.5279823182101205e-05,0.7998114165518242,0.07633587786259542
matalert 200 tablet,3.5279823182101205e-05,0.7998114165518242,0.07633587786259542
matalert 50 tablet,3.5279823182101205e-05,0.7998114165518242,0.07633587786259542
matbenz 1md tablet,1.052004745655686e-06,0.7050060737804488,0.030534351145038167
matbenz 2 md tablet,4.422707264527638e-06,0.7177634576580095,0.030534351145038167
matbenz 3 tablet,1.052004745655686e-06,0.7050060737804488,0.030534351145038167
matiz plus tablet,5.823643848773817e-05,0.9423980856337065,0.061068702290076333
mavdol tp tablet,1.073315002030881e-05,0.8348095995154818,0.05343511450381679
maxidol 50mg/ml injection,5.8860647739280435e-06,0.8331696259916888,0.03816793893129771
maxoflam-t 500mg/50mg tablet,1.073315002030881e-05,0.8348095995154818,0.05343511450381679
maxorest 0.5mg tablet,6.280763361236917e-07,0.6846941943495809,0.015267175572519083
mazolam 0.25mg tablet,6.280763361236917e-07,0.6846941943495809,0.015267175572519083
mazolam p 0.25mg/20mg tablet,1.6745408863379544e-05,0.7151566249432518,0.061068702290076333
mbc 140 tablet,5.823643848773817e-05,0.9423980856337065,0.061068702290076333
mc pam 0.5mg tablet,5.1476376818324204e-05,0.9656712496716,0.04580152671755725
mcalm 0.25mg tablet,6.280763361236917e-07,0.6846941943495809,0.015267175572519083
mcalm 0.5mg/25mg tablet,6.825595443939102e-05,0.9317279256442754,0.08396946564885496
mcalm forte 0.5mg/50mg tablet,6.825595443939102e-05,0.9317279256442754,0.08396946564885496
mdd xr plus 100 tablet,8.174503195717589e-05,0.8284125910900759,0.0916030534351145
mdd xr plus 50 tablet,8.174503195717589e-05,0.8284125910900759,0.0916030534351145
mdet 10mg tablet,7.41249798400105e-07,0.55082671462111,0.030534351145038167
mdet 10mg tablet sr,7.41249798400105e-07,0.55082671462111,0.030534351145038167
mdet 20mg tablet sr,7.41249798400105e-07,0.55082671462111,0.030534351145038167
mdet 5mg tablet,7.41249798400105e-07,0.55082671462111,0.030534351145038167
mdt 0.25mg tablet,6.280763361236917e-07,0.6846941943495809,0.015267175572519083
meb c 135mg/5mg tablet,5.823643848773817e-05,0.9423980856337065,0.061068702290076333
meb cz 135mg/5mg tablet,5.823643848773817e-05,0.9423980856337065,0.061068702290076333
mebaspa al tablet,0.0002337227612432122,0.878435433760854,0.07633587786259542
irritation,6.426858716629581e-09,0.3149098130067847,0.00036703982382088455
mebatox-c tablet,5.823643848773817e-05,0.9423980856337065,0.061068702290076333
mebaxide tablet,5.823643848773817e-05,0.9423980856337065,0.061068702290076333
mebecon 135mg/5mg tablet,5.823643848773817e-05,0.9423980856337065,0.061068702290076333
mebeford c 135mg/5mg tablet,5.823643848773817e-05,0.9423980856337065,0.061068702290076333
mebenext spas 135mg/5mg tablet,5.823643848773817e-05,0.9423980856337065,0.061068702290076333
meberox plus 135mg/5mg tablet,5.823643848773817e-05,0.9423980856337065,0.061068702290076333
mebezon 135mg/5mg tablet,5.823643848773817e-05,0.9423980856337065,0.061068702290076333
mebinova-plus tablet,5.823643848773817e-05,0.9423980856337065,0.061068702290076333
mebleaf-c capsule,5.823643848773817e-05,0.9423980856337065,0.061068702290076333
mebnorm plus 135mg/5mg tablet,5.823643848773817e-05,0.9423980856337065,0.061068702290076333
mebolic c 135mg/5mg tablet,5.823643848773817e-05,0.9423980856337065,0.061068702290076333
mebrin az 135mg/0.25mg tablet,0.0002337227612432122,0.878435433760854,0.07633587786259542
mebver-c tablet,5.823643848773817e-05,0.9423980856337065,0.061068702290076333
mebviz c 135mg/5mg tablet,5.823643848773817e-05,0.9423980856337065,0.061068702290076333
medif cb 2.5mg/5mg/10mg tablet,4.2879673447075457e-05,0.8801181259478011,0.08396946564885496
mediploz 10mg tablet,2.013277755628682e-05,0.83925717330086,0.0916030534351145
mediploz 5mg tablet,2.013277755628682e-05,0.83925717330086,0.0916030534351145
mediprex 0.25mg tablet,6.280763361236917e-07,0.6846941943495809,0.015267175572519083
medistat 0.5mg nasal spray,8.306783105763723e-05,0.622888775913687,0.03816793893129771
medistat 0.5mg tablet,2.754452881630315e-05,0.8577985219758849,0.04580152671755725
medistat 1.25 nasal spray,8.306783105763723e-05,0.622888775913687,0.03816793893129771
medizole 0.25mg tablet,6.280763361236917e-07,0.6846941943495809,0.015267175572519083
medizole p 0.25mg/20mg tablet,1.6745408863379544e-05,0.7151566249432518,0.061068702290076333
medlor 2mg injection,2.434387856025367e-05,0.8697058127612588,0.04580152671755725
medlor 2mg tablet,4.422707264527638e-06,0.7177634576580095,0.030534351145038167
mednap 0.5mg tablet md,5.1476376818324204e-05,0.9656712496716,0.04580152671755725
medol 100 sr tablet,5.8860647739280435e-06,0.8331696259916888,0.03816793893129771
medol 100mg injection,5.8860647739280435e-06,0.8331696259916888,0.03816793893129771
medol 200 cr tablet,5.8860647739280435e-06,0.8331696259916888,0.03816793893129771
medol p 50mg/325mg tablet,3.134616001256474e-05,0.8407929851315288,0.11450381679389313
medol plus 325mg/37.5mg tablet,1.073315002030881e-05,0.8348095995154818,0.05343511450381679
medol-plus tablet,3.134616001256474e-05,0.8407929851315288,0.11450381679389313
medomol t 37.5mg/325mg tablet,3.134616001256474e-05,0.8407929851315288,0.11450381679389313
medtril 0.25 md tablet,5.1476376818324204e-05,0.9656712496716,0.04580152671755725
medtril 0.5 md tablet,5.1476376818324204e-05,0.9656712496716,0.04580152671755725
medtril plus tablet,6.825595443939102e-05,0.9317279256442754,0.08396946564885496
medzol 1mg injection,9.307647443867082e-05,0.9136631038197034,0.061068702290076333
mega flexon tablet,1.073315002030881e-05,0.8348095995154818,0.05343511450381679
megacalm 10mg/1mg tablet,6.013519816155538e-05,0.8662895749862519,0.10687022900763359
megarest 10mg injection,9.307647443867082e-05,0.9136631038197034,0.061068702290076333
megarest 5mg injection,9.307647443867082e-05,0.9136631038197034,0.061068702290076333
megzep 0.5mg tablet,5.1476376818324204e-05,0.9656712496716,0.04580152671755725
melopra tablet,5.1476376818324204e-05,0.9656712496716,0.04580152671755725
meloprax 0.25mg tablet,5.1476376818324204e-05,0.9656712496716,0.04580152671755725
meloprax 0.5mg tablet,5.1476376818324204e-05,0.9656712496716,0.04580152671755725
meltaz 0.5mg tablet md,5.1476376818324204e-05,0.9656712496716,0.04580152671755725
meltaz 1mg tablet md,5.1476376818324204e-05,0.9656712496716,0.04580152671755725
melzap 0.5mg tablet md,5.1476376818324204e-05,0.9656712496716,0.04580152671755725
melzap 1mg tablet,5.1476376818324204e-05,0.9656712496716,0.04580152671755725
melzap 1mg tablet md,5.1476376818324204e-05,0.9656712496716,0.04580152671755725
melzap 2mg tablet,5.1476376818324204e-05,0.9656712496716,0.04580152671755725
melzap 2mg tablet md,5.1476376818324204e-05,0.9656712496716,0.04580152671755725
melzap film,5.1476376818324204e-05,0.9656712496716,0.04580152671755725
melzap md 0.25 tablet,5.1476376818324204e-05,0.9656712496716,0.04580152671755725
melzap md 0.5 tablet,5.1476376818324204e-05,0.9656712496716,0.04580152671755725
mentolift plus 0.25 mg/50 mg tablet,7.472098343207906e-05,0.8639818224555356,0.09923664122137404
mephentine 15mg injection,0.00012034647670295245,0.4834495155421106,0.030534351145038167
systemic hypertension (high blood pressure),2.4100720187360926e-07,0.20118405751136484,0.0011011194714626537
cns stimulation,2.4100720187360926e-07,0.20118405751136484,0.0011011194714626537
mephentine 30mg injection,0.00012034647670295245,0.4834495155421106,0.030534351145038167
meridol 100mg injection,5.8860647739280435e-06,0.8331696259916888,0.03816793893129771
meridol 50mg injection,5.8860647739280435e-06,0.8331696259916888,0.03816793893129771
meridol d tablet,1.073315002030881e-05,0.8348095995154818,0.05343511450381679
meridol tablet,3.134616001256474e-05,0.8407929851315288,0.11450381679389313
meripose 1mg tablet,1.052004745655686e-06,0.7050060737804488,0.030534351145038167
meripose 2mg tablet,4.422707264527638e-06,0.7177634576580095,0.030534351145038167
meriproz 0.5mg tablet,6.280763361236917e-07,0.6846941943495809,0.015267175572519083
merital 12.5mg/5mg tablet,1.602404439539721e-05,0.800508166969147,0.0916030534351145
merital 25mg/10mg tablet,1.602404439539721e-05,0.800508166969147,0.0916030534351145
merital h 12.5 mg/5 mg tablet,1.602404439539721e-05,0.800508166969147,0.0916030534351145
metazac 50mg capsule,5.8860647739280435e-06,0.8331696259916888,0.03816793893129771
meth od 10mg tablet,7.41249798400105e-07,0.55082671462111,0.030534351145038167
meth od 20mg tablet,7.41249798400105e-07,0.55082671462111,0.030534351145038167
methmild 20mg tablet sr,7.41249798400105e-07,0.55082671462111,0.030534351145038167
meva-c capsule,5.823643848773817e-05,0.9423980856337065,0.061068702290076333
mevagress c 135mg/5mg tablet,5.823643848773817e-05,0.9423980856337065,0.061068702290076333
mevenz tablet,5.823643848773817e-05,0.9423980856337065,0.061068702290076333
mevnik-c tablet,5.823643848773817e-05,0.9423980856337065,0.061068702290076333
mezolam 5mg injection,9.307647443867082e-05,0.9136631038197034,0.061068702290076333
mezolam 7.5mg injection,9.307647443867082e-05,0.9136631038197034,0.061068702290076333
mezolam injection,9.307647443867082e-05,0.9136631038197034,0.061068702290076333
mezolam nrx   7.5mg injection,9.307647443867082e-05,0.9136631038197034,0.061068702290076333
mgdol 100mg injection,5.8860647739280435e-06,0.8331696259916888,0.03816793893129771
miben 1mg injection,9.307647443867082e-05,0.9136631038197034,0.061068702290076333
mibs 5mg/2.5mg tablet,3.208398501504382e-05,0.8742567192579085,0.07633587786259542
miclo tablet md,5.1476376818324204e-05,0.9656712496716,0.04580152671755725
miconit 10mg tablet,4.204496272169002e-05,0.917006237006237,0.04580152671755725
microdep 2mg tablet,7.844086586140786e-06,0.7070856043603719,0.030534351145038167
microdep 5mg tablet,7.844086586140786e-06,0.7070856043603719,0.030534351145038167
midabet 1mg injection,9.307647443867082e-05,0.9136631038197034,0.061068702290076333
midacip 1.25 nasal spray,8.306783105763723e-05,0.622888775913687,0.03816793893129771
midacip nasal spray,8.306783105763723e-05,0.622888775913687,0.03816793893129771
midaspray,8.306783105763723e-05,0.622888775913687,0.03816793893129771
midaspray 0.5mg nasal spray,8.306783105763723e-05,0.622888775913687,0.03816793893129771
midazom 0.5 nasal spray,8.306783105763723e-05,0.622888775913687,0.03816793893129771
midfast 10mg injection,9.307647443867082e-05,0.9136631038197034,0.061068702290076333
midfast 5mg injection,9.307647443867082e-05,0.9136631038197034,0.061068702290076333
midfix 10 injection,9.307647443867082e-05,0.9136631038197034,0.061068702290076333
midfix injection,9.307647443867082e-05,0.9136631038197034,0.061068702290076333
midol 100mg injection,5.8860647739280435e-06,0.8331696259916888,0.03816793893129771
midosed 5mg injection,9.307647443867082e-05,0.9136631038197034,0.061068702290076333
midpraz 1mg/ml injection,9.307647443867082e-05,0.9136631038197034,0.061068702290076333
midzee 5mg injection,9.307647443867082e-05,0.9136631038197034,0.061068702290076333
midzol 10mg injection,9.307647443867082e-05,0.9136631038197034,0.061068702290076333
midzol 5mg injection,9.307647443867082e-05,0.9136631038197034,0.061068702290076333
miedol p 37.5mg/325mg tablet,3.134616001256474e-05,0.8407929851315288,0.11450381679389313
migvon lite 0.25mg/20mg tablet,1.6745408863379544e-05,0.7151566249432518,0.061068702290076333
mindcure lt tablet,6.825595443939102e-05,0.9317279256442754,0.08396946564885496
mindcure plus tablet,6.825595443939102e-05,0.9317279256442754,0.08396946564885496
minia-p 0.25mg/10mg tablet,1.6745408863379544e-05,0.7151566249432518,0.061068702290076333
minizep 2 mg/25 mg tablet,1.602404439539721e-05,0.800508166969147,0.0916030534351145
miorest-plus tablet,6.825595443939102e-05,0.9317279256442754,0.08396946564885496
mipo 100mg injection,5.8860647739280435e-06,0.8331696259916888,0.03816793893129771
mipo 100mg tablet sr,5.8860647739280435e-06,0.8331696259916888,0.03816793893129771
miradol 50mg/500mg tablet,3.134616001256474e-05,0.8407929851315288,0.11450381679389313
mirex 0.5mg/50mg tablet,6.825595443939102e-05,0.9317279256442754,0.08396946564885496
mirip 25mg/10mg tablet,1.602404439539721e-05,0.800508166969147,0.0916030534351145
mit s codeine syrup,9.007234941820291e-05,0.9205275899490776,0.061068702290076333
mits lintus codeinae syrup,9.007234941820291e-05,0.9205275899490776,0.061068702290076333
mizral c 0.25mg/10mg tablet,1.6745408863379544e-05,0.7151566249432518,0.061068702290076333
mizral dz 2.5mg/20mg tablet,1.6745408863379544e-05,0.7151566249432518,0.061068702290076333
mizral-c 20 tablet,1.6745408863379544e-05,0.7151566249432518,0.061068702290076333
mobilio tablet,1.073315002030881e-05,0.8348095995154818,0.05343511450381679
mobiya 50mg injection,5.8860647739280435e-06,0.8331696259916888,0.03816793893129771
mobiya t 325mg/37.5mg tablet,1.073315002030881e-05,0.8348095995154818,0.05343511450381679
mobiza 135mg/5mg tablet,5.823643848773817e-05,0.9423980856337065,0.061068702290076333
modafil 100mg tablet,3.5279823182101205e-05,0.7998114165518242,0.07633587786259542
modafil 100mg tablet md,3.5279823182101205e-05,0.7998114165518242,0.07633587786259542
modafil 200mg tablet,3.5279823182101205e-05,0.7998114165518242,0.07633587786259542
modafil 200mg tablet md,3.5279823182101205e-05,0.7998114165518242,0.07633587786259542
modaheal 100mg tablet,3.5279823182101205e-05,0.7998114165518242,0.07633587786259542
modaheal 200mg tablet,3.5279823182101205e-05,0.7998114165518242,0.07633587786259542
modaking 100mg tablet,3.5279823182101205e-05,0.7998114165518242,0.07633587786259542
modal-p 500mg/50mg tablet,1.073315002030881e-05,0.8348095995154818,0.05343511450381679
modalert 100 tablet,3.5279823182101205e-05,0.7998114165518242,0.07633587786259542
modalert 200 tablet,3.5279823182101205e-05,0.7998114165518242,0.07633587786259542
modalift 100mg tablet,3.5279823182101205e-05,0.7998114165518242,0.07633587786259542
modalift 200mg tablet,3.5279823182101205e-05,0.7998114165518242,0.07633587786259542
modapro 100mg tablet,3.5279823182101205e-05,0.7998114165518242,0.07633587786259542
modapro 200mg tablet,3.5279823182101205e-05,0.7998114165518242,0.07633587786259542
modatec 100mg tablet,3.5279823182101205e-05,0.7998114165518242,0.07633587786259542
modatec 200mg tablet,3.5279823182101205e-05,0.7998114165518242,0.07633587786259542
modfil  100mg tablet,3.5279823182101205e-05,0.7998114165518242,0.07633587786259542
modfil  200mg tablet,3.5279823182101205e-05,0.7998114165518242,0.07633587786259542
modgal 0.25mg tablet,5.1476376818324204e-05,0.9656712496716,0.04580152671755725
modnite 100mg tablet,3.5279823182101205e-05,0.7998114165518242,0.07633587786259542
modnite 200 tablet,3.5279823182101205e-05,0.7998114165518242,0.07633587786259542
modon 100 tablet,3.5279823182101205e-05,0.7998114165518242,0.07633587786259542
modzolam 0.5mg tablet,6.280763361236917e-07,0.6846941943495809,0.015267175572519083
mofix 100mg tablet,3.5279823182101205e-05,0.7998114165518242,0.07633587786259542
moldol 37.5mg/325mg tablet,3.134616001256474e-05,0.8407929851315288,0.11450381679389313
molib spas tablet,4.2879673447075457e-05,0.8801181259478011,0.08396946564885496
moludol 50mg/500mg tablet,3.134616001256474e-05,0.8407929851315288,0.11450381679389313
monazepam 0.5mg tablet,5.1476376818324204e-05,0.9656712496716,0.04580152671755725
monazepam 2mg tablet,5.1476376818324204e-05,0.9656712496716,0.04580152671755725
monopram-c tablet,6.825595443939102e-05,0.9317279256442754,0.08396946564885496
montokuf 15mg syrup,0.00013286811265432976,0.9267165308009077,0.061068702290076333
montokuf plus 15mg syrup,0.00013286811265432976,0.9267165308009077,0.061068702290076333
moodilin plus tablet,1.602404439539721e-05,0.800508166969147,0.0916030534351145
moodrise 200 tablet,3.5279823182101205e-05,0.7998114165518242,0.07633587786259542
morcon tablet,9.597286009123102e-05,0.9205275899490776,0.061068702290076333
morcontin 10mg tablet,9.597286009123102e-05,0.9205275899490776,0.061068702290076333
morcontin 30mg tablet cr,9.597286009123102e-05,0.9205275899490776,0.061068702290076333
morecalm 0.25mg tablet,6.280763361236917e-07,0.6846941943495809,0.015267175572519083
mornfresh 6.25mg tablet sr,2.013277755628682e-05,0.83925717330086,0.0916030534351145
morphitroy 10mg tablet,9.597286009123102e-05,0.9205275899490776,0.061068702290076333
mortadol 500 mg/50 mg tablet,1.073315002030881e-05,0.8348095995154818,0.05343511450381679
motal plus 0.5mg/10mg tablet,6.825595443939102e-05,0.9317279256442754,0.08396946564885496
motram p 37.5mg/325mg tablet,3.134616001256474e-05,0.8407929851315288,0.11450381679389313
movarest 0.25mg tablet,6.280763361236917e-07,0.6846941943495809,0.015267175572519083
movon pt tablet,2.123200353441007e-05,0.8350624763347217,0.06870229007633588
mozepam 0.25mg tablet,5.1476376818324204e-05,0.9656712496716,0.04580152671755725
mph plus 25mg/10mg tablet,1.602404439539721e-05,0.800508166969147,0.0916030534351145
mruexa plus tablet cr,6.825595443939102e-05,0.9317279256442754,0.08396946564885496
mudrest tablet,6.825595443939102e-05,0.9317279256442754,0.08396946564885496
multipram cz 0.5mg/10mg tablet,6.825595443939102e-05,0.9317279256442754,0.08396946564885496
mutrans 10mcg/hr transdermal patch,8.520906273433554e-05,0.9762726870296592,0.03816793893129771
mutrans 20mcg/hr transdermal patch,8.520906273433554e-05,0.9762726870296592,0.03816793893129771
mutrans 5mcg/hr transdermal patch,8.520906273433554e-05,0.9762726870296592,0.03816793893129771
mycloz 0.5mg tablet md,5.1476376818324204e-05,0.9656712496716,0.04580152671755725
mycloz plus 0.5mg/10mg tablet,6.825595443939102e-05,0.9317279256442754,0.08396946564885496
mycloz-lite tablet,6.825595443939102e-05,0.9317279256442754,0.08396946564885496
mycolon c 135mg/5mg tablet,5.823643848773817e-05,0.9423980856337065,0.061068702290076333
mydol 50mg capsule,5.8860647739280435e-06,0.8331696259916888,0.03816793893129771
myoz dol 37.5mg/325mg tablet,3.134616001256474e-05,0.8407929851315288,0.11450381679389313
mysoline 250 tablet,0.00014722957434561064,0.9320429380441214,0.07633587786259542
mytrip cd 12.5mg/5mg tablet,1.602404439539721e-05,0.800508166969147,0.0916030534351145
mytrip h 12.5mg/5mg tablet,1.602404439539721e-05,0.800508166969147,0.0916030534351145
mytrip plus tablet,1.602404439539721e-05,0.800508166969147,0.0916030534351145
n t dip plus 0.5mg/10mg tablet,6.825595443939102e-05,0.9317279256442754,0.08396946564885496
n tra 10mg tablet,4.204496272169002e-05,0.917006237006237,0.04580152671755725
n tra 5mg tablet,4.204496272169002e-05,0.917006237006237,0.04580152671755725
n-pam 5 tablet,4.204496272169002e-05,0.917006237006237,0.04580152671755725
naaz 0.5mg tablet,5.1476376818324204e-05,0.9656712496716,0.04580152671755725
naaz plus 0.5 mg/20 mg tablet,1.6745408863379544e-05,0.7151566249432518,0.061068702290076333
nalp 0.5mg tablet,6.280763361236917e-07,0.6846941943495809,0.015267175572519083
nanax plus 10 tablet,6.825595443939102e-05,0.9317279256442754,0.08396946564885496
nanax plus 5 tablet,6.825595443939102e-05,0.9317279256442754,0.08396946564885496
nap 100mg suspension,4.204496272169002e-05,0.917006237006237,0.04580152671755725
nap 10mg tablet,4.204496272169002e-05,0.917006237006237,0.04580152671755725
nap 5mg tablet,4.204496272169002e-05,0.917006237006237,0.04580152671755725
narcodol tablet,1.073315002030881e-05,0.8348095995154818,0.05343511450381679
narcogin forte tablet,5.8860647739280435e-06,0.8331696259916888,0.03816793893129771
naza 0.25mg tablet,5.1476376818324204e-05,0.9656712496716,0.04580152671755725
naza 0.5mg tablet,5.1476376818324204e-05,0.9656712496716,0.04580152671755725
naza-es 0.25mg/5mg tablet,6.825595443939102e-05,0.9317279256442754,0.08396946564885496
naze 0.25mg tablet md,5.1476376818324204e-05,0.9656712496716,0.04580152671755725
naze 0.5mg tablet,5.1476376818324204e-05,0.9656712496716,0.04580152671755725
naze 0.5mg tablet md,5.1476376818324204e-05,0.9656712496716,0.04580152671755725
naze 1mg tablet,5.1476376818324204e-05,0.9656712496716,0.04580152671755725
naze 2mg tablet,5.1476376818324204e-05,0.9656712496716,0.04580152671755725
nazee 0.5mg tablet,5.1476376818324204e-05,0.9656712496716,0.04580152671755725
nazee 2mg tablet,5.1476376818324204e-05,0.9656712496716,0.04580152671755725
nazipam plus 0.5mg/20mg tablet,1.6745408863379544e-05,0.7151566249432518,0.061068702290076333
neclodyl syrup,9.007234941820291e-05,0.9205275899490776,0.061068702290076333
nedee 2.5mg/5mg/10mg tablet,4.2879673447075457e-05,0.8801181259478011,0.08396946564885496
nelpram ls 0.25mg/10mg tablet,6.825595443939102e-05,0.9317279256442754,0.08396946564885496
nelpram plus 0.5mg/10mg tablet,6.825595443939102e-05,0.9317279256442754,0.08396946564885496
neltrip forte 25mg/10mg tablet,1.602404439539721e-05,0.800508166969147,0.0916030534351145
neltrip plus 12.5mg/5mg tablet,1.602404439539721e-05,0.800508166969147,0.0916030534351145
nempram plus 0.5mg/10mg tablet,6.825595443939102e-05,0.9317279256442754,0.08396946564885496
neolol beta 20 tablet,1.6745408863379544e-05,0.7151566249432518,0.061068702290076333
neolore 4mg injection,0.00013510431941593808,0.9168537457387544,0.04580152671755725
injection site pain,6.426858716629581e-08,0.32439343144496846,0.0007340796476417691
neomesmar 5mg tablet,7.844086586140786e-06,0.7070856043603719,0.030534351145038167
neopam 0.25mg tablet,5.1476376818324204e-05,0.9656712496716,0.04580152671755725
neopam 0.5mg tablet,5.1476376818324204e-05,0.9656712496716,0.04580152671755725
neopam 1mg tablet,5.1476376818324204e-05,0.9656712496716,0.04580152671755725
neopam p 0.5mg/20mg tablet,1.6745408863379544e-05,0.7151566249432518,0.061068702290076333
neopam s 0.50mg/10mg tablet,6.825595443939102e-05,0.9317279256442754,0.08396946564885496
neosert plus 0.5mg/25mg tablet sr,6.825595443939102e-05,0.9317279256442754,0.08396946564885496
nervitrin 25 tablet,1.602404439539721e-05,0.800508166969147,0.0916030534351145
netaclin 10mg tablet,4.204496272169002e-05,0.917006237006237,0.04580152671755725
netaclin 20mg tablet,4.204496272169002e-05,0.917006237006237,0.04580152671755725
netaclin 5mg tablet,4.204496272169002e-05,0.917006237006237,0.04580152671755725
netileep 10mg tablet,4.204496272169002e-05,0.917006237006237,0.04580152671755725
netileep 5mg tablet,4.204496272169002e-05,0.917006237006237,0.04580152671755725
netrest 0.25mg/20mg tablet,6.825595443939102e-05,0.9317279256442754,0.08396946564885496
netril beta 0.5mg/20mg tablet,1.6745408863379544e-05,0.7151566249432518,0.061068702290076333
netrox 20mg tablet,4.204496272169002e-05,0.917006237006237,0.04580152671755725
nettram 100mg injection,5.8860647739280435e-06,0.8331696259916888,0.03816793893129771
nettram 50mg injection,5.8860647739280435e-06,0.8331696259916888,0.03816793893129771
nettram p 50mg/500mg tablet,3.134616001256474e-05,0.8407929851315288,0.11450381679389313
neulora 1mg tablet,1.052004745655686e-06,0.7050060737804488,0.030534351145038167
neulora 2mg tablet,4.422707264527638e-06,0.7177634576580095,0.030534351145038167
neulora 4mg injection,0.00013510431941593808,0.9168537457387544,0.04580152671755725
neupram plus 0.5mg/10mg tablet,6.825595443939102e-05,0.9317279256442754,0.08396946564885496
neurex 2.5 mg/20 mg tablet,1.6745408863379544e-05,0.7151566249432518,0.061068702290076333
neurocalm 10mg/1mg tablet,6.013519816155538e-05,0.8662895749862519,0.10687022900763359
neuropax 2.5 mg/20 mg tablet,1.6745408863379544e-05,0.7151566249432518,0.061068702290076333
neutram 50mg injection,5.8860647739280435e-06,0.8331696259916888,0.03816793893129771
neutram 50mg tablet,5.8860647739280435e-06,0.8331696259916888,0.03816793893129771
neutram p 37.5mg/325mg tablet,3.134616001256474e-05,0.8407929851315288,0.11450381679389313
new tossex syrup,9.007234941820291e-05,0.9205275899490776,0.061068702290076333
newcita lite 0.25mg/10mg tablet,6.825595443939102e-05,0.9317279256442754,0.08396946564885496
newcita mini 0.5mg/5mg tablet,6.825595443939102e-05,0.9317279256442754,0.08396946564885496
newcita plus tablet,6.825595443939102e-05,0.9317279256442754,0.08396946564885496
nexapam forte tablet,6.825595443939102e-05,0.9317279256442754,0.08396946564885496
nexapam lite tablet,6.825595443939102e-05,0.9317279256442754,0.08396946564885496
nexapam ls tablet,6.825595443939102e-05,0.9317279256442754,0.08396946564885496
nexdol 100mg injection,5.8860647739280435e-06,0.8331696259916888,0.03816793893129771
nexdol p 325 mg/37.5 mg tablet,1.073315002030881e-05,0.8348095995154818,0.05343511450381679
nexipra-plus tablet,6.825595443939102e-05,0.9317279256442754,0.08396946564885496
nexito forte 20 tablet,6.825595443939102e-05,0.9317279256442754,0.08396946564885496
nexito forte tablet,6.825595443939102e-05,0.9317279256442754,0.08396946564885496
nexito ls tablet,6.825595443939102e-05,0.9317279256442754,0.08396946564885496
nexito plus tablet,6.825595443939102e-05,0.9317279256442754,0.08396946564885496
nexjoy plus 0.5mg/10mg tablet,6.825595443939102e-05,0.9317279256442754,0.08396946564885496
nexlpra 0.25mg tablet,6.280763361236917e-07,0.6846941943495809,0.015267175572519083
nexlpra 0.5mg tablet,6.280763361236917e-07,0.6846941943495809,0.015267175572519083
nexlpra 1mg tablet,6.280763361236917e-07,0.6846941943495809,0.015267175572519083
nexlpra s 0.50mg/50mg tablet,6.825595443939102e-05,0.9317279256442754,0.08396946564885496
nexpram cl 0.5mg/10mg tablet,6.825595443939102e-05,0.9317279256442754,0.08396946564885496
nexsys 0.5mg/10mg tablet,6.825595443939102e-05,0.9317279256442754,0.08396946564885496
nexsys ls 0.25mg/5mg tablet,6.825595443939102e-05,0.9317279256442754,0.08396946564885496
nextram 50mg injection,5.8860647739280435e-06,0.8331696259916888,0.03816793893129771
nextril 100mg tablet,8.28164989243937e-06,0.7093599228047603,0.03816793893129771
nextril 50 tablet,8.28164989243937e-06,0.7093599228047603,0.03816793893129771
nextrip c 12.5mg/5mg tablet,1.602404439539721e-05,0.800508166969147,0.0916030534351145
nextrip c 25mg/10mg tablet,1.602404439539721e-05,0.800508166969147,0.0916030534351145
nexvenla od plus tablet,8.174503195717589e-05,0.8284125910900759,0.0916030534351145
nexzan plus 0.5mg/10mg tablet,6.825595443939102e-05,0.9317279256442754,0.08396946564885496
nexzap 0.25mg tablet,5.1476376818324204e-05,0.9656712496716,0.04580152671755725
nexzap 0.5mg tablet,5.1476376818324204e-05,0.9656712496716,0.04580152671755725
nexzap 1mg tablet,5.1476376818324204e-05,0.9656712496716,0.04580152671755725
niavet 10mg tablet,4.204496272169002e-05,0.917006237006237,0.04580152671755725
niavet 5mg tablet,4.204496272169002e-05,0.917006237006237,0.04580152671755725
nicare 10mg tablet,4.204496272169002e-05,0.917006237006237,0.04580152671755725
nicare 5mg tablet,4.204496272169002e-05,0.917006237006237,0.04580152671755725
nicodol plus 325 mg/37.5 mg tablet,1.073315002030881e-05,0.8348095995154818,0.05343511450381679
nicozocin 30mg injection,8.787490928961126e-05,0.9510133678309616,0.061068702290076333
nictram-plus tablet,1.073315002030881e-05,0.8348095995154818,0.05343511450381679
nidra 5mg tablet,2.013277755628682e-05,0.83925717330086,0.0916030534351145
nigap 10mg tablet,4.204496272169002e-05,0.917006237006237,0.04580152671755725
nigap 5mg tablet,4.204496272169002e-05,0.917006237006237,0.04580152671755725
nigopram plus 0.5mg/10mg tablet,6.825595443939102e-05,0.9317279256442754,0.08396946564885496
nikodol p 37.5mg/325mg tablet,3.134616001256474e-05,0.8407929851315288,0.11450381679389313
nilam 0.25mg tablet,6.280763361236917e-07,0.6846941943495809,0.015267175572519083
nimdol t 37.5mg/325mg tablet,3.134616001256474e-05,0.8407929851315288,0.11450381679389313
nimodex tablet,7.875997926536431e-05,0.8002757819870818,0.04580152671755725
nindia 10mg tablet,4.204496272169002e-05,0.917006237006237,0.04580152671755725
nindia 5mg tablet,4.204496272169002e-05,0.917006237006237,0.04580152671755725
nindra 0.25mg tablet,6.280763361236917e-07,0.6846941943495809,0.015267175572519083
nindra 0.5mg tablet,6.280763361236917e-07,0.6846941943495809,0.015267175572519083
nindral 15mg capsule,4.987690513640879e-05,0.9167013051791504,0.030534351145038167
nindral 5mg tablet,4.987690513640879e-05,0.9167013051791504,0.030534351145038167
ningigo 0.25mg tablet,6.280763361236917e-07,0.6846941943495809,0.015267175572519083
ningigo 0.5mg tablet,6.280763361236917e-07,0.6846941943495809,0.015267175572519083
ningigo 1mg tablet,6.280763361236917e-07,0.6846941943495809,0.015267175572519083
ningigo p 0.25mg/10mg tablet,1.6745408863379544e-05,0.7151566249432518,0.061068702290076333
ningigo p 0.25mg/20mg tablet,1.6745408863379544e-05,0.7151566249432518,0.061068702290076333
ningigo s 0.25mg/25mg tablet,6.825595443939102e-05,0.9317279256442754,0.08396946564885496
ningigo s 0.5mg/50mg tablet,6.825595443939102e-05,0.9317279256442754,0.08396946564885496
ninpam 0.25mg tablet md,5.1476376818324204e-05,0.9656712496716,0.04580152671755725
ninpam 0.5 tablet md,5.1476376818324204e-05,0.9656712496716,0.04580152671755725
ninpam 1 tablet md,5.1476376818324204e-05,0.9656712496716,0.04580152671755725
ninpam e tablet,6.825595443939102e-05,0.9317279256442754,0.08396946564885496
nipam 10mg tablet,4.204496272169002e-05,0.917006237006237,0.04580152671755725
nipam 5mg tablet,4.204496272169002e-05,0.917006237006237,0.04580152671755725
nipotril plus tablet,6.825595443939102e-05,0.9317279256442754,0.08396946564885496
nira 10mg tablet,4.204496272169002e-05,0.917006237006237,0.04580152671755725
nira 5mg tablet,4.204496272169002e-05,0.917006237006237,0.04580152671755725
nirsan 1mg tablet md,1.052004745655686e-06,0.7050060737804488,0.030534351145038167
nirsan 2mg tablet md,0.00013510431941593808,0.9168537457387544,0.04580152671755725
nisdol plus 37.5mg/325mg tablet,3.134616001256474e-05,0.8407929851315288,0.11450381679389313
nit 10mg tablet,4.204496272169002e-05,0.917006237006237,0.04580152671755725
nit 5mg tablet,0.0004377257185555471,0.9284331060031995,0.06870229007633588
gastrointestinal disturbance,0.0,0.3270696075623031,0.00018351991191044228
nitab 10mg tablet,4.204496272169002e-05,0.917006237006237,0.04580152671755725
nitab 20mg tablet,4.204496272169002e-05,0.917006237006237,0.04580152671755725
nitab 5mg tablet,4.204496272169002e-05,0.917006237006237,0.04580152671755725
nitas 10mg tablet,4.204496272169002e-05,0.917006237006237,0.04580152671755725
nitas 5mg tablet,4.204496272169002e-05,0.917006237006237,0.04580152671755725
nitavan 10mg tablet,4.204496272169002e-05,0.917006237006237,0.04580152671755725
nitavan 5mg tablet,4.204496272169002e-05,0.917006237006237,0.04580152671755725
nitaz 10mg tablet,4.204496272169002e-05,0.917006237006237,0.04580152671755725
nitaz 5mg tablet,4.204496272169002e-05,0.917006237006237,0.04580152671755725
nitcalm 10mg tablet,4.204496272169002e-05,0.917006237006237,0.04580152671755725
nitcalm 5mg tablet,4.204496272169002e-05,0.917006237006237,0.04580152671755725
nite 10mg tablet,4.204496272169002e-05,0.917006237006237,0.04580152671755725
nite 5mg tablet,4.204496272169002e-05,0.917006237006237,0.04580152671755725
nitease 10mg tablet,4.204496272169002e-05,0.917006237006237,0.04580152671755725
nitee 10mg tablet,4.204496272169002e-05,0.917006237006237,0.04580152671755725
nithra 10mg tablet,4.204496272169002e-05,0.917006237006237,0.04580152671755725
nithra 20mg tablet,4.204496272169002e-05,0.917006237006237,0.04580152671755725
nithra 5mg tablet,4.204496272169002e-05,0.917006237006237,0.04580152671755725
nitpro 10mg tablet,4.204496272169002e-05,0.917006237006237,0.04580152671755725
nitpro 5mg tablet,4.204496272169002e-05,0.917006237006237,0.04580152671755725
nitrac 10mg tablet,4.204496272169002e-05,0.917006237006237,0.04580152671755725
nitram 10mg tablet,4.204496272169002e-05,0.917006237006237,0.04580152671755725
nitram 5mg tablet,4.204496272169002e-05,0.917006237006237,0.04580152671755725
nitramin 10mg tablet,4.204496272169002e-05,0.917006237006237,0.04580152671755725
nitrapam 10mg tablet,4.204496272169002e-05,0.917006237006237,0.04580152671755725
nitrapam 5mg tablet,4.204496272169002e-05,0.917006237006237,0.04580152671755725
nitravet 10 tablet,4.204496272169002e-05,0.917006237006237,0.04580152671755725
nitravet 5mg tablet,4.204496272169002e-05,0.917006237006237,0.04580152671755725
nitraz 10mg tablet sr,4.204496272169002e-05,0.917006237006237,0.04580152671755725
nitraz 5mg tablet sr,4.204496272169002e-05,0.917006237006237,0.04580152671755725
nitrazepam 10mg tablet,4.204496272169002e-05,0.917006237006237,0.04580152671755725
nitrazone 10mg tablet,4.204496272169002e-05,0.917006237006237,0.04580152671755725
nitrest 10 tablet,2.013277755628682e-05,0.83925717330086,0.0916030534351145
nitrest 12.5mg tablet cr,2.013277755628682e-05,0.83925717330086,0.0916030534351145
nitrest 5 tablet,2.013277755628682e-05,0.83925717330086,0.0916030534351145
nitrest 6.25mg tablet cr,2.013277755628682e-05,0.83925717330086,0.0916030534351145
nitro 10mg tablet,4.204496272169002e-05,0.917006237006237,0.04580152671755725
nitrocest 10mg tablet,4.204496272169002e-05,0.917006237006237,0.04580152671755725
nitrofen 10mg tablet,4.204496272169002e-05,0.917006237006237,0.04580152671755725
nitrofen 5mg tablet,4.204496272169002e-05,0.917006237006237,0.04580152671755725
nitrosh 10mg tablet,4.204496272169002e-05,0.917006237006237,0.04580152671755725
nitrosh 5mg tablet,4.204496272169002e-05,0.917006237006237,0.04580152671755725
nitrosum 2.5mg tablet,4.204496272169002e-05,0.917006237006237,0.04580152671755725
nitrosun 10 tablet,4.204496272169002e-05,0.917006237006237,0.04580152671755725
nitrosun 5mg tablet,4.204496272169002e-05,0.917006237006237,0.04580152671755725
nitrozun 10mg tablet,4.204496272169002e-05,0.917006237006237,0.04580152671755725
nitzy 10mg tablet,4.204496272169002e-05,0.917006237006237,0.04580152671755725
nizpam 10mg tablet,4.204496272169002e-05,0.917006237006237,0.04580152671755725
noanx 0.25mg tablet,5.1476376818324204e-05,0.9656712496716,0.04580152671755725
noanx 0.5mg tablet,5.1476376818324204e-05,0.9656712496716,0.04580152671755725
noanx 1mg tablet,5.1476376818324204e-05,0.9656712496716,0.04580152671755725
noanxit tablet,6.825595443939102e-05,0.9317279256442754,0.08396946564885496
nobligan 100mg injection,5.8860647739280435e-06,0.8331696259916888,0.03816793893129771
nobligan 50mg injection,5.8860647739280435e-06,0.8331696259916888,0.03816793893129771
nobligan 50mg tablet,5.8860647739280435e-06,0.8331696259916888,0.03816793893129771
nodep 10mg/1mg tablet,6.013519816155538e-05,0.8662895749862519,0.10687022900763359
nodpam 0.25mg tablet md,5.1476376818324204e-05,0.9656712496716,0.04580152671755725
nodpam 0.5mg tablet md,5.1476376818324204e-05,0.9656712496716,0.04580152671755725
nodpam 1mg tablet md,5.1476376818324204e-05,0.9656712496716,0.04580152671755725
nodpam 2mg tablet md,5.1476376818324204e-05,0.9656712496716,0.04580152671755725
nokzok 0.25mg/20mg tablet,1.6745408863379544e-05,0.7151566249432518,0.061068702290076333
nomadol 100mg injection,5.8860647739280435e-06,0.8331696259916888,0.03816793893129771
nopidol 50mg capsule,5.8860647739280435e-06,0.8331696259916888,0.03816793893129771
nopidol 50mg injection,5.8860647739280435e-06,0.8331696259916888,0.03816793893129771
nopidol dp tablet,1.073315002030881e-05,0.8348095995154818,0.05343511450381679
norcof cp syrup,9.007234941820291e-05,0.9205275899490776,0.061068702290076333
nordol injection,5.8860647739280435e-06,0.8331696259916888,0.03816793893129771
nordol p 50mg/325mg tablet,3.134616001256474e-05,0.8407929851315288,0.11450381679389313
norep 0.25mg tablet,5.1476376818324204e-05,0.9656712496716,0.04580152671755725
norep 0.5mg tablet dt,5.1476376818324204e-05,0.9656712496716,0.04580152671755725
norep 1mg tablet md,5.1476376818324204e-05,0.9656712496716,0.04580152671755725
norep 2mg tablet,5.1476376818324204e-05,0.9656712496716,0.04580152671755725
norep plus 0.5 mg/10 mg tablet,6.825595443939102e-05,0.9317279256442754,0.08396946564885496
norep plus h 0.25 mg/10 mg tablet,6.825595443939102e-05,0.9317279256442754,0.08396946564885496
norex 0.25mg tablet,6.280763361236917e-07,0.6846941943495809,0.015267175572519083
norex 0.5mg tablet,6.280763361236917e-07,0.6846941943495809,0.015267175572519083
noribs tablet,4.2879673447075457e-05,0.8801181259478011,0.08396946564885496
normaline h  tablet 12.5 mg/5 mg,1.602404439539721e-05,0.800508166969147,0.0916030534351145
normaline plus 25mg/10mg tablet,1.602404439539721e-05,0.800508166969147,0.0916030534351145
normaxin cc 5mg/2.5mg tablet,3.208398501504382e-05,0.8742567192579085,0.07633587786259542
normaxin rt capsule,0.0003960649431347186,0.9780044345898005,0.11450381679389313
normaxin tablet,4.2879673447075457e-05,0.8801181259478011,0.08396946564885496
normib tablet,3.208398501504382e-05,0.8742567192579085,0.07633587786259542
normovent syrup,9.007234941820291e-05,0.9205275899490776,0.061068702290076333
normozin 10mg/1mg tablet,6.013519816155538e-05,0.8662895749862519,0.10687022900763359
norphin 0.3mg injection,5.145131322500262e-05,0.8054196187276312,0.08396946564885496
norpose 2mg tablet,0.00013510431941593808,0.9168537457387544,0.04580152671755725
norval h tablet,6.013519816155538e-05,0.8662895749862519,0.10687022900763359
norval tablet,6.013519816155538e-05,0.8662895749862519,0.10687022900763359
norvalette tablet,6.013519816155538e-05,0.8662895749862519,0.10687022900763359
nosdol 37.5mg/325mg tablet,3.134616001256474e-05,0.8407929851315288,0.11450381679389313
notence 0.25mg tablet,6.280763361236917e-07,0.6846941943495809,0.015267175572519083
notence 0.5mg tablet,6.280763361236917e-07,0.6846941943495809,0.015267175572519083
notence 0.5mg tablet sr,6.280763361236917e-07,0.6846941943495809,0.015267175572519083
notence 1.5mg tablet sr,6.280763361236917e-07,0.6846941943495809,0.015267175572519083
notil 50mg injection,5.8860647739280435e-06,0.8331696259916888,0.03816793893129771
notipram-plus 10 tablet,6.825595443939102e-05,0.9317279256442754,0.08396946564885496
notipram-plus 5 tablet,6.825595443939102e-05,0.9317279256442754,0.08396946564885496
notipram-plus ls tablet,6.825595443939102e-05,0.9317279256442754,0.08396946564885496
novadol 50mg injection,5.8860647739280435e-06,0.8331696259916888,0.03816793893129771
novadol p 37.5mg/325mg tablet,3.134616001256474e-05,0.8407929851315288,0.11450381679389313
novodec 50mg/325mg/32.5mg tablet,1.7366848042312856e-05,0.800508166969147,0.061068702290076333
novodol 37.5 mg/325 mg tablet,3.134616001256474e-05,0.8407929851315288,0.11450381679389313
novospas tablet,3.208398501504382e-05,0.8742567192579085,0.07633587786259542
novotram plus 10mg/325mg/50mg tablet,1.073315002030881e-05,0.8348095995154818,0.05343511450381679
nozep 0.25mg tablet,5.1476376818324204e-05,0.9656712496716,0.04580152671755725
nozep 0.5mg tablet,5.1476376818324204e-05,0.9656712496716,0.04580152671755725
nozep 1mg tablet,5.1476376818324204e-05,0.9656712496716,0.04580152671755725
nozep 2mg tablet,5.1476376818324204e-05,0.9656712496716,0.04580152671755725
nozim 0.5mg tablet,5.1476376818324204e-05,0.9656712496716,0.04580152671755725
nozim 2mg tablet,5.1476376818324204e-05,0.9656712496716,0.04580152671755725
ntdol tp 100mg/325mg/37.5mg tablet,2.123200353441007e-05,0.8350624763347217,0.06870229007633588
ntp 10mg tablet,4.204496272169002e-05,0.917006237006237,0.04580152671755725
ntp tablet,4.204496272169002e-05,0.917006237006237,0.04580152671755725
nucalm 0.25mg tablet,6.280763361236917e-07,0.6846941943495809,0.015267175572519083
nucalm 0.5mg tablet,6.280763361236917e-07,0.6846941943495809,0.015267175572519083
nucloba 10 tablet dt,3.9616768675442404e-05,0.8518346852066435,0.13740458015267176
nucloba 5 tablet dt,3.9616768675442404e-05,0.8518346852066435,0.13740458015267176
nuclona 0.25mg tablet,5.1476376818324204e-05,0.9656712496716,0.04580152671755725
nuclona 0.5mg tablet,5.1476376818324204e-05,0.9656712496716,0.04580152671755725
nuclona plus ls 0.25mg/5mg tablet,6.825595443939102e-05,0.9317279256442754,0.08396946564885496
nuclona-plus tablet,6.825595443939102e-05,0.9317279256442754,0.08396946564885496
nudol p 37.5mg/325mg tablet,3.134616001256474e-05,0.8407929851315288,0.11450381679389313
nulam 1.5mg tablet sr,6.280763361236917e-07,0.6846941943495809,0.015267175572519083
nulam plus 0.25 mg/20 mg tablet,1.6745408863379544e-05,0.7151566249432518,0.061068702290076333
nulibra 5mg/2.5mg tablet,3.208398501504382e-05,0.8742567192579085,0.07633587786259542
numento plus 0.5mg/10mg tablet,6.825595443939102e-05,0.9317279256442754,0.08396946564885496
nupam 0.5mg tablet,5.1476376818324204e-05,0.9656712496716,0.04580152671755725
nupose 5mg tablet,7.844086586140786e-06,0.7070856043603719,0.030534351145038167
nuradol 2mg injection,5.8860647739280435e-06,0.8331696259916888,0.03816793893129771
nuradol 37.5mg/325mg tablet,3.134616001256474e-05,0.8407929851315288,0.11450381679389313
nuradol-p tablet,3.134616001256474e-05,0.8407929851315288,0.11450381679389313
nuro beta ls 0.25mg/10mg tablet,1.6745408863379544e-05,0.7151566249432518,0.061068702290076333
nuro beta ls 0.25mg/20mg tablet,1.6745408863379544e-05,0.7151566249432518,0.061068702290076333
nuro beta plus 0.5mg/10mg tablet,1.6745408863379544e-05,0.7151566249432518,0.061068702290076333
nuro beta plus 20 tablet sr,1.6745408863379544e-05,0.7151566249432518,0.061068702290076333
nuro beta plus tablet sr,1.6745408863379544e-05,0.7151566249432518,0.061068702290076333
nutradol 50mg/325mg tablet,3.134616001256474e-05,0.8407929851315288,0.11450381679389313
nxpram 0.5mg/10mg tablet,6.825595443939102e-05,0.9317279256442754,0.08396946564885496
nyquil cough syrup,9.007234941820291e-05,0.9205275899490776,0.061068702290076333
nyquil plus 4mg/10mg syrup,9.007234941820291e-05,0.9205275899490776,0.061068702290076333
nyquil syrup,9.007234941820291e-05,0.9205275899490776,0.061068702290076333
nytoin tablet,0.00016780563172365945,0.977657593758312,0.09923664122137404
nytram p 37.5mg/325mg tablet,3.134616001256474e-05,0.8407929851315288,0.11450381679389313
nytram-sr 100 tablet,5.8860647739280435e-06,0.8331696259916888,0.03816793893129771
nzm 10mg tablet,4.204496272169002e-05,0.917006237006237,0.04580152671755725
o dox tablet,1.4869415574955766e-05,0.8335475092599591,0.061068702290076333
oc dol 100mg tablet,5.8860647739280435e-06,0.8331696259916888,0.03816793893129771
oc dol 50mg injection,5.8860647739280435e-06,0.8331696259916888,0.03816793893129771
oc dol 50mg tablet,5.8860647739280435e-06,0.8331696259916888,0.03816793893129771
ocalm 0.25mg tablet,6.280763361236917e-07,0.6846941943495809,0.015267175572519083
ocalm 0.5mg tablet,6.280763361236917e-07,0.6846941943495809,0.015267175572519083
ocdol-p 37.5mg/325mg tablet,3.134616001256474e-05,0.8407929851315288,0.11450381679389313
octram-p tablet,3.134616001256474e-05,0.8407929851315288,0.11450381679389313
odel 50mg tablet,5.8860647739280435e-06,0.8331696259916888,0.03816793893129771
odemed 5mg/2.5mg tablet,3.208398501504382e-05,0.8742567192579085,0.07633587786259542
oditam 100mg injection,5.8860647739280435e-06,0.8331696259916888,0.03816793893129771
odypram 0.5mg/10mg tablet,6.825595443939102e-05,0.9317279256442754,0.08396946564885496
offzep 0.5mg tablet md,5.1476376818324204e-05,0.9656712496716,0.04580152671755725
oldol 50mg injection,5.8860647739280435e-06,0.8331696259916888,0.03816793893129771
oldol p 37.5mg/325mg tablet,3.134616001256474e-05,0.8407929851315288,0.11450381679389313
olipar 2.5mg tablet md,5.1476376818324204e-05,0.9656712496716,0.04580152671755725
olpid 10mg tablet,2.013277755628682e-05,0.83925717330086,0.0916030534351145
olpid 5mg tablet,2.013277755628682e-05,0.83925717330086,0.0916030534351145
olpidem 10mg tablet,2.013277755628682e-05,0.83925717330086,0.0916030534351145
olpitric 10mg tablet,2.013277755628682e-05,0.83925717330086,0.0916030534351145
olpitric 5mg tablet,2.013277755628682e-05,0.83925717330086,0.0916030534351145
olpyz 10mg tablet,2.013277755628682e-05,0.83925717330086,0.0916030534351145
olpyz 5mg tablet,2.013277755628682e-05,0.83925717330086,0.0916030534351145
om 10mg/1mg tablet,6.013519816155538e-05,0.8662895749862519,0.10687022900763359
omelam tablet,0.00014489733621285384,0.9406295316898405,0.0916030534351145
omodol 50mg/350mg tablet,3.134616001256474e-05,0.8407929851315288,0.11450381679389313
omudol tablet,1.073315002030881e-05,0.8348095995154818,0.05343511450381679
on kof syrup,9.007234941820291e-05,0.9205275899490776,0.061068702290076333
ona 0.25 tablet,5.1476376818324204e-05,0.9656712496716,0.04580152671755725
ona 0.25mg tablet md,5.1476376818324204e-05,0.9656712496716,0.04580152671755725
ona 0.5 tablet,5.1476376818324204e-05,0.9656712496716,0.04580152671755725
ona 0.5mg tablet md,5.1476376818324204e-05,0.9656712496716,0.04580152671755725
ona 1mg tablet,5.1476376818324204e-05,0.9656712496716,0.04580152671755725
ona 1mg tablet md,5.1476376818324204e-05,0.9656712496716,0.04580152671755725
ona 2mg tablet,5.1476376818324204e-05,0.9656712496716,0.04580152671755725
ona 2mg tablet md,5.1476376818324204e-05,0.9656712496716,0.04580152671755725
onapil 0.5mg tablet,5.1476376818324204e-05,0.9656712496716,0.04580152671755725
onapract 0.25mg tablet,6.280763361236917e-07,0.6846941943495809,0.015267175572519083
onatril 0.25mg tablet md,5.1476376818324204e-05,0.9656712496716,0.04580152671755725
onatril 0.5mg tablet md,5.1476376818324204e-05,0.9656712496716,0.04580152671755725
onaz 0.25 tablet,5.1476376818324204e-05,0.9656712496716,0.04580152671755725
onaz 0.5 tablet,5.1476376818324204e-05,0.9656712496716,0.04580152671755725
onaz-ls tablet,6.825595443939102e-05,0.9317279256442754,0.08396946564885496
onaz-plus tablet,6.825595443939102e-05,0.9317279256442754,0.08396946564885496
ondol 50mg injection,5.8860647739280435e-06,0.8331696259916888,0.03816793893129771
onidol tp 50mg/500mg tablet,3.134616001256474e-05,0.8407929851315288,0.11450381679389313
ontadol 50mg injection,5.8860647739280435e-06,0.8331696259916888,0.03816793893129771
ontadol-p 325mg/37.5mg tablet,1.073315002030881e-05,0.8348095995154818,0.05343511450381679
onz 0.5mg tablet,5.1476376818324204e-05,0.9656712496716,0.04580152671755725
opdol 100mg injection,5.8860647739280435e-06,0.8331696259916888,0.03816793893129771
opi ot 100mg injection,5.8860647739280435e-06,0.8331696259916888,0.03816793893129771
opi ot 500 mg/50 mg tablet,1.073315002030881e-05,0.8348095995154818,0.05343511450381679
opiate 100mg injection,5.8860647739280435e-06,0.8331696259916888,0.03816793893129771
opiate-p 50mg/500mg tablet,3.134616001256474e-05,0.8407929851315288,0.11450381679389313
opibind p 37.5mg/325mg tablet,3.134616001256474e-05,0.8407929851315288,0.11450381679389313
opidol p 500mg/50mg tablet,1.073315002030881e-05,0.8348095995154818,0.05343511450381679
opidol plus 50mg/500mg tablet,3.134616001256474e-05,0.8407929851315288,0.11450381679389313
opidol-p tablet,3.134616001256474e-05,0.8407929851315288,0.11450381679389313
opifent 100 injection,0.0002676320811985444,0.9268723207531311,0.06870229007633588
opifent 500 injection,0.0002676320811985444,0.9268723207531311,0.06870229007633588
opigesic 50mg tablet,5.8860647739280435e-06,0.8331696259916888,0.03816793893129771
opigesic p 50mg/500mg tablet,3.134616001256474e-05,0.8407929851315288,0.11450381679389313
opimed 100mg injection,5.8860647739280435e-06,0.8331696259916888,0.03816793893129771
opimed p 37.5mg/325mg tablet,3.134616001256474e-05,0.8407929851315288,0.11450381679389313
opiodol tablet,3.134616001256474e-05,0.8407929851315288,0.11450381679389313
opiran 50mg injection,5.8860647739280435e-06,0.8331696259916888,0.03816793893129771
opitone 30 tablet,0.00016780563172365945,0.977657593758312,0.09923664122137404
opitone 60 tablet,0.00016780563172365945,0.977657593758312,0.09923664122137404
opiwyn tablet,5.8860647739280435e-06,0.8331696259916888,0.03816793893129771
optyl-c 10 tablet,6.825595443939102e-05,0.9317279256442754,0.08396946564885496
optyl-c 5 tablet,6.825595443939102e-05,0.9317279256442754,0.08396946564885496
oram d 37.5mg/325mg tablet,3.134616001256474e-05,0.8407929851315288,0.11450381679389313
oratric 1mg tablet,1.052004745655686e-06,0.7050060737804488,0.030534351145038167
oratric 2mg injection,2.434387856025367e-05,0.8697058127612588,0.04580152671755725
oratric 2mg tablet,4.422707264527638e-06,0.7177634576580095,0.030534351145038167
orazep 1mg tablet,1.052004745655686e-06,0.7050060737804488,0.030534351145038167
orazep 2mg tablet,4.422707264527638e-06,0.7177634576580095,0.030534351145038167
orchidol 100mg injection,5.8860647739280435e-06,0.8331696259916888,0.03816793893129771
orchidol 50mg injection,5.8860647739280435e-06,0.8331696259916888,0.03816793893129771
orchidol 50mg tablet,5.8860647739280435e-06,0.8331696259916888,0.03816793893129771
oresta 10mg tablet,3.9616768675442404e-05,0.8518346852066435,0.13740458015267176
oresta 20mg tablet,3.9616768675442404e-05,0.8518346852066435,0.13740458015267176
oresta 5mg tablet,3.9616768675442404e-05,0.8518346852066435,0.13740458015267176
orlidox-d tablet,4.2879673447075457e-05,0.8801181259478011,0.08396946564885496
orogesic tm 325 mg/37.5 mg tablet,1.073315002030881e-05,0.8348095995154818,0.05343511450381679
orokuff-t syrup,9.007234941820291e-05,0.9205275899490776,0.061068702290076333
orolam-p tablet,1.6745408863379544e-05,0.7151566249432518,0.061068702290076333
orthodex forte 400mg/500mg/500mg tablet,1.4869415574955766e-05,0.8335475092599591,0.061068702290076333
orthodex tablet,7.875997926536431e-05,0.8002757819870818,0.04580152671755725
orthodex-tr tablet,1.073315002030881e-05,0.8348095995154818,0.05343511450381679
orthopax 50mg/325mg/32.5mg tablet,1.7366848042312856e-05,0.800508166969147,0.061068702290076333
oscodin syrup,9.007234941820291e-05,0.9205275899490776,0.061068702290076333
osdol p 37.5mg/325mg tablet,3.134616001256474e-05,0.8407929851315288,0.11450381679389313
oshdol 50mg/500mg tablet,3.134616001256474e-05,0.8407929851315288,0.11450381679389313
osmozer forte 100mg/325mg/37.5mg tablet,2.123200353441007e-05,0.8350624763347217,0.06870229007633588
osopose 2mg tablet,7.844086586140786e-06,0.7070856043603719,0.030534351145038167
osopose 5mg tablet,7.844086586140786e-06,0.7070856043603719,0.030534351145038167
ospidol 100mg tablet,5.8860647739280435e-06,0.8331696259916888,0.03816793893129771
ospidyne tablet,1.4869415574955766e-05,0.8335475092599591,0.061068702290076333
osteodol 325 mg/37.5 mg tablet,1.073315002030881e-05,0.8348095995154818,0.05343511450381679
osteokind p 37.5mg/325mg tablet,3.134616001256474e-05,0.8407929851315288,0.11450381679389313
otodril syrup,9.007234941820291e-05,0.9205275899490776,0.061068702290076333
otram 50mg/500mg tablet,3.134616001256474e-05,0.8407929851315288,0.11450381679389313
overspa x 135mg/5mg tablet,5.823643848773817e-05,0.9423980856337065,0.061068702290076333
oxitin plus 12.5mg/0.5mg tablet cr,6.825595443939102e-05,0.9317279256442754,0.08396946564885496
oxxydol p 37.5mg/325mg tablet,3.134616001256474e-05,0.8407929851315288,0.11450381679389313
oxydin injection,1.4869415574955766e-05,0.8335475092599591,0.061068702290076333
oxydin tablet,1.4869415574955766e-05,0.8335475092599591,0.061068702290076333
oxymark tablet,7.875997926536431e-05,0.8002757819870818,0.04580152671755725
oxymark-cd tablet,5.8860647739280435e-06,0.8331696259916888,0.03816793893129771
ozepam 0.25mg tablet,5.1476376818324204e-05,0.9656712496716,0.04580152671755725
ozepam 0.5mg tablet,5.1476376818324204e-05,0.9656712496716,0.04580152671755725
ozepam 2mg tablet,5.1476376818324204e-05,0.9656712496716,0.04580152671755725
ozepam 7.5mg tablet md,5.1476376818324204e-05,0.9656712496716,0.04580152671755725
ozitam plus 37.5mg/325mg tablet,3.134616001256474e-05,0.8407929851315288,0.11450381679389313
ozitram 100mg injection,5.8860647739280435e-06,0.8331696259916888,0.03816793893129771
ozitram 50mg/500mg tablet,3.134616001256474e-05,0.8407929851315288,0.11450381679389313
ozolam 0.25mg tablet,6.280763361236917e-07,0.6846941943495809,0.015267175572519083
p kalm 0.25mg tablet,6.280763361236917e-07,0.6846941943495809,0.015267175572519083
p tin plus 12.5mg/0.5mg tablet cr,6.825595443939102e-05,0.9317279256442754,0.08396946564885496
p trax 325mg/37.5mg tablet,1.073315002030881e-05,0.8348095995154818,0.05343511450381679
pacific 0.25 mg tablet,6.280763361236917e-07,0.6846941943495809,0.015267175572519083
pacific 0.5mg tablet,6.280763361236917e-07,0.6846941943495809,0.015267175572519083
pacific h  tablet 0.25 mg/10 mg,1.6745408863379544e-05,0.7151566249432518,0.061068702290076333
pacinol 0.25 mg/20 mg tablet,1.6745408863379544e-05,0.7151566249432518,0.061068702290076333
paff plus 325mg/37.5mg tablet,1.073315002030881e-05,0.8348095995154818,0.05343511450381679
painadol 100mg tablet sr,5.8860647739280435e-06,0.8331696259916888,0.03816793893129771
painadol 50mg tablet sr,5.8860647739280435e-06,0.8331696259916888,0.03816793893129771
painadol p 325mg/37.5mg tablet,1.073315002030881e-05,0.8348095995154818,0.05343511450381679
paincure p 500mg/50mg tablet,1.073315002030881e-05,0.8348095995154818,0.05343511450381679
paine 50mg capsule,5.8860647739280435e-06,0.8331696259916888,0.03816793893129771
paintrol 325 mg/37.5 mg tablet,1.073315002030881e-05,0.8348095995154818,0.05343511450381679
palitex flash 325mg/37.5mg tablet,1.073315002030881e-05,0.8348095995154818,0.05343511450381679
panazep 12.5 tablet er,6.825595443939102e-05,0.9317279256442754,0.08396946564885496
panazep 25 tablet er,6.825595443939102e-05,0.9317279256442754,0.08396946564885496
panazep ls 12.5mg/0.25mg tablet,6.825595443939102e-05,0.9317279256442754,0.08396946564885496
pandol p 37.5mg/325mg tablet,3.134616001256474e-05,0.8407929851315288,0.11450381679389313
panicalm 0.5 mg/10 mg tablet,6.825595443939102e-05,0.9317279256442754,0.08396946564885496
panik 0.25mg tablet,5.1476376818324204e-05,0.9656712496716,0.04580152671755725
panik 1mg tablet,5.1476376818324204e-05,0.9656712496716,0.04580152671755725
pantra 50mg capsule,5.8860647739280435e-06,0.8331696259916888,0.03816793893129771
pantril 0.25mg tablet,5.1476376818324204e-05,0.9656712496716,0.04580152671755725
pantril 1mg tablet,5.1476376818324204e-05,0.9656712496716,0.04580152671755725
papol t 325mg/37.5mg tablet,1.073315002030881e-05,0.8348095995154818,0.05343511450381679
paracod tablet,5.8860647739280435e-06,0.8331696259916888,0.03816793893129771
paradol forte  tablet,3.134616001256474e-05,0.8407929851315288,0.11450381679389313
paradol injection,5.8860647739280435e-06,0.8331696259916888,0.03816793893129771
paradol tablet,3.134616001256474e-05,0.8407929851315288,0.11450381679389313
parasafe t tablet,1.073315002030881e-05,0.8348095995154818,0.05343511450381679
parataj 650mg/30mg tablet,5.8860647739280435e-06,0.8331696259916888,0.03816793893129771
parazin c 10mg/1mg tablet,6.013519816155538e-05,0.8662895749862519,0.10687022900763359
parazine suspension,6.013519816155538e-05,0.8662895749862519,0.10687022900763359
parcodin syrup,9.007234941820291e-05,0.9205275899490776,0.061068702290076333
parexel plus 5mg/2.5mg tablet,3.208398501504382e-05,0.8742567192579085,0.07633587786259542
parexel tablet,5.291285514630765e-05,0.8748115827052757,0.08396946564885496
pari cr forte tablet,6.825595443939102e-05,0.9317279256442754,0.08396946564885496
pari cr plus tablet,6.825595443939102e-05,0.9317279256442754,0.08396946564885496
pariwave-cr forte tablet,6.825595443939102e-05,0.9317279256442754,0.08396946564885496
pariwave-cr plus tablet,6.825595443939102e-05,0.9317279256442754,0.08396946564885496
paro cr forte tablet,6.825595443939102e-05,0.9317279256442754,0.08396946564885496
paro cr plus tablet,6.825595443939102e-05,0.9317279256442754,0.08396946564885496
parocy forte 25mg/0.5mg tablet,6.825595443939102e-05,0.9317279256442754,0.08396946564885496
parocy plus 12.5mg/0.5mg tablet,6.825595443939102e-05,0.9317279256442754,0.08396946564885496
parogen plus 12.5mg/0.25mg tablet cr,6.825595443939102e-05,0.9317279256442754,0.08396946564885496
parolyst mini plus capsule cr,6.825595443939102e-05,0.9317279256442754,0.08396946564885496
parolyst plus 25mg/0.5mg capsule cr,6.825595443939102e-05,0.9317279256442754,0.08396946564885496
parona forte 25mg/0.5mg tablet cr,6.825595443939102e-05,0.9317279256442754,0.08396946564885496
parona plus 12.5mg/0.5mg tablet cr,6.825595443939102e-05,0.9317279256442754,0.08396946564885496
paronazep-cr tablet,6.825595443939102e-05,0.9317279256442754,0.08396946564885496
parotine plus 12.5mg/0.5mg tablet,6.825595443939102e-05,0.9317279256442754,0.08396946564885496
paroxee plus 12.5mg/0.5mg tablet,6.825595443939102e-05,0.9317279256442754,0.08396946564885496
paroxta plus 12.5 mg/0.5 mg tablet,6.825595443939102e-05,0.9317279256442754,0.08396946564885496
paroxta plus 25 mg/0.5 mg tablet,6.825595443939102e-05,0.9317279256442754,0.08396946564885496
parozep 12.5 tablet cr,6.825595443939102e-05,0.9317279256442754,0.08396946564885496
parozep 25mg/0.5mg tablet,6.825595443939102e-05,0.9317279256442754,0.08396946564885496
partram tablet,1.073315002030881e-05,0.8348095995154818,0.05343511450381679
parvo cof syrup,9.007234941820291e-05,0.9205275899490776,0.061068702290076333
parvodex 65mg capsule,0.0004886024703249124,0.9267165308009077,0.061068702290076333
shortness of breath,0.0,0.3266578932311037,0.00018351991191044228
parvon capsule,4.530473585561955e-06,0.8000435318871073,0.030534351145038167
parvon forte capsule,1.4869415574955766e-05,0.8335475092599591,0.061068702290076333
parvon forte tablet,3.134616001256474e-05,0.8407929851315288,0.11450381679389313
parvon spas capsule,9.069030077440046e-06,0.7335195902348167,0.05343511450381679
patinex ls 12.5mg/0.5mg tablet,6.825595443939102e-05,0.9317279256442754,0.08396946564885496
patinex plus 25mg/0.5mg tablet,6.825595443939102e-05,0.9317279256442754,0.08396946564885496
patradol tablet,3.134616001256474e-05,0.8407929851315288,0.11450381679389313
patroxta plus 12.5 tablet cr,6.825595443939102e-05,0.9317279256442754,0.08396946564885496
patroxta plus 25 tablet cr,6.825595443939102e-05,0.9317279256442754,0.08396946564885496
pax 0.25mg tablet,6.280763361236917e-07,0.6846941943495809,0.015267175572519083
pax 0.5mg tablet,6.280763361236917e-07,0.6846941943495809,0.015267175572519083
pax 1mg tablet,6.280763361236917e-07,0.6846941943495809,0.015267175572519083
paxam forte 0.5mg/20mg tablet,1.6745408863379544e-05,0.7151566249432518,0.061068702290076333
paxam plus 0.25mg/20mg tablet,1.6745408863379544e-05,0.7151566249432518,0.061068702290076333
paxi cr forte tablet,6.825595443939102e-05,0.9317279256442754,0.08396946564885496
paxin 325 mg/37.5 mg tablet,1.073315002030881e-05,0.8348095995154818,0.05343511450381679
paxin tc tablet,2.8118049747754186e-05,0.8350624763347217,0.06870229007633588
paxit forte 25mg/0.5mg tablet cr,6.825595443939102e-05,0.9317279256442754,0.08396946564885496
paxit plus 12.5mg/0.5mg tablet cr,6.825595443939102e-05,0.9317279256442754,0.08396946564885496
paxiton plus 12.5mg/.5mg tablet,6.825595443939102e-05,0.9317279256442754,0.08396946564885496
paxonil ls 12.5 tablet cr,6.825595443939102e-05,0.9317279256442754,0.08396946564885496
paxonil ls 12.5mg/0.25mg tablet,6.825595443939102e-05,0.9317279256442754,0.08396946564885496
paxonil ls 25mg/0.5mg capsule,6.825595443939102e-05,0.9317279256442754,0.08396946564885496
paxonil ls 25mg/0.5mg tablet cr,6.825595443939102e-05,0.9317279256442754,0.08396946564885496
paxonil plus 12.5mg/0.5mg tablet,6.825595443939102e-05,0.9317279256442754,0.08396946564885496
paxonil plus 25mg/0.5mg tablet,6.825595443939102e-05,0.9317279256442754,0.08396946564885496
paxor 0.5mg tablet,6.280763361236917e-07,0.6846941943495809,0.015267175572519083
paxotus plus 12.5mg/0.5mg tablet,6.825595443939102e-05,0.9317279256442754,0.08396946564885496
paxotus plus 25mg/0.5mg capsule,6.825595443939102e-05,0.9317279256442754,0.08396946564885496
paxum 10mg injection,2.7728151452124645e-05,0.73744399117234,0.030534351145038167
paxum 5mg injection,2.7728151452124645e-05,0.73744399117234,0.030534351145038167
paxum 5mg tablet,7.844086586140786e-06,0.7070856043603719,0.030534351145038167
paz 0.25mg/20mg tablet,1.6745408863379544e-05,0.7151566249432518,0.061068702290076333
peace 10 mg/1 mg tablet,6.013519816155538e-05,0.8662895749862519,0.10687022900763359
peaceoxide 10mg tablet,9.819845268302474e-05,0.9658404134185863,0.061068702290076333
peaceoxide 25mg tablet,9.819845268302474e-05,0.9658404134185863,0.061068702290076333
peacin 5mg tablet,7.844086586140786e-06,0.7070856043603719,0.030534351145038167
pecalm 0.25mg tablet md,5.1476376818324204e-05,0.9656712496716,0.04580152671755725
ped o 5mg tablet,2.013277755628682e-05,0.83925717330086,0.0916030534351145
pedo 50mg suspension,2.013277755628682e-05,0.83925717330086,0.0916030534351145
pedo 5mg tablet,2.013277755628682e-05,0.83925717330086,0.0916030534351145
peelar c 0.25mg/10mg tablet,1.6745408863379544e-05,0.7151566249432518,0.061068702290076333
pendol p 325mg/37.5mg tablet,1.073315002030881e-05,0.8348095995154818,0.05343511450381679
penix-p 37.5mg/325mg tablet,3.134616001256474e-05,0.8407929851315288,0.11450381679389313
penorid 325 mg/37.5 mg tablet,1.073315002030881e-05,0.8348095995154818,0.05343511450381679
penover 325 mg/37.5 mg tablet,1.073315002030881e-05,0.8348095995154818,0.05343511450381679
pentalab 30mg injection,8.787490928961126e-05,0.9510133678309616,0.061068702290076333
pentawin 30mg injection,8.787490928961126e-05,0.9510133678309616,0.061068702290076333
pentothal injection,5.270511229992787e-05,0.8756451997141269,0.05343511450381679
penzin 30mg injection,8.787490928961126e-05,0.9510133678309616,0.061068702290076333
peptica tablet,7.844086586140786e-06,0.7070856043603719,0.030534351145038167
petril 0.5 tablet,5.1476376818324204e-05,0.9656712496716,0.04580152671755725
petril 1 tablet,5.1476376818324204e-05,0.9656712496716,0.04580152671755725
petril 2 tablet,5.1476376818324204e-05,0.9656712496716,0.04580152671755725
petril beta 10 tablet,1.6745408863379544e-05,0.7151566249432518,0.061068702290076333
petril beta 20 tablet,1.6745408863379544e-05,0.7151566249432518,0.061068702290076333
petril lite tablet,6.825595443939102e-05,0.9317279256442754,0.08396946564885496
petril plus  ls tablet,6.825595443939102e-05,0.9317279256442754,0.08396946564885496
petril plus  tablet,6.825595443939102e-05,0.9317279256442754,0.08396946564885496
petril-md 0.25 tablet,5.1476376818324204e-05,0.9656712496716,0.04580152671755725
petril-md 0.5 tablet,5.1476376818324204e-05,0.9656712496716,0.04580152671755725
pexep plus 12.5 capsule ir,6.825595443939102e-05,0.9317279256442754,0.08396946564885496
pexep plus 25 capsule ir,6.825595443939102e-05,0.9317279256442754,0.08396946564885496
pexibrus plus 12.5 tablet ir,6.825595443939102e-05,0.9317279256442754,0.08396946564885496
pezlor 1mg tablet,1.052004745655686e-06,0.7050060737804488,0.030534351145038167
pezlor 2mg tablet,4.422707264527638e-06,0.7177634576580095,0.030534351145038167
phencodin syrup,9.007234941820291e-05,0.9205275899490776,0.061068702290076333
phenkuff syrup,9.007234941820291e-05,0.9205275899490776,0.061068702290076333
phenobarb 30mg tablet,0.00016780563172365945,0.977657593758312,0.09923664122137404
phenobarb 60mg tablet,0.00016780563172365945,0.977657593758312,0.09923664122137404
phenobarbitone 200mg injection,0.00016780563172365945,0.977657593758312,0.09923664122137404
phenotil tablet,0.0003070444671460692,0.9717987133162951,0.08396946564885496
phenotone 30mg tablet,0.00016780563172365945,0.977657593758312,0.09923664122137404
phenotone 60mg tablet,0.00016780563172365945,0.977657593758312,0.09923664122137404
phenrex syrup,9.007234941820291e-05,0.9205275899490776,0.061068702290076333
phensedyl 4mg/10mg expectorant,9.007234941820291e-05,0.9205275899490776,0.061068702290076333
phensedyl new cough linctus,9.007234941820291e-05,0.9205275899490776,0.061068702290076333
phensedyl t syrup,9.007234941820291e-05,0.9205275899490776,0.061068702290076333
phentin 15mg injection,0.00012034647670295245,0.4834495155421106,0.030534351145038167
pheosol 30mg tablet,0.00016780563172365945,0.977657593758312,0.09923664122137404
phycam 0.5mg tablet sr,6.280763361236917e-07,0.6846941943495809,0.015267175572519083
pifzot 0.25mg/20mg tablet,6.825595443939102e-05,0.9317279256442754,0.08396946564885496
pijn-xt tablet,3.134616001256474e-05,0.8407929851315288,0.11450381679389313
piktus-c syrup,9.007234941820291e-05,0.9205275899490776,0.061068702290076333
piplar drop,0.00016780563172365945,0.977657593758312,0.09923664122137404
pisful 20mg capsule,3.9616768675442404e-05,0.8518346852066435,0.13740458015267176
pisful 40mg capsule,3.9616768675442404e-05,0.8518346852066435,0.13740458015267176
pizam 10mg tablet,3.9616768675442404e-05,0.8518346852066435,0.13740458015267176
pizolam 0.5mg tablet,6.280763361236917e-07,0.6846941943495809,0.015267175572519083
pizolam p 0.25 mg/20 mg tablet,1.6745408863379544e-05,0.7151566249432518,0.061068702290076333
placidox 10mg tablet,7.844086586140786e-06,0.7070856043603719,0.030534351145038167
placidox 2mg tablet,7.844086586140786e-06,0.7070856043603719,0.030534351145038167
placidox 5mg tablet,7.844086586140786e-06,0.7070856043603719,0.030534351145038167
planokuf syrup,9.007234941820291e-05,0.9205275899490776,0.061068702290076333
planokuf t syrup,9.007234941820291e-05,0.9205275899490776,0.061068702290076333
plaxid 0.25mg tablet,6.280763361236917e-07,0.6846941943495809,0.015267175572519083
pmo t 325mg/37.5mg tablet,1.073315002030881e-05,0.8348095995154818,0.05343511450381679
postram p 37.5mg/325mg tablet,3.134616001256474e-05,0.8407929851315288,0.11450381679389313
poxid 10mg tablet,9.819845268302474e-05,0.9658404134185863,0.061068702290076333
poxide 25mg/10mg tablet,1.602404439539721e-05,0.800508166969147,0.0916030534351145
poxloy 10mg tablet,9.819845268302474e-05,0.9658404134185863,0.061068702290076333
pracidep plus 0.5mg/10mg tablet,6.825595443939102e-05,0.9317279256442754,0.08396946564885496
prado plus tablet,1.073315002030881e-05,0.8348095995154818,0.05343511450381679
pralam 1mg tablet,6.280763361236917e-07,0.6846941943495809,0.015267175572519083
pranol f 0.25mg/20mg tablet,6.825595443939102e-05,0.9317279256442754,0.08396946564885496
prasilex plus 0.5 mg/10 mg tablet,6.825595443939102e-05,0.9317279256442754,0.08396946564885496
prasilex plus 0.5mg/10mg tablet,6.825595443939102e-05,0.9317279256442754,0.08396946564885496
prasineo-plus tablet,6.825595443939102e-05,0.9317279256442754,0.08396946564885496
prazep 2 mg/25 mg tablet,1.602404439539721e-05,0.800508166969147,0.0916030534351145
prazep 5 mg/25 mg tablet,1.602404439539721e-05,0.800508166969147,0.0916030534351145
prazil 0.25mg tablet,6.280763361236917e-07,0.6846941943495809,0.015267175572519083
prazil 0.5mg tablet,6.280763361236917e-07,0.6846941943495809,0.015267175572519083
prazolam 0.25mg tablet,6.280763361236917e-07,0.6846941943495809,0.015267175572519083
prd 100mg tablet sr,5.8860647739280435e-06,0.8331696259916888,0.03816793893129771
prd 50mg tablet md,5.8860647739280435e-06,0.8331696259916888,0.03816793893129771
prd plus 325 mg/37.5 mg tablet,1.073315002030881e-05,0.8348095995154818,0.05343511450381679
precidol 325mg/37.5mg tablet,1.073315002030881e-05,0.8348095995154818,0.05343511450381679
preston 0.5mg/10mg tablet,6.825595443939102e-05,0.9317279256442754,0.08396946564885496
pridep plus 0.5 mg/10 mg tablet,6.825595443939102e-05,0.9317279256442754,0.08396946564885496
primelox 25mg tablet,0.00014722957434561064,0.9320429380441214,0.07633587786259542
primelox 50mg tablet,0.00014722957434561064,0.9320429380441214,0.07633587786259542
primirus 25mg tablet,0.00014722957434561064,0.9320429380441214,0.07633587786259542
primol-t tablet,3.134616001256474e-05,0.8407929851315288,0.11450381679389313
prizm 0.25mg tablet,6.280763361236917e-07,0.6846941943495809,0.015267175572519083
prizm 0.5mg tablet,6.280763361236917e-07,0.6846941943495809,0.015267175572519083
pro alarm 0.25 mg/20 mg tablet,1.6745408863379544e-05,0.7151566249432518,0.061068702290076333
pro-ziety - h 0.25mg/10mg tablet,1.6745408863379544e-05,0.7151566249432518,0.061068702290076333
pro-ziety 0.25mg/20mg tablet,1.6745408863379544e-05,0.7151566249432518,0.061068702290076333
procalm 0.25mg tablet,6.280763361236917e-07,0.6846941943495809,0.015267175572519083
procalm 0.5mg tablet,6.280763361236917e-07,0.6846941943495809,0.015267175572519083
procalm 1mg tablet,6.280763361236917e-07,0.6846941943495809,0.015267175572519083
procool 0.25mg/20mg tablet,1.6745408863379544e-05,0.7151566249432518,0.061068702290076333
profinex injection,5.8860647739280435e-06,0.8331696259916888,0.03816793893129771
prokar 10mg/1mg tablet,6.013519816155538e-05,0.8662895749862519,0.10687022900763359
prolam 0.25mg tablet,6.280763361236917e-07,0.6846941943495809,0.015267175572519083
prolam 0.5mg tablet,6.280763361236917e-07,0.6846941943495809,0.015267175572519083
prolet 12.5 tablet,0.00014722957434561064,0.9320429380441214,0.07633587786259542
prolet 25 tablet,0.00014722957434561064,0.9320429380441214,0.07633587786259542
prolet 50 tablet,0.00014722957434561064,0.9320429380441214,0.07633587786259542
prolet sr 100 tablet,0.00014722957434561064,0.9320429380441214,0.07633587786259542
prolet sr 150 tablet,0.00014722957434561064,0.9320429380441214,0.07633587786259542
proline 1mg tablet,1.052004745655686e-06,0.7050060737804488,0.030534351145038167
proline 2mg tablet,4.422707264527638e-06,0.7177634576580095,0.030534351145038167
pronext 0.25mg/20mg tablet,1.6745408863379544e-05,0.7151566249432518,0.061068702290076333
pronol 0.25mg/20mg tablet,1.6745408863379544e-05,0.7151566249432518,0.061068702290076333
propia 0.25mg/20mg tablet,1.6745408863379544e-05,0.7151566249432518,0.061068702290076333
propnix forte 0.25mg/10mg tablet,1.6745408863379544e-05,0.7151566249432518,0.061068702290076333
propol c 0.5 tablet,1.6745408863379544e-05,0.7151566249432518,0.061068702290076333
proprazolam m 0.25 mg/10 mg tablet,1.6745408863379544e-05,0.7151566249432518,0.061068702290076333
proptric a 0.25mg/20mg tablet,1.6745408863379544e-05,0.7151566249432518,0.061068702290076333
provake 100mg tablet,3.5279823182101205e-05,0.7998114165518242,0.07633587786259542
provake 200mg tablet,3.5279823182101205e-05,0.7998114165518242,0.07633587786259542
provanol forte 0.25mg/20mg tablet,1.6745408863379544e-05,0.7151566249432518,0.061068702290076333
provanol forte 0.5mg/20mg tablet,1.6745408863379544e-05,0.7151566249432518,0.061068702290076333
proxanit 0.25 mg/20 mg tablet,1.6745408863379544e-05,0.7151566249432518,0.061068702290076333
proxynova capsule,4.530473585561955e-06,0.8000435318871073,0.030534351145038167
proxytab 500 mg/32.5 mg tablet,4.530473585561955e-06,0.8000435318871073,0.030534351145038167
proxyvon 400mg/65mg capsule,4.530473585561955e-06,0.8000435318871073,0.030534351145038167
proxyvon plus  capsule,1.073315002030881e-05,0.8348095995154818,0.05343511450381679
prozam 0.5mg tablet,6.280763361236917e-07,0.6846941943495809,0.015267175572519083
prozepton 0.5mg tablet md,5.1476376818324204e-05,0.9656712496716,0.04580152671755725
psycomer c 25mg/10mg tablet,1.602404439539721e-05,0.800508166969147,0.0916030534351145
psycool plus 0.25mg/20mg tablet,1.6745408863379544e-05,0.7151566249432518,0.061068702290076333
pt 325mg/37.5mg tablet,1.073315002030881e-05,0.8348095995154818,0.05343511450381679
pxr forte 25mg/0.5mg tablet,6.825595443939102e-05,0.9317279256442754,0.08396946564885496
pxr ls 12.5mg/0.5mg tablet,6.825595443939102e-05,0.9317279256442754,0.08396946564885496
pyeevon spas capsule,4.530473585561955e-06,0.8000435318871073,0.030534351145038167
pylonorm tablet,4.2879673447075457e-05,0.8801181259478011,0.08396946564885496
pyrex p 0.25 mg/20 mg tablet,1.6745408863379544e-05,0.7151566249432518,0.061068702290076333
pyrigesic t 325mg/37.5mg tablet,1.073315002030881e-05,0.8348095995154818,0.05343511450381679
q ril trp 50mg/500mg tablet,3.134616001256474e-05,0.8407929851315288,0.11450381679389313
q zepam 1mg tablet,5.1476376818324204e-05,0.9656712496716,0.04580152671755725
q-rest 0.25mg tablet,6.280763361236917e-07,0.6846941943495809,0.015267175572519083
q-rest 0.5mg tablet,6.280763361236917e-07,0.6846941943495809,0.015267175572519083
qenopram s 0.5mg/10mg tablet,6.825595443939102e-05,0.9317279256442754,0.08396946564885496
qp zep 0.25mg tablet,5.1476376818324204e-05,0.9656712496716,0.04580152671755725
qudict 2 mg/0.5 mg tablet,0.0019015471081877486,0.9264051079559775,0.1297709923664122
fainting,2.9993335879614254e-07,0.3392761633089677,0.00036703982382088455
tongue pain,0.0,0.3265831474171958,0.00018351991191044228
numbness in mouth,0.0,0.3265831474171958,0.00018351991191044228
arrhythmia (irregular heartbeats),0.0,0.3265831474171958,0.00018351991191044228
sleep disturbance,0.0,0.3265831474171958,0.00018351991191044228
questa plus 0.5mg/10mg tablet,6.825595443939102e-05,0.9317279256442754,0.08396946564885496
quicam 0.25mg tablet,6.280763361236917e-07,0.6846941943495809,0.015267175572519083
quick calm 10mg/1mg tablet,6.013519816155538e-05,0.8662895749862519,0.10687022900763359
quietal 5mg tablet,7.844086586140786e-06,0.7070856043603719,0.030534351145038167
quinpram ls tablet,6.825595443939102e-05,0.9317279256442754,0.08396946564885496
quinpram plus tablet,6.825595443939102e-05,0.9317279256442754,0.08396946564885496
quit 0.25mg tablet,6.280763361236917e-07,0.6846941943495809,0.015267175572519083
r codex syrup,9.007234941820291e-05,0.9205275899490776,0.061068702290076333
r-zolam forte 0.5mg tablet,6.280763361236917e-07,0.6846941943495809,0.015267175572519083
rabespas tablet,4.2879673447075457e-05,0.8801181259478011,0.08396946564885496
racetol 37.5mg/325mg tablet,3.134616001256474e-05,0.8407929851315288,0.11450381679389313
racetram-p 37.5mg/325mg tablet,3.134616001256474e-05,0.8407929851315288,0.11450381679389313
radipram-plus tablet,6.825595443939102e-05,0.9317279256442754,0.08396946564885496
radizem 0.25 md tablet,5.1476376818324204e-05,0.9656712496716,0.04580152671755725
radizem 1 md tablet,5.1476376818324204e-05,0.9656712496716,0.04580152671755725
radol 50mg tablet,5.8860647739280435e-06,0.8331696259916888,0.03816793893129771
ramadol 200mg tablet sr,5.8860647739280435e-06,0.8331696259916888,0.03816793893129771
ramax 50mg capsule,5.8860647739280435e-06,0.8331696259916888,0.03816793893129771
ramcet 100mg injection,5.8860647739280435e-06,0.8331696259916888,0.03816793893129771
ramcet 325mg/37.5mg tablet,1.073315002030881e-05,0.8348095995154818,0.05343511450381679
ramcet d tablet,1.073315002030881e-05,0.8348095995154818,0.05343511450381679
ramcet s tablet,1.073315002030881e-05,0.8348095995154818,0.05343511450381679
ramcet tablet,1.073315002030881e-05,0.8348095995154818,0.05343511450381679
rancof 4 mg/10 mg syrup,9.007234941820291e-05,0.9205275899490776,0.061068702290076333
reaonz 0.5mg tablet,5.1476376818324204e-05,0.9656712496716,0.04580152671755725
recalm 0.5mg tablet,5.1476376818324204e-05,0.9656712496716,0.04580152671755725
recalm plus 0.5mg/10mg tablet,6.825595443939102e-05,0.9317279256442754,0.08396946564885496
recam 0.5mg/50mg tablet,6.825595443939102e-05,0.9317279256442754,0.08396946564885496
recita forte tablet,6.825595443939102e-05,0.9317279256442754,0.08396946564885496
recita ld 0.25mg/5mg tablet,6.825595443939102e-05,0.9317279256442754,0.08396946564885496
recita lite 0.25 mg/10 mg tablet,6.825595443939102e-05,0.9317279256442754,0.08396946564885496
recita lite 0.25mg/10mg tablet,6.825595443939102e-05,0.9317279256442754,0.08396946564885496
recita plus tablet,6.825595443939102e-05,0.9317279256442754,0.08396946564885496
reclam 0.25mg tablet,6.280763361236917e-07,0.6846941943495809,0.015267175572519083
relam 0.25mg tablet,6.280763361236917e-07,0.6846941943495809,0.015267175572519083
relam 0.5mg tablet,6.280763361236917e-07,0.6846941943495809,0.015267175572519083
relax 0.25mg tablet,6.280763361236917e-07,0.6846941943495809,0.015267175572519083
relax 0.5mg tablet,6.280763361236917e-07,0.6846941943495809,0.015267175572519083
relax f tablet,6.825595443939102e-05,0.9317279256442754,0.08396946564885496
relaxo 5mg tablet,7.844086586140786e-06,0.7070856043603719,0.030534351145038167
relicalm cd tablet,6.013519816155538e-05,0.8662895749862519,0.10687022900763359
relidep plus 25 mg/10 mg tablet,1.602404439539721e-05,0.800508166969147,0.0916030534351145
relidep plus h 12.5 mg/5 mg tablet,1.602404439539721e-05,0.800508166969147,0.0916030534351145
relidol 50mg capsule,5.8860647739280435e-06,0.8331696259916888,0.03816793893129771
reltracet 37.5mg/325mg tablet,3.134616001256474e-05,0.8407929851315288,0.11450381679389313
rem 10mg tablet,4.204496272169002e-05,0.917006237006237,0.04580152671755725
remadol tablet,3.134616001256474e-05,0.8407929851315288,0.11450381679389313
remidol 100mg tablet sr,5.8860647739280435e-06,0.8331696259916888,0.03816793893129771
renopram l 0.25mg/10mg tablet,6.825595443939102e-05,0.9317279256442754,0.08396946564885496
repam 10mg tablet,7.844086586140786e-06,0.7070856043603719,0.030534351145038167
repam 5mg tablet,7.844086586140786e-06,0.7070856043603719,0.030534351145038167
rescalm-az 0.25mg/20mg tablet,1.6745408863379544e-05,0.7151566249432518,0.061068702290076333
reskof syrup,9.007234941820291e-05,0.9205275899490776,0.061068702290076333
respeline cs syrup,9.007234941820291e-05,0.9205275899490776,0.061068702290076333
respinex cd 4 mg/10 mg syrup,9.007234941820291e-05,0.9205275899490776,0.061068702290076333
resta 0.25 mg/500 mg tablet,2.0704040468144325e-05,0.754189179946652,0.04580152671755725
restab 10mg/1mg tablet,6.013519816155538e-05,0.8662895749862519,0.10687022900763359
restan plus 0.5mg/10mg tablet,6.825595443939102e-05,0.9317279256442754,0.08396946564885496
restem 10mg tablet,2.013277755628682e-05,0.83925717330086,0.0916030534351145
restem 5mg tablet,2.013277755628682e-05,0.83925717330086,0.0916030534351145
restilo plus 0.5mg/10mg tablet,6.825595443939102e-05,0.9317279256442754,0.08396946564885496
restin 0.25mg tablet,6.280763361236917e-07,0.6846941943495809,0.015267175572519083
restin 10mg tablet,2.013277755628682e-05,0.83925717330086,0.0916030534351145
restlo tablet,2.013277755628682e-05,0.83925717330086,0.0916030534351145
resto 0.25mg tablet,6.280763361236917e-07,0.6846941943495809,0.015267175572519083
restovis 0.25mg tablet,5.1476376818324204e-05,0.9656712496716,0.04580152671755725
restovis 0.5mg tablet,5.1476376818324204e-05,0.9656712496716,0.04580152671755725
restovis d tablet,6.825595443939102e-05,0.9317279256442754,0.08396946564885496
restwel 0.25mg tablet,6.280763361236917e-07,0.6846941943495809,0.015267175572519083
restwel 0.5mg tablet,6.280763361236917e-07,0.6846941943495809,0.015267175572519083
restyl 0.25mg tablet,6.280763361236917e-07,0.6846941943495809,0.015267175572519083
restyl 0.5mg tablet,6.280763361236917e-07,0.6846941943495809,0.015267175572519083
restyl 0.5mg tablet sr,6.280763361236917e-07,0.6846941943495809,0.015267175572519083
restyl 1mg tablet,6.280763361236917e-07,0.6846941943495809,0.015267175572519083
restyl forte 0.5 mg/50 mg tablet,6.825595443939102e-05,0.9317279256442754,0.08396946564885496
restyl plus 0.5 mg/25 mg tablet,6.825595443939102e-05,0.9317279256442754,0.08396946564885496
revodol plus 325 mg/37.5 mg tablet,1.073315002030881e-05,0.8348095995154818,0.05343511450381679
revodol spas 20 mg/500 mg/37.5 mg tablet,1.0755317242085759e-05,0.7336171911383141,0.061068702290076333
revorest 0.5 mg/10 mg tablet,6.825595443939102e-05,0.9317279256442754,0.08396946564885496
revozip 0.25mg tablet md,5.1476376818324204e-05,0.9656712496716,0.04580152671755725
revozip 0.5mg tablet md,5.1476376818324204e-05,0.9656712496716,0.04580152671755725
revozip 1mg tablet,5.1476376818324204e-05,0.9656712496716,0.04580152671755725
rexcof 4 mg/10 mg syrup,9.007234941820291e-05,0.9205275899490776,0.061068702290076333
rexipra forte tablet,6.825595443939102e-05,0.9317279256442754,0.08396946564885496
rexipra lite tablet,6.825595443939102e-05,0.9317279256442754,0.08396946564885496
rexipra ls tablet,6.825595443939102e-05,0.9317279256442754,0.08396946564885496
rexipra plus tablet,6.825595443939102e-05,0.9317279256442754,0.08396946564885496
rextas 4 mg/10 mg syrup,9.007234941820291e-05,0.9205275899490776,0.061068702290076333
rextin-cr forte tablet er,6.825595443939102e-05,0.9317279256442754,0.08396946564885496
rextin-cr plus tablet er,6.825595443939102e-05,0.9317279256442754,0.08396946564885496
rezolam 0.5mg tablet,6.280763361236917e-07,0.6846941943495809,0.015267175572519083
rhytuss syrup,9.007234941820291e-05,0.9205275899490776,0.061068702290076333
riaclon 0.25mg tablet,5.1476376818324204e-05,0.9656712496716,0.04580152671755725
riaclon 0.5mg tablet,5.1476376818324204e-05,0.9656712496716,0.04580152671755725
riadol p 50mg/325mg tablet,3.134616001256474e-05,0.8407929851315288,0.11450381679389313
ribs 5mg/2.5mg tablet,3.208398501504382e-05,0.8742567192579085,0.07633587786259542
riddof 30mg injection,8.787490928961126e-05,0.9510133678309616,0.061068702290076333
ristryl 12.5mg/5mg tablet,1.602404439539721e-05,0.800508166969147,0.0916030534351145
ristryl forte 25mg/10mg tablet,1.602404439539721e-05,0.800508166969147,0.0916030534351145
ritazral hynidate 10mg tablet,7.41249798400105e-07,0.55082671462111,0.030534351145038167
ritazral hynidate 20mg tablet,7.41249798400105e-07,0.55082671462111,0.030534351145038167
ritazral hynidate 5mg tablet,7.41249798400105e-07,0.55082671462111,0.030534351145038167
ritebenz plus 0.5mg/10mg tablet,6.825595443939102e-05,0.9317279256442754,0.08396946564885496
rivotril 0.25mg tablet,5.1476376818324204e-05,0.9656712496716,0.04580152671755725
rivotril 0.5mg tablet,5.1476376818324204e-05,0.9656712496716,0.04580152671755725
rivotril 2mg tablet,5.1476376818324204e-05,0.9656712496716,0.04580152671755725
rolig plus 5mg/10mg tablet,6.825595443939102e-05,0.9317279256442754,0.08396946564885496
ropnol-ch tablet,1.6745408863379544e-05,0.7151566249432518,0.061068702290076333
roptril-forte tablet,6.825595443939102e-05,0.9317279256442754,0.08396946564885496
rosetra 200mg capsule,5.8860647739280435e-06,0.8331696259916888,0.03816793893129771
roza 0.25mg tablet,6.280763361236917e-07,0.6846941943495809,0.015267175572519083
roza 12.5mg tablet er,2.013277755628682e-05,0.83925717330086,0.0916030534351145
roza 5 tablet,2.013277755628682e-05,0.83925717330086,0.0916030534351145
rozin 0.25mg tablet,6.280763361236917e-07,0.6846941943495809,0.015267175572519083
rumorf 30mg tablet,9.597286009123102e-05,0.9205275899490776,0.061068702290076333
rupatch 10mcg transdermal patch,8.520906273433554e-05,0.9762726870296592,0.03816793893129771
s citadep forte tablet,6.825595443939102e-05,0.9317279256442754,0.08396946564885496
s citadep ls tablet,6.825595443939102e-05,0.9317279256442754,0.08396946564885496
s citadep plus tablet,6.825595443939102e-05,0.9317279256442754,0.08396946564885496
s citlop forte 0.5mg/10mg tablet,6.825595443939102e-05,0.9317279256442754,0.08396946564885496
s citonaz plus 0.5mg/10mg tablet,6.825595443939102e-05,0.9317279256442754,0.08396946564885496
s vocita h tablet,6.825595443939102e-05,0.9317279256442754,0.08396946564885496
s vocita ls tablet,6.825595443939102e-05,0.9317279256442754,0.08396946564885496
s vocita plus 0.5 mg/10 mg tablet,6.825595443939102e-05,0.9317279256442754,0.08396946564885496
s-cuf syrup,9.007234941820291e-05,0.9205275899490776,0.061068702290076333
safenac trio 100mg/325mg/37.5mg tablet,2.123200353441007e-05,0.8350624763347217,0.06870229007633588
safrodol 50mg tablet,5.8860647739280435e-06,0.8331696259916888,0.03816793893129771
safrodol p 325 mg/37.5 mg tablet,1.073315002030881e-05,0.8348095995154818,0.05343511450381679
saftidol 37.5mg/325mg tablet,3.134616001256474e-05,0.8407929851315288,0.11450381679389313
saidol 100mg injection,5.8860647739280435e-06,0.8331696259916888,0.03816793893129771
san morf 10mg tablet,9.597286009123102e-05,0.9205275899490776,0.061068702290076333
san morf 30mg tablet,9.597286009123102e-05,0.9205275899490776,0.061068702290076333
sancita forte 10mg/0.5mg tablet,6.825595443939102e-05,0.9317279256442754,0.08396946564885496
sancita plus 0.25mg/5mg tablet,6.825595443939102e-05,0.9317279256442754,0.08396946564885496
sandol p 37.5mg/325mg tablet,3.134616001256474e-05,0.8407929851315288,0.11450381679389313
sanmin 2 tablet,1.602404439539721e-05,0.800508166969147,0.0916030534351145
sanmin 5mg/25mg tablet,1.602404439539721e-05,0.800508166969147,0.0916030534351145
sanocet-p tablet,3.134616001256474e-05,0.8407929851315288,0.11450381679389313
sanprax 0.25mg tablet,6.280763361236917e-07,0.6846941943495809,0.015267175572519083
sanprax 0.5mg tablet,6.280763361236917e-07,0.6846941943495809,0.015267175572519083
sanprax f 0.25mg/20mg tablet,6.825595443939102e-05,0.9317279256442754,0.08396946564885496
sanxit plus 0.5mg/10mg tablet,6.825595443939102e-05,0.9317279256442754,0.08396946564885496
satpam-plus tablet,6.825595443939102e-05,0.9317279256442754,0.08396946564885496
sbrine c 135mg/5mg tablet,5.823643848773817e-05,0.9423980856337065,0.061068702290076333
sc plus 0.5mg/10mg tablet,6.825595443939102e-05,0.9317279256442754,0.08396946564885496
scipdep cz 0.5mg/10mg tablet,6.825595443939102e-05,0.9317279256442754,0.08396946564885496
scitarel forte 0.5mg/10mg tablet,6.825595443939102e-05,0.9317279256442754,0.08396946564885496
scitarel lite 0.25mg/10mg tablet,6.825595443939102e-05,0.9317279256442754,0.08396946564885496
scitarel plus 0.5mg/5mg tablet,6.825595443939102e-05,0.9317279256442754,0.08396946564885496
scm lite 0.5mg/10mg tablet,6.825595443939102e-05,0.9317279256442754,0.08396946564885496
scudol p 50mg/500mg tablet,3.134616001256474e-05,0.8407929851315288,0.11450381679389313
seacalm tablet,6.013519816155538e-05,0.8662895749862519,0.10687022900763359
sebenz 10mg tablet,3.9616768675442404e-05,0.8518346852066435,0.13740458015267176
sebenz 5mg tablet,3.9616768675442404e-05,0.8518346852066435,0.13740458015267176
secozam 10mg tablet,3.9616768675442404e-05,0.8518346852066435,0.13740458015267176
secozam 5mg tablet,3.9616768675442404e-05,0.8518346852066435,0.13740458015267176
secremax tablet,4.2879673447075457e-05,0.8801181259478011,0.08396946564885496
sedate 100mg injection,5.8860647739280435e-06,0.8331696259916888,0.03816793893129771
sedipam 10mg tablet,4.204496272169002e-05,0.917006237006237,0.04580152671755725
sedopee 10mg tablet,2.013277755628682e-05,0.83925717330086,0.0916030534351145
sedose tablet,7.844086586140786e-06,0.7070856043603719,0.030534351145038167
seizcalm 10mg tablet,3.9616768675442404e-05,0.8518346852066435,0.13740458015267176
seizcalm 5mg tablet,3.9616768675442404e-05,0.8518346852066435,0.13740458015267176
selam 0.5mg tablet,6.280763361236917e-07,0.6846941943495809,0.015267175572519083
seline-a tablet,6.825595443939102e-05,0.9317279256442754,0.08396946564885496
semanfinil 200 tablet,3.5279823182101205e-05,0.7998114165518242,0.07633587786259542
semidol p 37.5mg/325mg tablet,3.134616001256474e-05,0.8407929851315288,0.11450381679389313
sensotram 37.5mg/325mg tablet,3.134616001256474e-05,0.8407929851315288,0.11450381679389313
sentral plus 0.25 mg/25 mg tablet,6.825595443939102e-05,0.9317279256442754,0.08396946564885496
serdos-plus tablet,6.825595443939102e-05,0.9317279256442754,0.08396946564885496
serecon tablet,3.208398501504382e-05,0.8742567192579085,0.07633587786259542
serecon-d tablet,4.2879673447075457e-05,0.8801181259478011,0.08396946564885496
serecon-m tablet,5.823643848773817e-05,0.9423980856337065,0.061068702290076333
serelib 10mg tablet,9.819845268302474e-05,0.9658404134185863,0.061068702290076333
serelib 25mg tablet,9.819845268302474e-05,0.9658404134185863,0.061068702290076333
serepax 15mg tablet,0.00010935424219529099,0.7973823125316364,0.061068702290076333
serepax 30mg tablet,0.00010935424219529099,0.7973823125316364,0.061068702290076333
serepose 2 tablet,6.013519816155538e-05,0.8662895749862519,0.10687022900763359
serepose tablet,6.013519816155538e-05,0.8662895749862519,0.10687022900763359
sertamax 0.5mg/50mg tablet,6.825595443939102e-05,0.9317279256442754,0.08396946564885496
setdew tablet,3.134616001256474e-05,0.8407929851315288,0.11450381679389313
setex a 0.5mg/50mg tablet,6.825595443939102e-05,0.9317279256442754,0.08396946564885496
setoxlin plus 12.5mg/0.5mg tablet,6.825595443939102e-05,0.9317279256442754,0.08396946564885496
setoxlin plus 25mg/0.5mg tablet,6.825595443939102e-05,0.9317279256442754,0.08396946564885496
setspass cc tablet,4.2879673447075457e-05,0.8801181259478011,0.08396946564885496
sezam 10mg tablet,3.9616768675442404e-05,0.8518346852066435,0.13740458015267176
sezam 5mg tablet,3.9616768675442404e-05,0.8518346852066435,0.13740458015267176
sezan 10mg/1mg tablet,6.013519816155538e-05,0.8662895749862519,0.10687022900763359
sezol plus 0.5mg/50mg tablet,6.825595443939102e-05,0.9317279256442754,0.08396946564885496
sezolep 0.5mg tablet,5.1476376818324204e-05,0.9656712496716,0.04580152671755725
sezopam 0.5mg tablet,5.1476376818324204e-05,0.9656712496716,0.04580152671755725
sezopam 1mg tablet,5.1476376818324204e-05,0.9656712496716,0.04580152671755725
sezopam 2mg tablet,5.1476376818324204e-05,0.9656712496716,0.04580152671755725
sezopam tablet md,5.1476376818324204e-05,0.9656712496716,0.04580152671755725
shant 0.5mg tablet,6.280763361236917e-07,0.6846941943495809,0.015267175572519083
shanti 0.25mg tablet,6.280763361236917e-07,0.6846941943495809,0.015267175572519083
shanti 0.5mg tablet,6.280763361236917e-07,0.6846941943495809,0.015267175572519083
shinosun 30mg tablet,0.00016780563172365945,0.977657593758312,0.09923664122137404
shipam 5mg injection,2.7728151452124645e-05,0.73744399117234,0.030534351145038167
shortal 1mg/ml injection,9.307647443867082e-05,0.9136631038197034,0.061068702290076333
shricalm 10mg/1mg tablet,6.013519816155538e-05,0.8662895749862519,0.10687022900763359
sigmadol 50mg injection,5.8860647739280435e-06,0.8331696259916888,0.03816793893129771
sigmadol p 325mg/37.5mg tablet,1.073315002030881e-05,0.8348095995154818,0.05343511450381679
sigpar plus 12.5mg/0.5mg tablet,6.825595443939102e-05,0.9317279256442754,0.08396946564885496
silam 0.25mg tablet,6.280763361236917e-07,0.6846941943495809,0.015267175572519083
silital plus 0.5mg/10mg tablet,6.825595443939102e-05,0.9317279256442754,0.08396946564885496
sinact cs syrup,9.007234941820291e-05,0.9205275899490776,0.061068702290076333
sinodol p 37.5mg/325mg tablet,3.134616001256474e-05,0.8407929851315288,0.11450381679389313
sipospas tablet,4.2879673447075457e-05,0.8801181259478011,0.08396946564885496
siron plus 0.25 mg/20 mg tablet,1.6745408863379544e-05,0.7151566249432518,0.061068702290076333
sizamat 10mg tablet md,3.9616768675442404e-05,0.8518346852066435,0.13740458015267176
sizamat 5mg tablet md,3.9616768675442404e-05,0.8518346852066435,0.13740458015267176
sizonorm forte tablet,8.719767304795018e-05,0.8709422636442619,0.12213740458015267
slanate 10mg tablet,2.013277755628682e-05,0.83925717330086,0.0916030534351145
slanate 5mg tablet,2.013277755628682e-05,0.83925717330086,0.0916030534351145
sledge 5mg/2.5mg tablet,3.208398501504382e-05,0.8742567192579085,0.07633587786259542
sleep 0.25mg tablet,6.280763361236917e-07,0.6846941943495809,0.015267175572519083
sleep 0.5mg tablet,6.280763361236917e-07,0.6846941943495809,0.015267175572519083
sleep well 10mg tablet,2.013277755628682e-05,0.83925717330086,0.0916030534351145
sleepam 0.5mg tablet,6.280763361236917e-07,0.6846941943495809,0.015267175572519083
sleeparm 10mg tablet,4.204496272169002e-05,0.917006237006237,0.04580152671755725
sleepdex 5mg tablet,9.819845268302474e-05,0.9658404134185863,0.061068702290076333
sleepex 0.25mg tablet,6.280763361236917e-07,0.6846941943495809,0.015267175572519083
sleepwell 0.25mg tablet,6.280763361236917e-07,0.6846941943495809,0.015267175572519083
sleepwell 0.5mg tablet,6.280763361236917e-07,0.6846941943495809,0.015267175572519083
sleepwell-s 0.25mg/50mg tablet,6.825595443939102e-05,0.9317279256442754,0.08396946564885496
slona plus 0.5mg/10mg tablet,6.825595443939102e-05,0.9317279256442754,0.08396946564885496
snigdol 37.5mg/325mg tablet,3.134616001256474e-05,0.8407929851315288,0.11450381679389313
snooze-plus tablet,6.825595443939102e-05,0.9317279256442754,0.08396946564885496
snotril 0.25mg tablet,5.1476376818324204e-05,0.9656712496716,0.04580152671755725
snotril 0.5mg tablet,5.1476376818324204e-05,0.9656712496716,0.04580152671755725
snudep plus 0.5mg/10mg tablet,6.825595443939102e-05,0.9317279256442754,0.08396946564885496
sobrium 10mg tablet,2.013277755628682e-05,0.83925717330086,0.0916030534351145
sobrium 5mg tablet,2.013277755628682e-05,0.83925717330086,0.0916030534351145
solace 0.25mg tablet,6.280763361236917e-07,0.6846941943495809,0.015267175572519083
solibs 5mg/2.5mg tablet,3.208398501504382e-05,0.8742567192579085,0.07633587786259542
solitrap 37.5mg/325mg tablet,3.134616001256474e-05,0.8407929851315288,0.11450381679389313
sololive plus 0.5mg/10mg tablet,6.825595443939102e-05,0.9317279256442754,0.08396946564885496
sololive plus 0.5mg/5mg tablet,6.825595443939102e-05,0.9317279256442754,0.08396946564885496
solpram plus 0.5mg/10mg tablet,6.825595443939102e-05,0.9317279256442754,0.08396946564885496
solzam 10mg tablet,3.9616768675442404e-05,0.8518346852066435,0.13740458015267176
solzam 10mg tablet md,3.9616768675442404e-05,0.8518346852066435,0.13740458015267176
solzam 20 mg tablet,3.9616768675442404e-05,0.8518346852066435,0.13740458015267176
solzam 5mg tablet,3.9616768675442404e-05,0.8518346852066435,0.13740458015267176
some plus 25mg/10mg tablet,1.602404439539721e-05,0.800508166969147,0.0916030534351145
sommeil 0.5mg tablet,5.1476376818324204e-05,0.9656712496716,0.04580152671755725
sommeil 1mg tablet,5.1476376818324204e-05,0.9656712496716,0.04580152671755725
sommeil-es 0.5mg/10mg tablet,6.825595443939102e-05,0.9317279256442754,0.08396946564885496
somnid 10 tablet,2.013277755628682e-05,0.83925717330086,0.0916030534351145
somnisure m 3mg/5mg tablet,7.232130913750101e-05,0.931255806097458,0.03816793893129771
somnotril 0.5mg tablet,5.1476376818324204e-05,0.9656712496716,0.04580152671755725
sonal 30 tablet,0.00016780563172365945,0.977657593758312,0.09923664122137404
sonal 60mg tablet,0.00016780563172365945,0.977657593758312,0.09923664122137404
sonazep 0.5mg tablet,5.1476376818324204e-05,0.9656712496716,0.04580152671755725
sonip 10mg tablet,4.204496272169002e-05,0.917006237006237,0.04580152671755725
sonip 5mg tablet,4.204496272169002e-05,0.917006237006237,0.04580152671755725
sopam 2mg tablet,7.844086586140786e-06,0.7070856043603719,0.030534351145038167
sopam 5mg tablet,7.844086586140786e-06,0.7070856043603719,0.030534351145038167
sopor 10mg tablet,4.204496272169002e-05,0.917006237006237,0.04580152671755725
sopor 5mg tablet,4.204496272169002e-05,0.917006237006237,0.04580152671755725
sothrex c syrup,9.007234941820291e-05,0.9205275899490776,0.061068702290076333
sove 10mg tablet,2.013277755628682e-05,0.83925717330086,0.0916030534351145
sove 5mg tablet,2.013277755628682e-05,0.83925717330086,0.0916030534351145
sove it 12.5mg tablet,2.013277755628682e-05,0.83925717330086,0.0916030534351145
sove it 6.25 tablet er,2.013277755628682e-05,0.83925717330086,0.0916030534351145
sowel 0.25mg tablet,6.280763361236917e-07,0.6846941943495809,0.015267175572519083
soza 10mg tablet,2.013277755628682e-05,0.83925717330086,0.0916030534351145
soza 12.5mg tablet er,2.013277755628682e-05,0.83925717330086,0.0916030534351145
soza 5mg tablet,2.013277755628682e-05,0.83925717330086,0.0916030534351145
spantril beta .25 tablet,1.6745408863379544e-05,0.7151566249432518,0.061068702290076333
spantril-md 0.25 tablet,5.1476376818324204e-05,0.9656712496716,0.04580152671755725
spantril-md 0.5 tablet,5.1476376818324204e-05,0.9656712496716,0.04580152671755725
spasbal 2.5 mg/5 mg/10 mg tablet,4.2879673447075457e-05,0.8801181259478011,0.08396946564885496
spasburg-d tablet,4.2879673447075457e-05,0.8801181259478011,0.08396946564885496
spasmcare d tablet,9.069030077440046e-06,0.7335195902348167,0.05343511450381679
spasmindon injection,0.00010729860528557271,0.9729992058589959,0.05343511450381679
spasmindon tablet,2.0604683286267242e-05,0.8378542663931312,0.07633587786259542
spasmo acidion tablet,2.0604683286267242e-05,0.8378542663931312,0.07633587786259542
spasmo neurovon capsule,9.069030077440046e-06,0.7335195902348167,0.05343511450381679
spasmo-proxyvon plus capsule,1.0755317242085759e-05,0.7336171911383141,0.061068702290076333
spasmocip plus capsule,9.069030077440046e-06,0.7335195902348167,0.05343511450381679
spasmol tablet,9.069030077440046e-06,0.7335195902348167,0.05343511450381679
spasmon capsule,9.069030077440046e-06,0.7335195902348167,0.05343511450381679
spaspokran capsule,1.0755317242085759e-05,0.7336171911383141,0.061068702290076333
spasrax tablet,3.208398501504382e-05,0.8742567192579085,0.07633587786259542
spasrem 2.5mg/5mg/10mg tablet,4.2879673447075457e-05,0.8801181259478011,0.08396946564885496
spasril tablet,3.208398501504382e-05,0.8742567192579085,0.07633587786259542
spasteez tablet,1.0755317242085759e-05,0.7336171911383141,0.061068702290076333
spram-cz tablet,6.825595443939102e-05,0.9317279256442754,0.08396946564885496
sputnix c syrup,9.007234941820291e-05,0.9205275899490776,0.061068702290076333
sri cz 0.25 mg/10 mg tablet,6.825595443939102e-05,0.9317279256442754,0.08396946564885496
stable 0.25mg/20mg tablet,1.6745408863379544e-05,0.7151566249432518,0.061068702290076333
stadol p 37.5mg/325mg tablet,3.134616001256474e-05,0.8407929851315288,0.11450381679389313
stalace-tr tablet,2.123200353441007e-05,0.8350624763347217,0.06870229007633588
stalopam lite tablet,6.825595443939102e-05,0.9317279256442754,0.08396946564885496
stalopam miniplus tablet,6.825595443939102e-05,0.9317279256442754,0.08396946564885496
stalopam plus tablet,6.825595443939102e-05,0.9317279256442754,0.08396946564885496
stamur tablet,4.2879673447075457e-05,0.8801181259478011,0.08396946564885496
stanla-forte tablet,6.825595443939102e-05,0.9317279256442754,0.08396946564885496
stanla-h tablet,6.825595443939102e-05,0.9317279256442754,0.08396946564885496
stanla-plus tablet,6.825595443939102e-05,0.9317279256442754,0.08396946564885496
starboel 2.5mg/5mg/10mg tablet,4.2879673447075457e-05,0.8801181259478011,0.08396946564885496
starlium 10mg injection,2.7728151452124645e-05,0.73744399117234,0.030534351145038167
stayhappi amitriptyline+chlordiazepoxide 12.5mg/5mg tablet,1.602404439539721e-05,0.800508166969147,0.0916030534351145
stayhappi clidinium+chlordiazepoxide+dicyclomine 2.5mg/5mg/10mg tablet,4.2879673447075457e-05,0.8801181259478011,0.08396946564885496
stayhappi clobazam 10mg tablet,3.9616768675442404e-05,0.8518346852066435,0.13740458015267176
stayhappi clobazam 5mg tablet,3.9616768675442404e-05,0.8518346852066435,0.13740458015267176
stayhappi clonazepam 0.25mg tablet,5.1476376818324204e-05,0.9656712496716,0.04580152671755725
stayhappi clonazepam 0.5mg tablet,5.1476376818324204e-05,0.9656712496716,0.04580152671755725
stayhappi clonazepam+escitalopram oxalate 0.25mg/10mg tablet,6.825595443939102e-05,0.9317279256442754,0.08396946564885496
stayhappi lorazepam 1mg tablet,1.052004745655686e-06,0.7050060737804488,0.030534351145038167
stayhappi lorazepam 2mg tablet,4.422707264527638e-06,0.7177634576580095,0.030534351145038167
stayhappi tramadol 100mg injection,5.8860647739280435e-06,0.8331696259916888,0.03816793893129771
stayhappi tramadol 100mg tablet,5.8860647739280435e-06,0.8331696259916888,0.03816793893129771
stayhappi tramadol+paracetamol 37.5mg/325mg tablet,3.134616001256474e-05,0.8407929851315288,0.11450381679389313
stemadol plus 650 mg/37.5 mg tablet,1.073315002030881e-05,0.8348095995154818,0.05343511450381679
sterpam 10mg injection,2.7728151452124645e-05,0.73744399117234,0.030534351145038167
sterwin 30mg injection,8.787490928961126e-05,0.9510133678309616,0.061068702290076333
stilnite 5mg capsule,5.5344062806309663e-05,0.7689143016526044,0.030534351145038167
stilnoct 12.5mg tablet,2.013277755628682e-05,0.83925717330086,0.0916030534351145
stilnoct 6.25mg tablet,2.013277755628682e-05,0.83925717330086,0.0916030534351145
stilo 0.5mg tablet,6.280763361236917e-07,0.6846941943495809,0.015267175572519083
stradol 50mg capsule,5.8860647739280435e-06,0.8331696259916888,0.03816793893129771
stradol p 325 mg/37.5 mg tablet,1.073315002030881e-05,0.8348095995154818,0.05343511450381679
stresnil plus 0.25mg/10mg tablet,6.825595443939102e-05,0.9317279256442754,0.08396946564885496
stresnil plus 0.25mg/5mg tablet,6.825595443939102e-05,0.9317279256442754,0.08396946564885496
stresnil plus 0.5mg/10mg tablet,6.825595443939102e-05,0.9317279256442754,0.08396946564885496
stresnil plus 0.5mg/5mg tablet,6.825595443939102e-05,0.9317279256442754,0.08396946564885496
stresnil rf 0.25 tablet,6.280763361236917e-07,0.6846941943495809,0.015267175572519083
stresnil rf 0.5 tablet,6.280763361236917e-07,0.6846941943495809,0.015267175572519083
stressban 0.5mg tablet,6.280763361236917e-07,0.6846941943495809,0.015267175572519083
stynac t 37.5mg/325mg tablet,3.134616001256474e-05,0.8407929851315288,0.11450381679389313
sultan 37.5mg/325mg tablet,3.134616001256474e-05,0.8407929851315288,0.11450381679389313
sunace t 37.5mg/325mg tablet,3.134616001256474e-05,0.8407929851315288,0.11450381679389313
supergin fast 325 mg/37.5 mg tablet,1.073315002030881e-05,0.8348095995154818,0.05343511450381679
supkof t syrup,9.007234941820291e-05,0.9205275899490776,0.061068702290076333
supridol 100mg injection,5.8860647739280435e-06,0.8331696259916888,0.03816793893129771
supridol 100mg suppository,5.8860647739280435e-06,0.8331696259916888,0.03816793893129771
supridol 50mg capsule,5.8860647739280435e-06,0.8331696259916888,0.03816793893129771
supridol 50mg injection,5.8860647739280435e-06,0.8331696259916888,0.03816793893129771
supro plus 0.25mg/20mg tablet,1.6745408863379544e-05,0.7151566249432518,0.061068702290076333
surex 5mg/2.5mg tablet,3.208398501504382e-05,0.8742567192579085,0.07633587786259542
surex d tablet,4.2879673447075457e-05,0.8801181259478011,0.08396946564885496
surtalo forte 0.5mg/10mg tablet,6.825595443939102e-05,0.9317279256442754,0.08396946564885496
surtalo plus 0.5mg/5mg tablet,6.825595443939102e-05,0.9317279256442754,0.08396946564885496
susevin 30mg injection,8.787490928961126e-05,0.9510133678309616,0.061068702290076333
sycodep 2 mg/25 mg tablet,1.602404439539721e-05,0.800508166969147,0.0916030534351145
sycose 10 mg/1 mg tablet,6.013519816155538e-05,0.8662895749862519,0.10687022900763359
sydol p 50mg/325mg tablet,3.134616001256474e-05,0.8407929851315288,0.11450381679389313
sympam 0.5mg tablet,5.1476376818324204e-05,0.9656712496716,0.04580152671755725
sympara t 37.5mg/325mg tablet,3.134616001256474e-05,0.8407929851315288,0.11450381679389313
synapse-ec tablet,6.825595443939102e-05,0.9317279256442754,0.08396946564885496
synclona-md tablet,5.1476376818324204e-05,0.9656712496716,0.04580152671755725
synozolam 0.5mg tablet,6.280763361236917e-07,0.6846941943495809,0.015267175572519083
syntram injection,5.8860647739280435e-06,0.8331696259916888,0.03816793893129771
sypam 0.5mg tablet,5.1476376818324204e-05,0.9656712496716,0.04580152671755725
syscopam 0.5mg tablet md,5.1476376818324204e-05,0.9656712496716,0.04580152671755725
syscopam 1mg tablet,5.1476376818324204e-05,0.9656712496716,0.04580152671755725
syscopam p tablet 0.25mg/10mg,1.6745408863379544e-05,0.7151566249432518,0.061068702290076333
syziral 2.5 mg/20 mg tablet,1.6745408863379544e-05,0.7151566249432518,0.061068702290076333
syzol 5mg tablet,2.013277755628682e-05,0.83925717330086,0.0916030534351145
szetalo ls tablet,6.825595443939102e-05,0.9317279256442754,0.08396946564885496
szetalo plus 5 tablet,6.825595443939102e-05,0.9317279256442754,0.08396946564885496
szetalo plus md tablet,6.825595443939102e-05,0.9317279256442754,0.08396946564885496
szetalo plus tablet,6.825595443939102e-05,0.9317279256442754,0.08396946564885496
t dol 37.5mg/325mg tablet,3.134616001256474e-05,0.8407929851315288,0.11450381679389313
t lor 1mg tablet,1.052004745655686e-06,0.7050060737804488,0.030534351145038167
t lor 2mg tablet,4.422707264527638e-06,0.7177634576580095,0.030534351145038167
t para 37.5mg/325mg tablet,3.134616001256474e-05,0.8407929851315288,0.11450381679389313
t up tablet,1.073315002030881e-05,0.8348095995154818,0.05343511450381679
t-flex tablet,3.134616001256474e-05,0.8407929851315288,0.11450381679389313
tacil 500 mg/37.5 mg tablet,1.073315002030881e-05,0.8348095995154818,0.05343511450381679
talendep forte tablet,1.602404439539721e-05,0.800508166969147,0.0916030534351145
talendep plus tablet,1.602404439539721e-05,0.800508166969147,0.0916030534351145
talo cz 0.5 mg/10 mg tablet,6.825595443939102e-05,0.9317279256442754,0.08396946564885496
talo-plus tablet,6.825595443939102e-05,0.9317279256442754,0.08396946564885496
talopram-plus tablet,6.825595443939102e-05,0.9317279256442754,0.08396946564885496
taloprex ls 10 mg tablet,6.825595443939102e-05,0.9317279256442754,0.08396946564885496
taloprex ls 5 mg tablet,6.825595443939102e-05,0.9317279256442754,0.08396946564885496
taloprex plus 10 tablet,6.825595443939102e-05,0.9317279256442754,0.08396946564885496
taloprex plus 20 mg tablet,6.825595443939102e-05,0.9317279256442754,0.08396946564885496
taloprex plus 5 mg tablet,6.825595443939102e-05,0.9317279256442754,0.08396946564885496
talza 10 tablet,3.9616768675442404e-05,0.8518346852066435,0.13740458015267176
tamadol p tablet,1.073315002030881e-05,0.8348095995154818,0.05343511450381679
tancodep 2mg/25mg tablet,1.602404439539721e-05,0.800508166969147,0.0916030534351145
tancodep 5mg/25mg tablet,1.602404439539721e-05,0.800508166969147,0.0916030534351145
tandil 5mg/25mg tablet,1.602404439539721e-05,0.800508166969147,0.0916030534351145
tanzepam 1mg tablet,1.052004745655686e-06,0.7050060737804488,0.030534351145038167
tanzepam 2mg tablet,4.422707264527638e-06,0.7177634576580095,0.030534351145038167
tapdol p 37.5mg/325mg tablet,3.134616001256474e-05,0.8407929851315288,0.11450381679389313
taron p 500mg/25mg tablet,1.073315002030881e-05,0.8348095995154818,0.05343511450381679
taxidol 100mg/37.5mg tablet,2.123200353441007e-05,0.8350624763347217,0.06870229007633588
tazowin injection,8.787490928961126e-05,0.9510133678309616,0.061068702290076333
tdol plus 500 mg/50 mg tablet,1.073315002030881e-05,0.8348095995154818,0.05343511450381679
tdset-p tablet,3.134616001256474e-05,0.8407929851315288,0.11450381679389313
tdx plus 325 mg/37.5 mg tablet,1.073315002030881e-05,0.8348095995154818,0.05343511450381679
tedykoff cough syrup,0.00011035088979160709,0.971285122875011,0.061068702290076333
tedykoff lx 1.5mg/5ml/1.5mg/5ml linctus,0.00011035088979160709,0.971285122875011,0.061068702290076333
telpram cz 0.5mg/10mg tablet,6.825595443939102e-05,0.9317279256442754,0.08396946564885496
temadol p tablet,3.134616001256474e-05,0.8407929851315288,0.11450381679389313
temper 325mg/37.5mg tablet,1.073315002030881e-05,0.8348095995154818,0.05343511450381679
ten 0.5mg tablet,6.280763361236917e-07,0.6846941943495809,0.015267175572519083
tenan 0.25mg tablet,6.280763361236917e-07,0.6846941943495809,0.015267175572519083
tencalm tablet,1.6745408863379544e-05,0.7151566249432518,0.061068702290076333
tenec 2.5 mg/20 mg tablet,1.6745408863379544e-05,0.7151566249432518,0.061068702290076333
tenrid 0.5mg tablet,6.280763361236917e-07,0.6846941943495809,0.015267175572519083
tensfree 0.25mg tablet,6.280763361236917e-07,0.6846941943495809,0.015267175572519083
tensfree 0.5mg tablet,6.280763361236917e-07,0.6846941943495809,0.015267175572519083
tensinil 1 mg/10 mg tablet,6.013519816155538e-05,0.8662895749862519,0.10687022900763359
tensnil capsule,3.9616768675442404e-05,0.8518346852066435,0.13740458015267176
tenso-p 0.25mg/20mg tablet,1.6745408863379544e-05,0.7151566249432518,0.061068702290076333
tensyn az 2.5 mg/20 mg tablet,1.6745408863379544e-05,0.7151566249432518,0.061068702290076333
tensyn az m 0.25 mg/10 mg tablet,1.6745408863379544e-05,0.7151566249432518,0.061068702290076333
tensyn cl 0.25mg/20mg tablet,1.6745408863379544e-05,0.7151566249432518,0.061068702290076333
tensyn plus 2.5 mg/20 mg tablet,1.6745408863379544e-05,0.7151566249432518,0.061068702290076333
tenzo 0.25mg tablet,6.280763361236917e-07,0.6846941943495809,0.015267175572519083
tenzole 0.25mg tablet,6.280763361236917e-07,0.6846941943495809,0.015267175572519083
teratri c 10mg/1mg tablet,6.013519816155538e-05,0.8662895749862519,0.10687022900763359
termeg 50mg capsule,5.8860647739280435e-06,0.8331696259916888,0.03816793893129771
termin 15mg injection,0.00012034647670295245,0.4834495155421106,0.030534351145038167
termin 30mg injection,0.00012034647670295245,0.4834495155421106,0.030534351145038167
termiva injection,0.00012034647670295245,0.4834495155421106,0.030534351145038167
terox 10 mg/1 mg tablet,6.013519816155538e-05,0.8662895749862519,0.10687022900763359
tesla plus tablet,6.825595443939102e-05,0.9317279256442754,0.08396946564885496
tespram forte tablet,6.825595443939102e-05,0.9317279256442754,0.08396946564885496
texidep 0.25mg tablet,6.280763361236917e-07,0.6846941943495809,0.015267175572519083
texidep 0.5mg tablet,6.280763361236917e-07,0.6846941943495809,0.015267175572519083
texidep 0.5mg tablet sr,6.280763361236917e-07,0.6846941943495809,0.015267175572519083
texina 1mg tablet,1.052004745655686e-06,0.7050060737804488,0.030534351145038167
texina 2mg tablet,4.422707264527638e-06,0.7177634576580095,0.030534351145038167
themidol 50mg/ml injection,5.8860647739280435e-06,0.8331696259916888,0.03816793893129771
theodep 2 mg/25 mg tablet,1.602404439539721e-05,0.800508166969147,0.0916030534351145
thiopental 1gm injection,5.270511229992787e-05,0.8756451997141269,0.05343511450381679
thiopental 500mg injection,5.270511229992787e-05,0.8756451997141269,0.05343511450381679
thiosol 1 gm injection,5.270511229992787e-05,0.8756451997141269,0.05343511450381679
thiosol 500 mg injection,5.270511229992787e-05,0.8756451997141269,0.05343511450381679
thiosol injection,5.270511229992787e-05,0.8756451997141269,0.05343511450381679
thipen 500mg injection,5.270511229992787e-05,0.8756451997141269,0.05343511450381679
tidigesic 0.2mg tablet,5.145131322500262e-05,0.8054196187276312,0.08396946564885496
tinety plus 12.5mg/0.5mg tablet er,6.825595443939102e-05,0.9317279256442754,0.08396946564885496
tiraj tablet,1.073315002030881e-05,0.8348095995154818,0.05343511450381679
tiskytas syrup,0.00011035088979160709,0.971285122875011,0.061068702290076333
tiza 0.25mg tablet,6.280763361236917e-07,0.6846941943495809,0.015267175572519083
tiza 0.5mg tablet,6.280763361236917e-07,0.6846941943495809,0.015267175572519083
tizax 0.25 mg/20 mg tablet,1.6745408863379544e-05,0.7151566249432518,0.061068702290076333
tizolam 0.5mg tablet,6.280763361236917e-07,0.6846941943495809,0.015267175572519083
tmd 50mg injection,5.8860647739280435e-06,0.8331696259916888,0.03816793893129771
tmol 37.5mg/325mg tablet,3.134616001256474e-05,0.8407929851315288,0.11450381679389313
todol p tablet,1.073315002030881e-05,0.8348095995154818,0.05343511450381679
toff lix syrup,0.00011035088979160709,0.971285122875011,0.061068702290076333
toficalm 50 tablet,8.28164989243937e-06,0.7093599228047603,0.03816793893129771
tofiryd 50 tablet,8.28164989243937e-06,0.7093599228047603,0.03816793893129771
tofisern 100mg tablet,8.28164989243937e-06,0.7093599228047603,0.03816793893129771
tofisern 50mg tablet,8.28164989243937e-06,0.7093599228047603,0.03816793893129771
toframine 2 mg/25 mg tablet,1.602404439539721e-05,0.800508166969147,0.0916030534351145
tofypeace 50 tablet,8.28164989243937e-06,0.7093599228047603,0.03816793893129771
tol a 325 mg/37.5 mg tablet,1.073315002030881e-05,0.8348095995154818,0.05343511450381679
tolrina 100mg tablet,8.28164989243937e-06,0.7093599228047603,0.03816793893129771
tolrina 50mg tablet,8.28164989243937e-06,0.7093599228047603,0.03816793893129771
tolydol tablet,1.073315002030881e-05,0.8348095995154818,0.05343511450381679
topdol 100mg tablet sr,5.8860647739280435e-06,0.8331696259916888,0.03816793893129771
topex-cd syrup,9.007234941820291e-05,0.9205275899490776,0.061068702290076333
topspas 20 mg/500 mg/37.5 mg tablet,1.0755317242085759e-05,0.7336171911383141,0.061068702290076333
torinib tablet,3.134616001256474e-05,0.8407929851315288,0.11450381679389313
tossex antitussive cough syrup,9.007234941820291e-05,0.9205275899490776,0.061068702290076333
tossex t syrup,9.007234941820291e-05,0.9205275899490776,0.061068702290076333
tozine 30mg injection,8.787490928961126e-05,0.9510133678309616,0.061068702290076333
tp dol 325mg/37.5mg tablet,1.073315002030881e-05,0.8348095995154818,0.05343511450381679
tp-care tablet,3.134616001256474e-05,0.8407929851315288,0.11450381679389313
tp-flam tablet,3.134616001256474e-05,0.8407929851315288,0.11450381679389313
tpmol 37.5mg/325mg tablet,3.134616001256474e-05,0.8407929851315288,0.11450381679389313
tpt tablet,1.073315002030881e-05,0.8348095995154818,0.05343511450381679
traben-pr tablet,5.8860647739280435e-06,0.8331696259916888,0.03816793893129771
trabest 325mg/37.5mg tablet,1.073315002030881e-05,0.8348095995154818,0.05343511450381679
tracemol tablet,3.134616001256474e-05,0.8407929851315288,0.11450381679389313
tracet 325 mg/37.5 mg tablet,1.073315002030881e-05,0.8348095995154818,0.05343511450381679
traceta 325 mg/37.5 mg tablet,1.073315002030881e-05,0.8348095995154818,0.05343511450381679
trado 325mg/37.5mg tablet,1.073315002030881e-05,0.8348095995154818,0.05343511450381679
tradol 50mg injection,5.8860647739280435e-06,0.8331696259916888,0.03816793893129771
tradol plus 37.5mg/500mg tablet,3.134616001256474e-05,0.8407929851315288,0.11450381679389313
tralgia p 37.5mg/325mg tablet,3.134616001256474e-05,0.8407929851315288,0.11450381679389313
tralocet 325mg/37.5mg tablet,1.073315002030881e-05,0.8348095995154818,0.05343511450381679
tralofen tablet sr,2.123200353441007e-05,0.8350624763347217,0.06870229007633588
tram p 325 mg/37.5 mg tablet,1.073315002030881e-05,0.8348095995154818,0.05343511450381679
tram proxyvon 325 mg/37.5 mg capsule,1.073315002030881e-05,0.8348095995154818,0.05343511450381679
trama 100mg tablet sr,5.8860647739280435e-06,0.8331696259916888,0.03816793893129771
trama 50mg tablet,5.8860647739280435e-06,0.8331696259916888,0.03816793893129771
trama p 500 mg/50 mg tablet,1.073315002030881e-05,0.8348095995154818,0.05343511450381679
trama plus 325 mg/37.5 mg tablet,1.073315002030881e-05,0.8348095995154818,0.05343511450381679
tramabit p tablet,1.073315002030881e-05,0.8348095995154818,0.05343511450381679
tramacad 50mg injection,5.8860647739280435e-06,0.8331696259916888,0.03816793893129771
tramacad p 325 mg/37.5 mg tablet,1.073315002030881e-05,0.8348095995154818,0.05343511450381679
tramacad plus 500 mg/50 mg tablet,1.073315002030881e-05,0.8348095995154818,0.05343511450381679
tramacel p 50mg/325mg tablet,3.134616001256474e-05,0.8407929851315288,0.11450381679389313
tramacet 325 mg/37.5 mg tablet,1.073315002030881e-05,0.8348095995154818,0.05343511450381679
tramacet 37.5mg/325mg tablet,3.134616001256474e-05,0.8407929851315288,0.11450381679389313
tramacin-p tablet,3.134616001256474e-05,0.8407929851315288,0.11450381679389313
tramacip 100mg tablet sr,5.8860647739280435e-06,0.8331696259916888,0.03816793893129771
tramacip 50mg capsule,5.8860647739280435e-06,0.8331696259916888,0.03816793893129771
tramacip plus 325 mg/37.5 mg tablet,1.073315002030881e-05,0.8348095995154818,0.05343511450381679
tramacon 100mg tablet sr,5.8860647739280435e-06,0.8331696259916888,0.03816793893129771
tramacon 50mg tablet,5.8860647739280435e-06,0.8331696259916888,0.03816793893129771
tramad 50mg tablet,5.8860647739280435e-06,0.8331696259916888,0.03816793893129771
tramadex 50mg capsule,5.8860647739280435e-06,0.8331696259916888,0.03816793893129771
tramadex 50mg injection,5.8860647739280435e-06,0.8331696259916888,0.03816793893129771
tramadin 100mg injection,5.8860647739280435e-06,0.8331696259916888,0.03816793893129771
tramadin plus 325 mg/50 mg tablet,1.073315002030881e-05,0.8348095995154818,0.05343511450381679
tramadol 50mg capsule,5.8860647739280435e-06,0.8331696259916888,0.03816793893129771
tramadol hydrochloride 50mg injection,5.8860647739280435e-06,0.8331696259916888,0.03816793893129771
tramadus 50mg injection,5.8860647739280435e-06,0.8331696259916888,0.03816793893129771
tramafit 50mg/325mg tablet,3.134616001256474e-05,0.8407929851315288,0.11450381679389313
tramaflam 50mg tablet,5.8860647739280435e-06,0.8331696259916888,0.03816793893129771
tramaford 325 mg/37.5 mg tablet,1.073315002030881e-05,0.8348095995154818,0.05343511450381679
tramaford tablet,3.134616001256474e-05,0.8407929851315288,0.11450381679389313
tramagan dp tablet,1.073315002030881e-05,0.8348095995154818,0.05343511450381679
tramagee 50mg injection,5.8860647739280435e-06,0.8331696259916888,0.03816793893129771
tramagesic  50mg injection,5.8860647739280435e-06,0.8331696259916888,0.03816793893129771
tramagesic 50mg tablet,5.8860647739280435e-06,0.8331696259916888,0.03816793893129771
tramagold 325 mg/37.5 mg tablet,1.073315002030881e-05,0.8348095995154818,0.05343511450381679
tramagold 325 mg/37.5 mg tablet sr,1.073315002030881e-05,0.8348095995154818,0.05343511450381679
tramagon plus 37.5mg/325mg tablet,3.134616001256474e-05,0.8407929851315288,0.11450381679389313
tramalife-p tablet,2.123200353441007e-05,0.8350624763347217,0.06870229007633588
tramalix p 50mg/325mg tablet,3.134616001256474e-05,0.8407929851315288,0.11450381679389313
tramalor plus tablet sr,2.123200353441007e-05,0.8350624763347217,0.06870229007633588
tramalor tablet,8.78657279412772e-06,0.7315730113447887,0.061068702290076333
tramanam tablet,5.8860647739280435e-06,0.8331696259916888,0.03816793893129771
tramap-p tablet,3.134616001256474e-05,0.8407929851315288,0.11450381679389313
tramapar-d tablet,1.073315002030881e-05,0.8348095995154818,0.05343511450381679
tramapride 100mg tablet sr,5.8860647739280435e-06,0.8331696259916888,0.03816793893129771
tramapride p 325 mg/37.5 mg tablet,1.073315002030881e-05,0.8348095995154818,0.05343511450381679
tramascan 100mg tablet sr,5.8860647739280435e-06,0.8331696259916888,0.03816793893129771
tramaset 37.5mg/325mg tablet,3.134616001256474e-05,0.8407929851315288,0.11450381679389313
tramaset p 37.5mg/325mg tablet,3.134616001256474e-05,0.8407929851315288,0.11450381679389313
tramasil p 37.5mg/325mg tablet,3.134616001256474e-05,0.8407929851315288,0.11450381679389313
tramasure 100 injection,5.8860647739280435e-06,0.8331696259916888,0.03816793893129771
tramasure-plus rf tablet,1.073315002030881e-05,0.8348095995154818,0.05343511450381679
tramatas 50mg capsule,5.8860647739280435e-06,0.8331696259916888,0.03816793893129771
tramatas 50mg injection,5.8860647739280435e-06,0.8331696259916888,0.03816793893129771
tramatas forte 50mg tablet,5.8860647739280435e-06,0.8331696259916888,0.03816793893129771
tramatas plus 325 mg/37.5 mg tablet,1.073315002030881e-05,0.8348095995154818,0.05343511450381679
tramataur 100mg tablet sr,5.8860647739280435e-06,0.8331696259916888,0.03816793893129771
tramavin p tablet,1.073315002030881e-05,0.8348095995154818,0.05343511450381679
tramawal plus 37.5mg/325mg tablet,3.134616001256474e-05,0.8407929851315288,0.11450381679389313
tramazac 100mg tablet sr,5.8860647739280435e-06,0.8331696259916888,0.03816793893129771
tramazac capsule,5.8860647739280435e-06,0.8331696259916888,0.03816793893129771
tramazac hp 50mg injection,5.8860647739280435e-06,0.8331696259916888,0.03816793893129771
tramazac injection,5.8860647739280435e-06,0.8331696259916888,0.03816793893129771
tramazac od 100 mg tablet,5.8860647739280435e-06,0.8331696259916888,0.03816793893129771
tramazac od 200mg tablet,5.8860647739280435e-06,0.8331696259916888,0.03816793893129771
tramazac pd 10mg/325mg/37.5mg tablet,1.073315002030881e-05,0.8348095995154818,0.05343511450381679
tramazac tc 100mg tablet,5.8860647739280435e-06,0.8331696259916888,0.03816793893129771
tramazac-p tablet dt,1.073315002030881e-05,0.8348095995154818,0.05343511450381679
tramazide d 75mg/50mg tablet,2.123200353441007e-05,0.8350624763347217,0.06870229007633588
tramazide dp tablet,1.073315002030881e-05,0.8348095995154818,0.05343511450381679
tramazide p 325mg/37.5mg tablet,1.073315002030881e-05,0.8348095995154818,0.05343511450381679
tramazin p 37.5mg/325mg tablet,3.134616001256474e-05,0.8407929851315288,0.11450381679389313
trambax 50mg tablet,5.8860647739280435e-06,0.8331696259916888,0.03816793893129771
trambax p 325 mg/37.5 mg tablet,1.073315002030881e-05,0.8348095995154818,0.05343511450381679
tramcet 37.5mg/325mg tablet,3.134616001256474e-05,0.8407929851315288,0.11450381679389313
tramcet d tablet,1.073315002030881e-05,0.8348095995154818,0.05343511450381679
tramdol injection,5.8860647739280435e-06,0.8331696259916888,0.03816793893129771
tramef 50mg injection,5.8860647739280435e-06,0.8331696259916888,0.03816793893129771
tramef p 325 mg/37.5 mg tablet,1.073315002030881e-05,0.8348095995154818,0.05343511450381679
tramex p 50mg/500mg tablet,3.134616001256474e-05,0.8407929851315288,0.11450381679389313
tramib ap tablet,2.123200353441007e-05,0.8350624763347217,0.06870229007633588
tramica-p 50mg/500mg tablet,3.134616001256474e-05,0.8407929851315288,0.11450381679389313
tramloc-p tablet,3.134616001256474e-05,0.8407929851315288,0.11450381679389313
tramol dt 10mg/500mg/50mg tablet,1.073315002030881e-05,0.8348095995154818,0.05343511450381679
tramol p 37.5mg/325mg tablet,3.134616001256474e-05,0.8407929851315288,0.11450381679389313
tramol plus tablet,1.0755317242085759e-05,0.7336171911383141,0.061068702290076333
tramon-p 37.5mg/325mg tablet,3.134616001256474e-05,0.8407929851315288,0.11450381679389313
tramonex tablet,3.134616001256474e-05,0.8407929851315288,0.11450381679389313
tramore injection,5.8860647739280435e-06,0.8331696259916888,0.03816793893129771
tramot 100mg injection,5.8860647739280435e-06,0.8331696259916888,0.03816793893129771
tramot plus 325 mg/37.5 mg tablet,1.073315002030881e-05,0.8348095995154818,0.05343511450381679
trampat 37.5mg/325mg tablet,3.134616001256474e-05,0.8407929851315288,0.11450381679389313
trampol tablet,1.073315002030881e-05,0.8348095995154818,0.05343511450381679
tramrod p tablet,3.134616001256474e-05,0.8407929851315288,0.11450381679389313
tramsars 50mg tablet,5.8860647739280435e-06,0.8331696259916888,0.03816793893129771
tramy 325mg/37.5mg tablet,1.073315002030881e-05,0.8348095995154818,0.05343511450381679
tranax 1 mg tablet,6.280763361236917e-07,0.6846941943495809,0.015267175572519083
trank u 0.5mg/5mg tablet,6.825595443939102e-05,0.9317279256442754,0.08396946564885496
tranquil 0.25mg tablet,6.280763361236917e-07,0.6846941943495809,0.015267175572519083
tranquil 0.5mg tablet,6.280763361236917e-07,0.6846941943495809,0.015267175572519083
tranzat plus 500 mg/50 mg tablet,1.073315002030881e-05,0.8348095995154818,0.05343511450381679
tranzex 50mg capsule,5.8860647739280435e-06,0.8331696259916888,0.03816793893129771
tranzex 50mg injection,5.8860647739280435e-06,0.8331696259916888,0.03816793893129771
tranzy tablet,1.073315002030881e-05,0.8348095995154818,0.05343511450381679
trap 50mg/325mg tablet,3.134616001256474e-05,0.8407929851315288,0.11450381679389313
trapalin 37.5mg/325mg tablet,3.134616001256474e-05,0.8407929851315288,0.11450381679389313
trapen tablet,3.134616001256474e-05,0.8407929851315288,0.11450381679389313
trapex 1mg tablet,1.052004745655686e-06,0.7050060737804488,0.030534351145038167
trapex 2 mg injection,2.434387856025367e-05,0.8697058127612588,0.04580152671755725
trapex 2 tablet,4.422707264527638e-06,0.7177634576580095,0.030534351145038167
trapidol 325 mg/37.5 mg tablet,1.073315002030881e-05,0.8348095995154818,0.05343511450381679
trapsure 100mg tablet cr,5.8860647739280435e-06,0.8331696259916888,0.03816793893129771
trasafe p tablet,3.134616001256474e-05,0.8407929851315288,0.11450381679389313
trax 500 mg/50 mg injection,1.073315002030881e-05,0.8348095995154818,0.05343511450381679
trax 50mg tablet,5.8860647739280435e-06,0.8331696259916888,0.03816793893129771
trax p 325 mg/37.5 mg tablet,1.073315002030881e-05,0.8348095995154818,0.05343511450381679
trazac 50mg tablet,5.8860647739280435e-06,0.8331696259916888,0.03816793893129771
trazac plus tablet,1.073315002030881e-05,0.8348095995154818,0.05343511450381679
trazodac p 325mg/37.5mg tablet,1.073315002030881e-05,0.8348095995154818,0.05343511450381679
trd 50mg tablet md,5.8860647739280435e-06,0.8331696259916888,0.03816793893129771
trd contin 100mg tablet cr,5.8860647739280435e-06,0.8331696259916888,0.03816793893129771
trd contin 50mg injection,5.8860647739280435e-06,0.8331696259916888,0.03816793893129771
trd contin od 100mg tablet,5.8860647739280435e-06,0.8331696259916888,0.03816793893129771
trd contin od 200mg tablet,5.8860647739280435e-06,0.8331696259916888,0.03816793893129771
tremasine tablet,1.073315002030881e-05,0.8348095995154818,0.05343511450381679
tremfree 25 tablet,0.00014722957434561064,0.9320429380441214,0.07633587786259542
tremfree 50 tablet,0.00014722957434561064,0.9320429380441214,0.07633587786259542
tremidon  tablet,0.00014722957434561064,0.9320429380441214,0.07633587786259542
tremol p 37.5mg/325mg tablet,3.134616001256474e-05,0.8407929851315288,0.11450381679389313
tremsol tablet,1.073315002030881e-05,0.8348095995154818,0.05343511450381679
tresnil tablet,2.0704040468144325e-05,0.754189179946652,0.04580152671755725
tribrium 10mg tablet,9.819845268302474e-05,0.9658404134185863,0.061068702290076333
tribrium 25mg tablet,9.819845268302474e-05,0.9658404134185863,0.061068702290076333
tribs 5 mg/2.5 mg tablet,3.208398501504382e-05,0.8742567192579085,0.07633587786259542
tribs d tablet,4.2879673447075457e-05,0.8801181259478011,0.08396946564885496
tricalm 10 mg/1 mg tablet,6.013519816155538e-05,0.8662895749862519,0.10687022900763359
tricare 50mg capsule,5.8860647739280435e-06,0.8331696259916888,0.03816793893129771
tricare injection,5.8860647739280435e-06,0.8331696259916888,0.03816793893129771
tricare tablet,1.073315002030881e-05,0.8348095995154818,0.05343511450381679
tricare-sr tablet,5.8860647739280435e-06,0.8331696259916888,0.03816793893129771
trich 1 mg/10 mg tablet,6.013519816155538e-05,0.8662895749862519,0.10687022900763359
trich tablet,1.602404439539721e-05,0.800508166969147,0.0916030534351145
tricita plus tablet,6.825595443939102e-05,0.9317279256442754,0.08396946564885496
tricose 10 mg/1 mg tablet,6.013519816155538e-05,0.8662895749862519,0.10687022900763359
tricydep a 0.25mg/25mg tablet,1.602404439539721e-05,0.800508166969147,0.0916030534351145
tridev 37.5mg/325mg tablet,3.134616001256474e-05,0.8407929851315288,0.11450381679389313
tridev plus tablet,1.073315002030881e-05,0.8348095995154818,0.05343511450381679
tridium 10mg tablet,9.819845268302474e-05,0.9658404134185863,0.061068702290076333
trido p 37.5mg/325mg tablet,3.134616001256474e-05,0.8407929851315288,0.11450381679389313
tridol 50mg capsule,5.8860647739280435e-06,0.8331696259916888,0.03816793893129771
tridol pd tablet,1.073315002030881e-05,0.8348095995154818,0.05343511450381679
trika 0.25mg tablet,6.280763361236917e-07,0.6846941943495809,0.015267175572519083
trika 0.5mg tablet,6.280763361236917e-07,0.6846941943495809,0.015267175572519083
trika 1 tablet,6.280763361236917e-07,0.6846941943495809,0.015267175572519083
trika forte 0.5 mg/50 mg tablet,6.825595443939102e-05,0.9317279256442754,0.08396946564885496
trika plus 0.5 mg/25 mg tablet,6.825595443939102e-05,0.9317279256442754,0.08396946564885496
trika sr 0.5 tablet,6.280763361236917e-07,0.6846941943495809,0.015267175572519083
trika sr 1 tablet,6.280763361236917e-07,0.6846941943495809,0.015267175572519083
trikodep 2.5mg/25mg tablet,1.602404439539721e-05,0.800508166969147,0.0916030534351145
trikodep forte tablet,1.602404439539721e-05,0.800508166969147,0.0916030534351145
trikonol forte 25 mg/5 mg tablet,1.602404439539721e-05,0.800508166969147,0.0916030534351145
trikonol plus 12.5mg/5mg tablet,1.602404439539721e-05,0.800508166969147,0.0916030534351145
triline plus 25mg/10mg tablet,1.602404439539721e-05,0.800508166969147,0.0916030534351145
triline plus h 12.5 mg/5 mg tablet,1.602404439539721e-05,0.800508166969147,0.0916030534351145
trilodol-p tablet,1.073315002030881e-05,0.8348095995154818,0.05343511450381679
trimtee plus 12.5mg/5mg tablet,1.602404439539721e-05,0.800508166969147,0.0916030534351145
triplex forte tablet,1.602404439539721e-05,0.800508166969147,0.0916030534351145
triplex plus tablet,1.602404439539721e-05,0.800508166969147,0.0916030534351145
tripox 10mg/1mg tablet,6.013519816155538e-05,0.8662895749862519,0.10687022900763359
tripox 12.5 mg/5 mg tablet,1.602404439539721e-05,0.800508166969147,0.0916030534351145
tripox ds 25 mg/10 mg tablet,1.602404439539721e-05,0.800508166969147,0.0916030534351145
tripoxide 10mg/1mg tablet,6.013519816155538e-05,0.8662895749862519,0.10687022900763359
triptal plus tablet,1.602404439539721e-05,0.800508166969147,0.0916030534351145
triptylin forte tablet,1.602404439539721e-05,0.800508166969147,0.0916030534351145
triptylin plus tablet,1.602404439539721e-05,0.800508166969147,0.0916030534351145
trishal 10mg/1mg tablet,6.013519816155538e-05,0.8662895749862519,0.10687022900763359
trixia 10 mg/1 mg tablet,6.013519816155538e-05,0.8662895749862519,0.10687022900763359
trixide 12.5 mg/5 mg tablet,1.602404439539721e-05,0.800508166969147,0.0916030534351145
trixide 25 mg/10 mg tablet,1.602404439539721e-05,0.800508166969147,0.0916030534351145
trixide-h 25mg/10mg tablet,1.602404439539721e-05,0.800508166969147,0.0916030534351145
trixide-h tablet,1.602404439539721e-05,0.800508166969147,0.0916030534351145
trizen 10 mg/1 mg tablet,6.013519816155538e-05,0.8662895749862519,0.10687022900763359
trizep 1 mg/10 mg tablet,6.013519816155538e-05,0.8662895749862519,0.10687022900763359
trmadol p 37.5mg/325mg tablet,3.134616001256474e-05,0.8407929851315288,0.11450381679389313
trmspas tablet,1.0755317242085759e-05,0.7336171911383141,0.061068702290076333
trofentyl 50mcg injection,0.0002676320811985444,0.9268723207531311,0.06870229007633588
trojan d 10mg/325mg/37.5mg tablet,1.073315002030881e-05,0.8348095995154818,0.05343511450381679
trol-p 50mg/500mg tablet,3.134616001256474e-05,0.8407929851315288,0.11450381679389313
troma p 500 mg/50 mg tablet,1.073315002030881e-05,0.8348095995154818,0.05343511450381679
tromanil extra 500 mg/50 mg tablet,1.073315002030881e-05,0.8348095995154818,0.05343511450381679
tromed p 50mg/325mg tablet,3.134616001256474e-05,0.8407929851315288,0.11450381679389313
tromed-mr tablet,2.8529875364782925e-05,0.8353155064010302,0.08396946564885496
tromol-d tablet,1.0755317242085759e-05,0.7336171911383141,0.061068702290076333
tromy 50mg tablet dt,5.8860647739280435e-06,0.8331696259916888,0.03816793893129771
trox syrup,9.007234941820291e-05,0.9205275899490776,0.061068702290076333
trox-p 50mg/325mg tablet,3.134616001256474e-05,0.8407929851315288,0.11450381679389313
troycof tr syrup,9.007234941820291e-05,0.9205275899490776,0.061068702290076333
trp 325mg/37.5mg tablet,1.073315002030881e-05,0.8348095995154818,0.05343511450381679
trson d tablet,1.073315002030881e-05,0.8348095995154818,0.05343511450381679
trson p 325mg/37.5mg tablet,1.073315002030881e-05,0.8348095995154818,0.05343511450381679
trudol 37.5mg/325mg tablet,3.134616001256474e-05,0.8407929851315288,0.11450381679389313
trudol plus 75mg/50mg tablet sr,2.123200353441007e-05,0.8350624763347217,0.06870229007633588
trumeb c 135mg/5mg tablet,5.823643848773817e-05,0.9423980856337065,0.061068702290076333
trumit 12.5 mg/5 mg tablet,1.602404439539721e-05,0.800508166969147,0.0916030534351145
trydol 100mg tablet,5.8860647739280435e-06,0.8331696259916888,0.03816793893129771
tryl-plus tablet,1.602404439539721e-05,0.800508166969147,0.0916030534351145
tryp c tablet,1.602404439539721e-05,0.800508166969147,0.0916030534351145
tryp ch tablet,1.602404439539721e-05,0.800508166969147,0.0916030534351145
trypam plus 0.5mg/5mg tablet,6.825595443939102e-05,0.9317279256442754,0.08396946564885496
tryplena plus 12.5mg/5mg tablet,1.602404439539721e-05,0.800508166969147,0.0916030534351145
tuclan 0.5mg tablet,5.1476376818324204e-05,0.9656712496716,0.04580152671755725
tuscof-c syrup,9.007234941820291e-05,0.9205275899490776,0.061068702290076333
tuspam 1mg tablet,5.1476376818324204e-05,0.9656712496716,0.04580152671755725
tutu linctus,0.00011035088979160709,0.971285122875011,0.061068702290076333
typlin c 12.5 mg/5 mg tablet,1.602404439539721e-05,0.800508166969147,0.0916030534351145
typlin c plus 25 mg/10 mg tablet,1.602404439539721e-05,0.800508166969147,0.0916030534351145
typlin c plus tablet,1.602404439539721e-05,0.800508166969147,0.0916030534351145
typlin c tablet,1.602404439539721e-05,0.800508166969147,0.0916030534351145
u spas tablet,0.00031180212413533116,0.9589529524306462,0.0916030534351145
ubitdol 100mg tablet sr,5.8860647739280435e-06,0.8331696259916888,0.03816793893129771
ubitdol 50mg tablet,5.8860647739280435e-06,0.8331696259916888,0.03816793893129771
ubitdol forte 50mg/500mg tablet,3.134616001256474e-05,0.8407929851315288,0.11450381679389313
ubitpam 0.50mg tablet,5.1476376818324204e-05,0.9656712496716,0.04580152671755725
ulcon 5 mg/2.5 mg tablet,3.208398501504382e-05,0.8742567192579085,0.07633587786259542
ulcon p 5 mg/2.5 mg tablet,3.208398501504382e-05,0.8742567192579085,0.07633587786259542
ulcon-mv 135mg/5mg tablet,5.823643848773817e-05,0.9423980856337065,0.061068702290076333
uldix 0.5mg tablet,6.280763361236917e-07,0.6846941943495809,0.015267175572519083
ulmadol 100mg injection,5.8860647739280435e-06,0.8331696259916888,0.03816793893129771
ulmadol 50mg injection,5.8860647739280435e-06,0.8331696259916888,0.03816793893129771
ulpane 2.5 mg/5 mg/400 mg tablet,0.0004463195543497089,0.9371122631086938,0.07633587786259542
chalky taste,0.0,0.3291438454886134,0.00018351991191044228
ulrax 20 mg/5 mg/2.5 mg tablet,0.000114125038112513,0.9372715682107947,0.08396946564885496
ulrax c 5mg/2.5mg tablet,3.208398501504382e-05,0.8742567192579085,0.07633587786259542
ulrax d tablet,4.2879673447075457e-05,0.8801181259478011,0.08396946564885496
ulrex 5 mg/2.5 mg/300 mg tablet,8.513915620173275e-05,0.936953012150565,0.06870229007633588
ulrex p 5mg/2.5mg tablet,3.208398501504382e-05,0.8742567192579085,0.07633587786259542
ulsedin tablet,2.1894067468802667e-05,0.7542923592584992,0.04580152671755725
ultaram t 37.5mg/325mg tablet,3.134616001256474e-05,0.8407929851315288,0.11450381679389313
ulterdol 37.5mg/325mg tablet,3.134616001256474e-05,0.8407929851315288,0.11450381679389313
ulterfast 37.5mg/325mg tablet,3.134616001256474e-05,0.8407929851315288,0.11450381679389313
ultimol 50mg tablet,5.8860647739280435e-06,0.8331696259916888,0.03816793893129771
ultimol forte 500mg/50mg tablet,1.073315002030881e-05,0.8348095995154818,0.05343511450381679
ultitram 325mg/37.5mg tablet,1.073315002030881e-05,0.8348095995154818,0.05343511450381679
ultra ace 37.5mg/325mg tablet,3.134616001256474e-05,0.8407929851315288,0.11450381679389313
ultra ace d 10mg/325mg/37.5mg tablet,1.073315002030881e-05,0.8348095995154818,0.05343511450381679
ultra dep 25mg/10mg tablet,1.602404439539721e-05,0.800508166969147,0.0916030534351145
ultra king 37.5mg/325mg tablet,3.134616001256474e-05,0.8407929851315288,0.11450381679389313
ultra plus h 162.5 mg/18.75 mg tablet,1.073315002030881e-05,0.8348095995154818,0.05343511450381679
ultra plus tablet,1.073315002030881e-05,0.8348095995154818,0.05343511450381679
ultra race 37.5mg/325mg tablet,3.134616001256474e-05,0.8407929851315288,0.11450381679389313
ultrabest tablet,1.073315002030881e-05,0.8348095995154818,0.05343511450381679
ultracet 500mg/50mg tablet,1.073315002030881e-05,0.8348095995154818,0.05343511450381679
ultracet semi tablet,1.073315002030881e-05,0.8348095995154818,0.05343511450381679
ultracet tablet,1.073315002030881e-05,0.8348095995154818,0.05343511450381679
ultracon 37.5mg/325mg tablet,3.134616001256474e-05,0.8407929851315288,0.11450381679389313
ultradol 37.5mg/325mg tablet,3.134616001256474e-05,0.8407929851315288,0.11450381679389313
ultrafen 37.5mg/325mg tablet,3.134616001256474e-05,0.8407929851315288,0.11450381679389313
ultrafine 37.5mg/325mg tablet,3.134616001256474e-05,0.8407929851315288,0.11450381679389313
ultrafit 37.5mg/325mg tablet,3.134616001256474e-05,0.8407929851315288,0.11450381679389313
ultragesic 50mg/500mg tablet,3.134616001256474e-05,0.8407929851315288,0.11450381679389313
ultrajen 37.5mg/325mg tablet,3.134616001256474e-05,0.8407929851315288,0.11450381679389313
ultrajet 100mg tablet sr,5.8860647739280435e-06,0.8331696259916888,0.03816793893129771
ultrajoy 37.5mg/325mg tablet,3.134616001256474e-05,0.8407929851315288,0.11450381679389313
ultraleaf tablet,3.134616001256474e-05,0.8407929851315288,0.11450381679389313
ultraled 37.5mg/325mg tablet,3.134616001256474e-05,0.8407929851315288,0.11450381679389313
ultralgia tablet,1.073315002030881e-05,0.8348095995154818,0.05343511450381679
ultram 100mg injection,5.8860647739280435e-06,0.8331696259916888,0.03816793893129771
ultram 325 mg/37.5 mg tablet,1.073315002030881e-05,0.8348095995154818,0.05343511450381679
ultramac 37.5mg/325mg tablet,3.134616001256474e-05,0.8407929851315288,0.11450381679389313
ultramax 37.5mg/325mg tablet,3.134616001256474e-05,0.8407929851315288,0.11450381679389313
ultramed 50mg injection,5.8860647739280435e-06,0.8331696259916888,0.03816793893129771
ultramed tablet,1.073315002030881e-05,0.8348095995154818,0.05343511450381679
ultramed-d tablet,1.073315002030881e-05,0.8348095995154818,0.05343511450381679
ultramin tablet,1.073315002030881e-05,0.8348095995154818,0.05343511450381679
ultramol 325 mg/37.5 mg tablet,1.073315002030881e-05,0.8348095995154818,0.05343511450381679
ultramol 50mg injection,5.8860647739280435e-06,0.8331696259916888,0.03816793893129771
ultramust p 37.5mg/325mg tablet,3.134616001256474e-05,0.8407929851315288,0.11450381679389313
ultramust-p 37.5mg/325mg tablet,3.134616001256474e-05,0.8407929851315288,0.11450381679389313
ultranax 37.5mg/325mg tablet,3.134616001256474e-05,0.8407929851315288,0.11450381679389313
ultraneed 37.5mg/325mg tablet,3.134616001256474e-05,0.8407929851315288,0.11450381679389313
ultraniche tablet,1.073315002030881e-05,0.8348095995154818,0.05343511450381679
ultranise 37.5mg/325mg tablet,3.134616001256474e-05,0.8407929851315288,0.11450381679389313
ultranyx tablet,3.134616001256474e-05,0.8407929851315288,0.11450381679389313
ultrap 37.5mg/325mg tablet,3.134616001256474e-05,0.8407929851315288,0.11450381679389313
ultrarex 37.5mg/325mg tablet,3.134616001256474e-05,0.8407929851315288,0.11450381679389313
ultrarite tablet,1.073315002030881e-05,0.8348095995154818,0.05343511450381679
ultrasin 37.5mg/325mg tablet,3.134616001256474e-05,0.8407929851315288,0.11450381679389313
ultraspas tablet,1.0755317242085759e-05,0.7336171911383141,0.061068702290076333
ultrasun tablet,3.134616001256474e-05,0.8407929851315288,0.11450381679389313
ultratab 325mg/37.5mg tablet,1.073315002030881e-05,0.8348095995154818,0.05343511450381679
ultratrust p 37.5mg/325mg tablet,3.134616001256474e-05,0.8407929851315288,0.11450381679389313
ultratus 325mg/37.5mg tablet,1.073315002030881e-05,0.8348095995154818,0.05343511450381679
ultraver 37.5mg/325mg tablet,3.134616001256474e-05,0.8407929851315288,0.11450381679389313
ultravin 100mg injection,5.8860647739280435e-06,0.8331696259916888,0.03816793893129771
ultravin 37.5mg/325mg tablet,3.134616001256474e-05,0.8407929851315288,0.11450381679389313
ultrawin 37.5mg/325mg capsule,3.134616001256474e-05,0.8407929851315288,0.11450381679389313
ultrazac 650 mg/75 mg tablet er,1.073315002030881e-05,0.8348095995154818,0.05343511450381679
ultrazac d 10 mg/325 mg/37.5 mg tablet,1.073315002030881e-05,0.8348095995154818,0.05343511450381679
ultrazac tablet,1.073315002030881e-05,0.8348095995154818,0.05343511450381679
ultrin d tablet,3.134616001256474e-05,0.8407929851315288,0.11450381679389313
ultrin s tablet,1.073315002030881e-05,0.8348095995154818,0.05343511450381679
ultrin semi tablet,3.134616001256474e-05,0.8407929851315288,0.11450381679389313
ultrin tablet,3.134616001256474e-05,0.8407929851315288,0.11450381679389313
ultroget 37.5mg/325mg tablet,3.134616001256474e-05,0.8407929851315288,0.11450381679389313
unicalm forte 1mg tablet,6.280763361236917e-07,0.6846941943495809,0.015267175572519083
unicalm plus 0.25mg/50mg tablet,6.825595443939102e-05,0.9317279256442754,0.08396946564885496
unicalm plus 0.5mg/25mg tablet,6.825595443939102e-05,0.9317279256442754,0.08396946564885496
unidol 100mg injection,3.78253747817533e-05,0.835948752937609,0.09923664122137404
unidol 100mg tablet sr,5.8860647739280435e-06,0.8331696259916888,0.03816793893129771
unidol 50mg capsule,5.8860647739280435e-06,0.8331696259916888,0.03816793893129771
unikuf cd syrup,9.007234941820291e-05,0.9205275899490776,0.061068702290076333
unimaxin 5mg/2.5mg tablet,3.208398501504382e-05,0.8742567192579085,0.07633587786259542
unitrac 0.5 mg/25 mg tablet,6.825595443939102e-05,0.9317279256442754,0.08396946564885496
unitrac 0.5mg/50mg tablet,6.825595443939102e-05,0.9317279256442754,0.08396946564885496
unitram 100mg injection,5.8860647739280435e-06,0.8331696259916888,0.03816793893129771
unitram p 500mg/50mg tablet,1.073315002030881e-05,0.8348095995154818,0.05343511450381679
unizocine injection,8.787490928961126e-05,0.9510133678309616,0.061068702290076333
upclock 0.5mg tablet,5.1476376818324204e-05,0.9656712496716,0.04580152671755725
urgendol 50mg injection,5.8860647739280435e-06,0.8331696259916888,0.03816793893129771
urgendol 50mg tablet,5.8860647739280435e-06,0.8331696259916888,0.03816793893129771
urgendol p 325 mg/37.5 mg tablet,1.073315002030881e-05,0.8348095995154818,0.05343511450381679
uv dol 37.5mg/325mg tablet,3.134616001256474e-05,0.8407929851315288,0.11450381679389313
valcom injection,5.8860647739280435e-06,0.8331696259916888,0.03816793893129771
valium 10mg tablet,7.844086586140786e-06,0.7070856043603719,0.030534351145038167
valium 2mg tablet,7.844086586140786e-06,0.7070856043603719,0.030534351145038167
valium 5 tablet,7.844086586140786e-06,0.7070856043603719,0.030534351145038167
vamadol plus 650 mg/50 mg tablet,1.073315002030881e-05,0.8348095995154818,0.05343511450381679
vapdol 100mg injection,5.8860647739280435e-06,0.8331696259916888,0.03816793893129771
vardol 100 injection,5.8860647739280435e-06,0.8331696259916888,0.03816793893129771
vardol injection,5.8860647739280435e-06,0.8331696259916888,0.03816793893129771
varndom p 10mg/325mg/37.5mg tablet,1.073315002030881e-05,0.8348095995154818,0.05343511450381679
vasorex tablet,4.2879673447075457e-05,0.8801181259478011,0.08396946564885496
vat 0.5mg tablet,6.280763361236917e-07,0.6846941943495809,0.015267175572519083
vaxodol p tablet,1.073315002030881e-05,0.8348095995154818,0.05343511450381679
vdol-p tablet,3.134616001256474e-05,0.8407929851315288,0.11450381679389313
veeradol 100mg injection,5.8860647739280435e-06,0.8331696259916888,0.03816793893129771
veeradol 100mg tablet sr,5.8860647739280435e-06,0.8331696259916888,0.03816793893129771
veeradol 50mg tablet,5.8860647739280435e-06,0.8331696259916888,0.03816793893129771
vellsar 10mg/1mg tablet,6.013519816155538e-05,0.8662895749862519,0.10687022900763359
velpram-cl 0.5mg/20mg tablet,6.825595443939102e-05,0.9317279256442754,0.08396946564885496
veltramol 325 mg/37.5 mg tablet,1.073315002030881e-05,0.8348095995154818,0.05343511450381679
venew plus 50mg/0.5mg tablet,8.174503195717589e-05,0.8284125910900759,0.0916030534351145
venidol p 37.5mg/325mg tablet,3.134616001256474e-05,0.8407929851315288,0.11450381679389313
venlite cz 100mg/0.5mg tablet,8.174503195717589e-05,0.8284125910900759,0.0916030534351145
venlite cz 50mg/0.5mg tablet,8.174503195717589e-05,0.8284125910900759,0.0916030534351145
ventab plus 100mg/0.5mg tablet,8.174503195717589e-05,0.8284125910900759,0.0916030534351145
ventab plus 50mg/0.5mg tablet,8.174503195717589e-05,0.8284125910900759,0.0916030534351145
vepoxid 10mg tablet,9.819845268302474e-05,0.9658404134185863,0.061068702290076333
vepoxid 25mg tablet,9.819845268302474e-05,0.9658404134185863,0.061068702290076333
vepoxid cd 2.5mg/5mg/10mg tablet,4.2879673447075457e-05,0.8801181259478011,0.08396946564885496
vepoxid tf 10mg/1mg tablet,6.013519816155538e-05,0.8662895749862519,0.10687022900763359
verdol 50mg injection,5.8860647739280435e-06,0.8331696259916888,0.03816793893129771
verfen injection,0.0002676320811985444,0.9268723207531311,0.06870229007633588
vermor 10 injection,0.0019233599551873306,0.9123024737321089,0.0916030534351145
circulatory disorder,0.0,0.32318143221058593,0.00018351991191044228
cardiac arrest,0.0,0.32318143221058593,0.00018351991191044228
apnea (absence of breathing),0.0,0.32318143221058593,0.00018351991191044228
shock,0.0,0.32318143221058593,0.00018351991191044228
respiratory arrest,0.0,0.32318143221058593,0.00018351991191044228
vermor 10mg tablet,9.597286009123102e-05,0.9205275899490776,0.061068702290076333
vermor 20mg tablet,9.597286009123102e-05,0.9205275899490776,0.061068702290076333
vermor 30mg tablet,9.597286009123102e-05,0.9205275899490776,0.061068702290076333
vermor 60mg tablet,9.597286009123102e-05,0.9205275899490776,0.061068702290076333
verpen 30mg injection,8.787490928961126e-05,0.9510133678309616,0.061068702290076333
verzepam 5mg injection,2.7728151452124645e-05,0.73744399117234,0.030534351145038167
verzol 1mg injection,9.307647443867082e-05,0.9136631038197034,0.061068702290076333
vesupram forte 0.5mg/10mg tablet,6.825595443939102e-05,0.9317279256442754,0.08396946564885496
vetram 50mg injection,5.8860647739280435e-06,0.8331696259916888,0.03816793893129771
vetram plus 50mg/500mg tablet,3.134616001256474e-05,0.8407929851315288,0.11450381679389313
vexitine plus tablet,6.825595443939102e-05,0.9317279256442754,0.08396946564885496
viazop 0.25mg tablet,6.280763361236917e-07,0.6846941943495809,0.015267175572519083
viazop 0.5mg tablet,6.280763361236917e-07,0.6846941943495809,0.015267175572519083
vibatryp-h tablet,1.602404439539721e-05,0.800508166969147,0.0916030534351145
vicadol 100mg injection,5.8860647739280435e-06,0.8331696259916888,0.03816793893129771
victadol 50mg tablet,5.8860647739280435e-06,0.8331696259916888,0.03816793893129771
victadol p 325 mg/37.5 mg tablet,1.073315002030881e-05,0.8348095995154818,0.05343511450381679
vidol 100mg injection,5.8860647739280435e-06,0.8331696259916888,0.03816793893129771
vidol p 50mg/325mg tablet,3.134616001256474e-05,0.8407929851315288,0.11450381679389313
vigilant 150mg tablet,1.1175378050859161e-05,0.7991158779621712,0.030534351145038167
vigilant 200mg tablet,1.1175378050859161e-05,0.7991158779621712,0.030534351145038167
vigilant 250mg tablet,1.1175378050859161e-05,0.7991158779621712,0.030534351145038167
viltaden tablet,6.825595443939102e-05,0.9317279256442754,0.08396946564885496
vinac tp 100mg/325mg/37.5mg tablet,2.123200353441007e-05,0.8350624763347217,0.06870229007633588
vincidol tp 37.5mg/325mg tablet,3.134616001256474e-05,0.8407929851315288,0.11450381679389313
vinfil 100 tablet,3.5279823182101205e-05,0.7998114165518242,0.07633587786259542
vinfil 200 tablet,3.5279823182101205e-05,0.7998114165518242,0.07633587786259542
vintrax-f 0.25 mg/20mg tablet,6.825595443939102e-05,0.9317279256442754,0.08396946564885496
viprax 0.25mg tablet,6.280763361236917e-07,0.6846941943495809,0.015267175572519083
visram 0.25mg tablet,6.280763361236917e-07,0.6846941943495809,0.015267175572519083
visram 0.5mg tablet,6.280763361236917e-07,0.6846941943495809,0.015267175572519083
vivodol plus 37.5mg/325mg tablet,3.134616001256474e-05,0.8407929851315288,0.11450381679389313
vizam 5mg tablet md,3.9616768675442404e-05,0.8518346852066435,0.13740458015267176
vizep 10mg tablet,9.819845268302474e-05,0.9658404134185863,0.061068702290076333
vizep 25mg tablet,9.819845268302474e-05,0.9658404134185863,0.061068702290076333
viztrip cz 12.5mg/5mg tablet,1.602404439539721e-05,0.800508166969147,0.0916030534351145
viztrip forte 25mg/10mg tablet,1.602404439539721e-05,0.800508166969147,0.0916030534351145
volcan 2.5 mg/20 mg tablet,1.6745408863379544e-05,0.7151566249432518,0.061068702290076333
volflam d 400 mg/325 mg/32.5 mg tablet,1.4869415574955766e-05,0.8335475092599591,0.061068702290076333
volik d tablet,1.7366848042312856e-05,0.800508166969147,0.061068702290076333
volnaz 0.25mg tablet md,5.1476376818324204e-05,0.9656712496716,0.04580152671755725
volnaz 0.5mg tablet md,5.1476376818324204e-05,0.9656712496716,0.04580152671755725
volnaz 1mg tablet,5.1476376818324204e-05,0.9656712496716,0.04580152671755725
volnaz p 0.25mg/10mg tablet,1.6745408863379544e-05,0.7151566249432518,0.061068702290076333
volpraz 0.5mg tablet sr,6.280763361236917e-07,0.6846941943495809,0.015267175572519083
volpraz f 0.25mg/20mg tablet,6.825595443939102e-05,0.9317279256442754,0.08396946564885496
volpraz p 0.25mg/20mg tablet,1.6745408863379544e-05,0.7151566249432518,0.061068702290076333
volzep 1mg tablet,1.052004745655686e-06,0.7050060737804488,0.030534351145038167
volzep 2mg tablet,4.422707264527638e-06,0.7177634576580095,0.030534351145038167
vorth tm 325mg/37.5mg tablet,1.073315002030881e-05,0.8348095995154818,0.05343511450381679
vovedex tablet,1.7366848042312856e-05,0.800508166969147,0.061068702290076333
wadol 100mg injection,5.8860647739280435e-06,0.8331696259916888,0.03816793893129771
wakactive 100mg tablet,3.5279823182101205e-05,0.7998114165518242,0.07633587786259542
wakactive 200mg tablet,3.5279823182101205e-05,0.7998114165518242,0.07633587786259542
wakevigil 100mg tablet,3.5279823182101205e-05,0.7998114165518242,0.07633587786259542
waklert 100mg tablet,1.1175378050859161e-05,0.7991158779621712,0.030534351145038167
waklert 150 tablet,1.1175378050859161e-05,0.7991158779621712,0.030534351145038167
waklert 250mg tablet,1.1175378050859161e-05,0.7991158779621712,0.030534351145038167
waklert 50 tablet,1.1175378050859161e-05,0.7991158779621712,0.030534351145038167
walagesic 650mg/65mg capsule,4.530473585561955e-06,0.8000435318871073,0.030534351145038167
walkalarm 150mg tablet,1.1175378050859161e-05,0.7991158779621712,0.030534351145038167
walkalarm 50mg tablet,1.1175378050859161e-05,0.7991158779621712,0.030534351145038167
wallrex syrup,9.007234941820291e-05,0.9205275899490776,0.061068702290076333
wallrex t syrup,9.007234941820291e-05,0.9205275899490776,0.061068702290076333
waltra-p 37.5mg/325mg tablet,3.134616001256474e-05,0.8407929851315288,0.11450381679389313
waltryp-xl 25mg/10mg tablet,1.602404439539721e-05,0.800508166969147,0.0916030534351145
welam 0.25mg tablet,6.280763361236917e-07,0.6846941943495809,0.015267175572519083
welam 0.5mg tablet,6.280763361236917e-07,0.6846941943495809,0.015267175572519083
welldol 100mg injection,5.8860647739280435e-06,0.8331696259916888,0.03816793893129771
welldol p 37.5mg/325mg tablet,3.134616001256474e-05,0.8407929851315288,0.11450381679389313
wellpra 0.25mg tablet,6.280763361236917e-07,0.6846941943495809,0.015267175572519083
wellpra 0.5mg tablet,6.280763361236917e-07,0.6846941943495809,0.015267175572519083
wellpra p 0.25mg/20mg tablet,1.6745408863379544e-05,0.7151566249432518,0.061068702290076333
welnorm 0.25mg tablet,6.280763361236917e-07,0.6846941943495809,0.015267175572519083
welnorm 0.5mg tablet,6.280763361236917e-07,0.6846941943495809,0.015267175572519083
welprazone 0.5mg tablet,6.280763361236917e-07,0.6846941943495809,0.015267175572519083
weltracet tablet,3.134616001256474e-05,0.8407929851315288,0.11450381679389313
winspasmo forte 10mg/325mg/50mg capsule,1.0755317242085759e-05,0.7336171911383141,0.061068702290076333
wintal 30mg injection,8.787490928961126e-05,0.9510133678309616,0.061068702290076333
wintram 50mg/ml injection,5.8860647739280435e-06,0.8331696259916888,0.03816793893129771
wintram p 37.5mg/325mg tablet,3.134616001256474e-05,0.8407929851315288,0.11450381679389313
winxity 12.5mg/0.5mg tablet,6.825595443939102e-05,0.9317279256442754,0.08396946564885496
wisercet 37.5mg/325mg tablet,3.134616001256474e-05,0.8407929851315288,0.11450381679389313
wizpain 100mg injection,5.8860647739280435e-06,0.8331696259916888,0.03816793893129771
wizpain p 37.5mg/325mg tablet,3.134616001256474e-05,0.8407929851315288,0.11450381679389313
wizpain-ap tablet,2.123200353441007e-05,0.8350624763347217,0.06870229007633588
wokdol 37.5mg/325mg tablet,3.134616001256474e-05,0.8407929851315288,0.11450381679389313
woolmar plus 500 mg/37.5 mg tablet,1.073315002030881e-05,0.8348095995154818,0.05343511450381679
wotlin syrup,9.007234941820291e-05,0.9205275899490776,0.061068702290076333
wycalm 0.25mg tablet,6.280763361236917e-07,0.6846941943495809,0.015267175572519083
wycalm 0.5mg tablet,6.280763361236917e-07,0.6846941943495809,0.015267175572519083
x gesic 325 mg/37.5 mg tablet,1.073315002030881e-05,0.8348095995154818,0.05343511450381679
x lent 0.25mg tablet md,5.1476376818324204e-05,0.9656712496716,0.04580152671755725
x lent 0.5mg tablet md,5.1476376818324204e-05,0.9656712496716,0.04580152671755725
xaio t 100mg injection,5.8860647739280435e-06,0.8331696259916888,0.03816793893129771
xaladal 37.5mg/325mg tablet,3.134616001256474e-05,0.8407929851315288,0.11450381679389313
xalpra 0.5mg tablet,6.280763361236917e-07,0.6846941943495809,0.015267175572519083
xanti 0.5mg tablet,6.280763361236917e-07,0.6846941943495809,0.015267175572519083
xanti 0.5mg tablet sr,6.280763361236917e-07,0.6846941943495809,0.015267175572519083
xdol 325mg/37.5 mg tablet,1.073315002030881e-05,0.8348095995154818,0.05343511450381679
xebex 325mg/37.5mg tablet,1.073315002030881e-05,0.8348095995154818,0.05343511450381679
xefexor plus 0.5mg/10mg tablet,6.825595443939102e-05,0.9317279256442754,0.08396946564885496
xenocof d 4 mg/10 mg syrup,9.007234941820291e-05,0.9205275899490776,0.061068702290076333
xenopam 0.5mg/10mg tablet,6.825595443939102e-05,0.9317279256442754,0.08396946564885496
xenotril 0.25mg tablet,5.1476376818324204e-05,0.9656712496716,0.04580152671755725
xenotril 2mg tablet,5.1476376818324204e-05,0.9656712496716,0.04580152671755725
xenotril sl 0.25mg tablet,5.1476376818324204e-05,0.9656712496716,0.04580152671755725
xenotril sl 0.5mg tablet,5.1476376818324204e-05,0.9656712496716,0.04580152671755725
xenotril sl 1mg tablet,5.1476376818324204e-05,0.9656712496716,0.04580152671755725
xenotril sl 2mg tablet,5.1476376818324204e-05,0.9656712496716,0.04580152671755725
xepam 0.5mg tablet,5.1476376818324204e-05,0.9656712496716,0.04580152671755725
xepam plus 0.5mg/10mg tablet,6.825595443939102e-05,0.9317279256442754,0.08396946564885496
xepar-sr-forte capsule,6.825595443939102e-05,0.9317279256442754,0.08396946564885496
xepar-sr-plus capsule,6.825595443939102e-05,0.9317279256442754,0.08396946564885496
xepin cough 4 mg/10 mg syrup,9.007234941820291e-05,0.9205275899490776,0.061068702290076333
xeroflam tp 500 mg/50 mg tablet,1.073315002030881e-05,0.8348095995154818,0.05343511450381679
xerotram p 325mg/37.5mg tablet,1.073315002030881e-05,0.8348095995154818,0.05343511450381679
xet cr plus 12.5 capsule,6.825595443939102e-05,0.9317279256442754,0.08396946564885496
xet cr plus 25 capsule,6.825595443939102e-05,0.9317279256442754,0.08396946564885496
xide 10mg tablet,9.819845268302474e-05,0.9658404134185863,0.061068702290076333
xide 25mg tablet,9.819845268302474e-05,0.9658404134185863,0.061068702290076333
xidol 50mg injection,5.8860647739280435e-06,0.8331696259916888,0.03816793893129771
xienil 0.25 mg/20 mg tablet,1.6745408863379544e-05,0.7151566249432518,0.061068702290076333
xiff pam 0.5mg/5mg tablet,6.825595443939102e-05,0.9317279256442754,0.08396946564885496
xitolol-plus tablet,6.825595443939102e-05,0.9317279256442754,0.08396946564885496
xitpram plus 0.25mg/10mg tablet,6.825595443939102e-05,0.9317279256442754,0.08396946564885496
xitress 0.25mg/20mg tablet,1.6745408863379544e-05,0.7151566249432518,0.061068702290076333
xitzen cz 0.5 mg/10 mg tablet,6.825595443939102e-05,0.9317279256442754,0.08396946564885496
xl 80 4 mg/10 mg tablet,9.007234941820291e-05,0.9205275899490776,0.061068702290076333
xpect c 4 mg/10 mg syrup,9.007234941820291e-05,0.9205275899490776,0.061068702290076333
xpram plus 0.5mg/10mg tablet,6.825595443939102e-05,0.9317279256442754,0.08396946564885496
xtaz 10mg tablet,6.825595443939102e-05,0.9317279256442754,0.08396946564885496
xtaz 5mg tablet,6.825595443939102e-05,0.9317279256442754,0.08396946564885496
xtracet 37.5mg/325mg tablet,3.134616001256474e-05,0.8407929851315288,0.11450381679389313
xtram 50mg tablet,5.8860647739280435e-06,0.8331696259916888,0.03816793893129771
xtram plus 500mg/50mg tablet,1.073315002030881e-05,0.8348095995154818,0.05343511450381679
xycalm 0.25mg tablet,6.280763361236917e-07,0.6846941943495809,0.015267175572519083
xycalm 0.5mg tablet,6.280763361236917e-07,0.6846941943495809,0.015267175572519083
xylo 0.5mg tablet,6.280763361236917e-07,0.6846941943495809,0.015267175572519083
xylonite 0.25mg tablet,6.280763361236917e-07,0.6846941943495809,0.015267175572519083
xylonite 0.5mg tablet,6.280763361236917e-07,0.6846941943495809,0.015267175572519083
xytram-s tablet,1.073315002030881e-05,0.8348095995154818,0.05343511450381679
ycer pt 100mg/325mg/37.5mg tablet,2.123200353441007e-05,0.8350624763347217,0.06870229007633588
yescam plus 0.5mg/10mg tablet,6.825595443939102e-05,0.9317279256442754,0.08396946564885496
yogazam 10mg tablet,3.9616768675442404e-05,0.8518346852066435,0.13740458015267176
yogazam 5mg tablet,3.9616768675442404e-05,0.8518346852066435,0.13740458015267176
yoridol 50mg injection,5.8860647739280435e-06,0.8331696259916888,0.03816793893129771
yorodol p 50mg/325mg tablet,3.134616001256474e-05,0.8407929851315288,0.11450381679389313
z8 10mg tablet,2.013277755628682e-05,0.83925717330086,0.0916030534351145
z8 5mg tablet,2.013277755628682e-05,0.83925717330086,0.0916030534351145
zac 10mg tablet,3.9616768675442404e-05,0.8518346852066435,0.13740458015267176
zac 5mg tablet,3.9616768675442404e-05,0.8518346852066435,0.13740458015267176
zach tablet,1.073315002030881e-05,0.8348095995154818,0.05343511450381679
zacoba 10mg tablet,3.9616768675442404e-05,0.8518346852066435,0.13740458015267176
zadudol 100mg tablet sr,5.8860647739280435e-06,0.8331696259916888,0.03816793893129771
zaldicet 37.5mg/375mg tablet,3.134616001256474e-05,0.8407929851315288,0.11450381679389313
zalep 10mg capsule,5.5344062806309663e-05,0.7689143016526044,0.030534351145038167
zalep 5mg capsule,5.5344062806309663e-05,0.7689143016526044,0.030534351145038167
zaling forte tablet cr,6.825595443939102e-05,0.9317279256442754,0.08396946564885496
zaling plus tablet cr,6.825595443939102e-05,0.9317279256442754,0.08396946564885496
zallpam 0.25mg tablet,6.280763361236917e-07,0.6846941943495809,0.015267175572519083
zallpam 0.5mg tablet,6.280763361236917e-07,0.6846941943495809,0.015267175572519083
zallpam 1mg tablet,6.280763361236917e-07,0.6846941943495809,0.015267175572519083
zam 0.25mg tablet,6.280763361236917e-07,0.6846941943495809,0.015267175572519083
zam 0.5mg tablet,6.280763361236917e-07,0.6846941943495809,0.015267175572519083
zam 1mg tablet,6.280763361236917e-07,0.6846941943495809,0.015267175572519083
zam mt 0.5mg/3mg tablet,2.0704040468144325e-05,0.754189179946652,0.04580152671755725
zamacet 500 mg/50 mg tablet,1.073315002030881e-05,0.8348095995154818,0.05343511450381679
zamadol 100mg injection,5.8860647739280435e-06,0.8331696259916888,0.03816793893129771
zamadol 50mg injection,5.8860647739280435e-06,0.8331696259916888,0.03816793893129771
zamadol 50mg tablet,5.8860647739280435e-06,0.8331696259916888,0.03816793893129771
zamadol p 325 mg/37.5 mg tablet,1.073315002030881e-05,0.8348095995154818,0.05343511450381679
zamhav-md 10 tablet,3.9616768675442404e-05,0.8518346852066435,0.13740458015267176
zamhav-md 5 tablet,3.9616768675442404e-05,0.8518346852066435,0.13740458015267176
zamitol 0.25mg tablet,6.280763361236917e-07,0.6846941943495809,0.015267175572519083
zamitol 0.5mg tablet,6.280763361236917e-07,0.6846941943495809,0.015267175572519083
zamovib 10 tablet,3.9616768675442404e-05,0.8518346852066435,0.13740458015267176
zamovib 5 tablet,3.9616768675442404e-05,0.8518346852066435,0.13740458015267176
zanlop 10mg capsule,5.5344062806309663e-05,0.7689143016526044,0.030534351145038167
zap 0.5mg tablet,5.1476376818324204e-05,0.9656712496716,0.04580152671755725
zapiz 0.25 tablet,5.1476376818324204e-05,0.9656712496716,0.04580152671755725
zapiz 0.5 tablet,5.1476376818324204e-05,0.9656712496716,0.04580152671755725
zapiz 1mg tablet,5.1476376818324204e-05,0.9656712496716,0.04580152671755725
zapiz 2mg tablet,5.1476376818324204e-05,0.9656712496716,0.04580152671755725
zaplon 10mg capsule,5.5344062806309663e-05,0.7689143016526044,0.030534351145038167
zapnax  0.5mg tablet md,5.1476376818324204e-05,0.9656712496716,0.04580152671755725
zappy 10mg tablet,2.013277755628682e-05,0.83925717330086,0.0916030534351145
zappy 5mg tablet,2.013277755628682e-05,0.83925717330086,0.0916030534351145
zaptin 25mg/0.5mg tablet cr,6.825595443939102e-05,0.9317279256442754,0.08396946564885496
zaptra 12.5mg/0.25mg capsule,6.825595443939102e-05,0.9317279256442754,0.08396946564885496
zaptra 25mg/0.25mg capsule,6.825595443939102e-05,0.9317279256442754,0.08396946564885496
zaptra ls capsule,6.825595443939102e-05,0.9317279256442754,0.08396946564885496
zaseep 0.50mg tablet,6.280763361236917e-07,0.6846941943495809,0.015267175572519083
zaso 10mg capsule,5.5344062806309663e-05,0.7689143016526044,0.030534351145038167
zaso 5mg capsule,5.5344062806309663e-05,0.7689143016526044,0.030534351145038167
zaxpam 10mg tablet,0.00010935424219529099,0.7973823125316364,0.061068702290076333
zaxpam 15mg tablet,0.00010935424219529099,0.7973823125316364,0.061068702290076333
zaxpam 30mg tablet,0.00010935424219529099,0.7973823125316364,0.061068702290076333
zclam p 0.25mg/20mg tablet,1.6745408863379544e-05,0.7151566249432518,0.061068702290076333
zealpam 0.25mg tablet,5.1476376818324204e-05,0.9656712496716,0.04580152671755725
zealpam 0.5mg tablet,5.1476376818324204e-05,0.9656712496716,0.04580152671755725
zealpam 1mg tablet,5.1476376818324204e-05,0.9656712496716,0.04580152671755725
zecalm 0.25mg tablet,6.280763361236917e-07,0.6846941943495809,0.015267175572519083
zecalm 0.5mg tablet,6.280763361236917e-07,0.6846941943495809,0.015267175572519083
zecita plus 10 tablet,6.825595443939102e-05,0.9317279256442754,0.08396946564885496
zecita plus 5 tablet,6.825595443939102e-05,0.9317279256442754,0.08396946564885496
zeclone 7.5mg tablet,9.480174290711671e-05,0.8048317641048098,0.030534351145038167
zedel a 0.25mg/20mg tablet,6.825595443939102e-05,0.9317279256442754,0.08396946564885496
zedem 10mg tablet,2.013277755628682e-05,0.83925717330086,0.0916030534351145
zedem 12.5mg tablet er,2.013277755628682e-05,0.83925717330086,0.0916030534351145
zedem 5mg tablet,2.013277755628682e-05,0.83925717330086,0.0916030534351145
zedem-er 6.25 tablet,2.013277755628682e-05,0.83925717330086,0.0916030534351145
zedep a 0.25 mg/20 mg tablet,6.825595443939102e-05,0.9317279256442754,0.08396946564885496
zedtime  10mg tablet,2.013277755628682e-05,0.83925717330086,0.0916030534351145
zedtime  5mg tablet,2.013277755628682e-05,0.83925717330086,0.0916030534351145
zee 0.5mg tablet,5.1476376818324204e-05,0.9656712496716,0.04580152671755725
zee 1mg tablet,5.1476376818324204e-05,0.9656712496716,0.04580152671755725
zee 2mg tablet,5.1476376818324204e-05,0.9656712496716,0.04580152671755725
zee plus 0.5 mg/10 mg tablet,6.825595443939102e-05,0.9317279256442754,0.08396946564885496
zeelo 0.5mg tablet,5.1476376818324204e-05,0.9656712496716,0.04580152671755725
zeelo 1mg tablet,5.1476376818324204e-05,0.9656712496716,0.04580152671755725
zeelo 2mg tablet,5.1476376818324204e-05,0.9656712496716,0.04580152671755725
zeepam 2mg injection,2.434387856025367e-05,0.8697058127612588,0.04580152671755725
zeepram plus tablet,6.825595443939102e-05,0.9317279256442754,0.08396946564885496
zeficar 0.5mg tablet,5.1476376818324204e-05,0.9656712496716,0.04580152671755725
zeficar 2mg tablet,5.1476376818324204e-05,0.9656712496716,0.04580152671755725
zeford 0.25 tablet,5.1476376818324204e-05,0.9656712496716,0.04580152671755725
zeford 0.5 tablet,5.1476376818324204e-05,0.9656712496716,0.04580152671755725
zeford 0.5mg tablet,5.1476376818324204e-05,0.9656712496716,0.04580152671755725
zeford 1mg tablet,5.1476376818324204e-05,0.9656712496716,0.04580152671755725
zeford 2 tablet,5.1476376818324204e-05,0.9656712496716,0.04580152671755725
zeford 2mg tablet,5.1476376818324204e-05,0.9656712496716,0.04580152671755725
zeftra 0.25mg tablet,6.280763361236917e-07,0.6846941943495809,0.015267175572519083
zeftra 0.5mg tablet,6.280763361236917e-07,0.6846941943495809,0.015267175572519083
zegdol 100mg injection,5.8860647739280435e-06,0.8331696259916888,0.03816793893129771
zegdol tablet,3.134616001256474e-05,0.8407929851315288,0.11450381679389313
zelam 0.5mg tablet sr,6.280763361236917e-07,0.6846941943495809,0.015267175572519083
zelip 10 tablet,3.9616768675442404e-05,0.8518346852066435,0.13740458015267176
zelip 5 tablet,3.9616768675442404e-05,0.8518346852066435,0.13740458015267176
zelor 2mg tablet,4.422707264527638e-06,0.7177634576580095,0.030534351145038167
zem 10mg tablet,2.013277755628682e-05,0.83925717330086,0.0916030534351145
zema 0.25mg tablet,6.280763361236917e-07,0.6846941943495809,0.015267175572519083
zema 0.5mg tablet,6.280763361236917e-07,0.6846941943495809,0.015267175572519083
zema p tablet,2.0704040468144325e-05,0.754189179946652,0.04580152671755725
zemed 2mg tablet,5.1476376818324204e-05,0.9656712496716,0.04580152671755725
zenax 0.25mg tablet,6.280763361236917e-07,0.6846941943495809,0.015267175572519083
zenax 0.5mg tablet,6.280763361236917e-07,0.6846941943495809,0.015267175572519083
zenex 10mg tablet,2.013277755628682e-05,0.83925717330086,0.0916030534351145
zenex 5mg tablet,2.013277755628682e-05,0.83925717330086,0.0916030534351145
zentra 100mg capsule sr,5.8860647739280435e-06,0.8331696259916888,0.03816793893129771
zentra 100mg injection,5.8860647739280435e-06,0.8331696259916888,0.03816793893129771
zenus 10 tablet,2.013277755628682e-05,0.83925717330086,0.0916030534351145
zeopse 5mg tablet,7.844086586140786e-06,0.7070856043603719,0.030534351145038167
zep 10mg tablet,3.9616768675442404e-05,0.8518346852066435,0.13740458015267176
zep 5mg tablet,3.9616768675442404e-05,0.8518346852066435,0.13740458015267176
zepam 0.25mg tablet md,5.1476376818324204e-05,0.9656712496716,0.04580152671755725
zepam 0.5mg tablet,5.1476376818324204e-05,0.9656712496716,0.04580152671755725
zepam 0.5mg tablet md,5.1476376818324204e-05,0.9656712496716,0.04580152671755725
zepam 1mg tablet,5.1476376818324204e-05,0.9656712496716,0.04580152671755725
zepam 2mg tablet,5.1476376818324204e-05,0.9656712496716,0.04580152671755725
zepam 2mg tablet md,5.1476376818324204e-05,0.9656712496716,0.04580152671755725
zepamax 0.5mg tablet,5.1476376818324204e-05,0.9656712496716,0.04580152671755725
zepamax 1mg tablet,5.1476376818324204e-05,0.9656712496716,0.04580152671755725
zepamax 2mg tablet,5.1476376818324204e-05,0.9656712496716,0.04580152671755725
zepatrac 2mg tablet,4.422707264527638e-06,0.7177634576580095,0.030534351145038167
zepatric 0.25mg tablet md,5.1476376818324204e-05,0.9656712496716,0.04580152671755725
zepatric 0.5mg tablet md,5.1476376818324204e-05,0.9656712496716,0.04580152671755725
zepatric 1mg tablet md,5.1476376818324204e-05,0.9656712496716,0.04580152671755725
zepatric p 25mg/0.5mg tablet,6.825595443939102e-05,0.9317279256442754,0.08396946564885496
zepdyl syrup,9.007234941820291e-05,0.9205275899490776,0.061068702290076333
zepil 0.25mg tablet,6.280763361236917e-07,0.6846941943495809,0.015267175572519083
zepil 0.5mg tablet,6.280763361236917e-07,0.6846941943495809,0.015267175572519083
zepkon 0.5 tablet,5.1476376818324204e-05,0.9656712496716,0.04580152671755725
zepnap 1mg tablet,1.052004745655686e-06,0.7050060737804488,0.030534351145038167
zepnap 2mg tablet,4.422707264527638e-06,0.7177634576580095,0.030534351145038167
zepol forte 12.5mg/5mg tablet,1.602404439539721e-05,0.800508166969147,0.0916030534351145
zepon 0.5 tablet md,5.1476376818324204e-05,0.9656712496716,0.04580152671755725
zepon beta 20 tablet,1.6745408863379544e-05,0.7151566249432518,0.061068702290076333
zepon pr tablet,6.825595443939102e-05,0.9317279256442754,0.08396946564885496
zepose 10mg tablet,7.844086586140786e-06,0.7070856043603719,0.030534351145038167
zepose 5mg tablet,7.844086586140786e-06,0.7070856043603719,0.030534351145038167
zepox 10mg tablet,9.819845268302474e-05,0.9658404134185863,0.061068702290076333
zepox 25mg tablet,9.819845268302474e-05,0.9658404134185863,0.061068702290076333
zepox t 10mg/1mg tablet,6.013519816155538e-05,0.8662895749862519,0.10687022900763359
zepro 0.25mg/10mg tablet,1.6745408863379544e-05,0.7151566249432518,0.061068702290076333
zepro 0.25mg/20mg tablet,1.6745408863379544e-05,0.7151566249432518,0.061068702290076333
zepro m 0.25 mg/10 mg tablet,1.6745408863379544e-05,0.7151566249432518,0.061068702290076333
zepsan 0.25mg tablet md,5.1476376818324204e-05,0.9656712496716,0.04580152671755725
zepsan 0.5mg tablet md,5.1476376818324204e-05,0.9656712496716,0.04580152671755725
zepsan 1mg tablet md,5.1476376818324204e-05,0.9656712496716,0.04580152671755725
zepsan 2mg tablet md,5.1476376818324204e-05,0.9656712496716,0.04580152671755725
zeptril 0.5mg tablet dt,5.1476376818324204e-05,0.9656712496716,0.04580152671755725
zeptril 2mg tablet dt,5.1476376818324204e-05,0.9656712496716,0.04580152671755725
zerodol pt tablet,2.123200353441007e-05,0.8350624763347217,0.06870229007633588
zeropres 0.25mg tablet,6.280763361236917e-07,0.6846941943495809,0.015267175572519083
zeropres 0.5mg tablet,6.280763361236917e-07,0.6846941943495809,0.015267175572519083
zeropres p 0.25mg/20mg tablet,1.6745408863379544e-05,0.7151566249432518,0.061068702290076333
zescita plus 0.5mg/5mg tablet,6.825595443939102e-05,0.9317279256442754,0.08396946564885496
zesinac p 37.5mg/325mg tablet,3.134616001256474e-05,0.8407929851315288,0.11450381679389313
zeura 1mg tablet,1.052004745655686e-06,0.7050060737804488,0.030534351145038167
zeura 2mg tablet,4.422707264527638e-06,0.7177634576580095,0.030534351145038167
zextine-forte tablet cr,6.825595443939102e-05,0.9317279256442754,0.08396946564885496
zexto plus 0.25 mg/20 mg tablet,6.825595443939102e-05,0.9317279256442754,0.08396946564885496
zibra 2.5 mg/5 mg/10 mg tablet,4.2879673447075457e-05,0.8801181259478011,0.08396946564885496
zicam 0.25mg tablet dt,5.1476376818324204e-05,0.9656712496716,0.04580152671755725
zicam 0.5 tablet dt,5.1476376818324204e-05,0.9656712496716,0.04580152671755725
zicam 1 tablet dt,5.1476376818324204e-05,0.9656712496716,0.04580152671755725
zicam 1mg tablet,5.1476376818324204e-05,0.9656712496716,0.04580152671755725
zicam 2mg tablet,5.1476376818324204e-05,0.9656712496716,0.04580152671755725
ziclon 0.5mg tablet md,5.1476376818324204e-05,0.9656712496716,0.04580152671755725
ziclone 7.5mg tablet,9.480174290711671e-05,0.8048317641048098,0.030534351145038167
zidol 10mg tablet,9.819845268302474e-05,0.9658404134185863,0.061068702290076333
ziety 0.25mg tablet,6.280763361236917e-07,0.6846941943495809,0.015267175572519083
ziety 0.5mg tablet,6.280763361236917e-07,0.6846941943495809,0.015267175572519083
zilion sl 10mg tablet,2.013277755628682e-05,0.83925717330086,0.0916030534351145
zilion sl 5mg tablet,2.013277755628682e-05,0.83925717330086,0.0916030534351145
zipam 10mg tablet,4.204496272169002e-05,0.917006237006237,0.04580152671755725
zipnol-plus tablet,1.6745408863379544e-05,0.7151566249432518,0.061068702290076333
zironi h tablet,1.602404439539721e-05,0.800508166969147,0.0916030534351145
zital plus 0.5mg/10mg tablet,6.825595443939102e-05,0.9317279256442754,0.08396946564885496
zleep 10mg tablet,2.013277755628682e-05,0.83925717330086,0.0916030534351145
zleep 5mg tablet,2.013277755628682e-05,0.83925717330086,0.0916030534351145
zoal tablet,2.013277755628682e-05,0.83925717330086,0.0916030534351145
zoal-sr 12.5 tablet,2.013277755628682e-05,0.83925717330086,0.0916030534351145
zobara tablet,2.0704040468144325e-05,0.754189179946652,0.04580152671755725
zocalm 10mg tablet,2.013277755628682e-05,0.83925717330086,0.0916030534351145
zocalm 5mg tablet,2.013277755628682e-05,0.83925717330086,0.0916030534351145
zocalme 0.25mg tablet,6.280763361236917e-07,0.6846941943495809,0.015267175572519083
zocalme 0.5mg tablet,6.280763361236917e-07,0.6846941943495809,0.015267175572519083
zocam 0.25mg tablet,6.280763361236917e-07,0.6846941943495809,0.015267175572519083
zocam 0.5mg tablet,6.280763361236917e-07,0.6846941943495809,0.015267175572519083
zocam 1mg tablet,6.280763361236917e-07,0.6846941943495809,0.015267175572519083
zocifix injection,8.787490928961126e-05,0.9510133678309616,0.061068702290076333
zocin 30mg injection,8.787490928961126e-05,0.9510133678309616,0.061068702290076333
zodem 5mg tablet,2.013277755628682e-05,0.83925717330086,0.0916030534351145
zoden 10mg tablet,2.013277755628682e-05,0.83925717330086,0.0916030534351145
zodep plus tablet,1.602404439539721e-05,0.800508166969147,0.0916030534351145
zodialon 0.25mg tablet md,5.1476376818324204e-05,0.9656712496716,0.04580152671755725
zodialon 0.5mg tablet md,5.1476376818324204e-05,0.9656712496716,0.04580152671755725
zodol p 37.5mg/325mg tablet,3.134616001256474e-05,0.8407929851315288,0.11450381679389313
zodol p 50mg/500mg tablet,3.134616001256474e-05,0.8407929851315288,0.11450381679389313
zoem 0.25mg tablet,6.280763361236917e-07,0.6846941943495809,0.015267175572519083
zoem 0.5mg tablet,6.280763361236917e-07,0.6846941943495809,0.015267175572519083
zoetram p 37.5mg/325mg tablet,3.134616001256474e-05,0.8407929851315288,0.11450381679389313
zoftadol plus 37.5mg/325mg tablet,3.134616001256474e-05,0.8407929851315288,0.11450381679389313
zola 0.25mg tablet,0.0007969478373160586,0.8473833858449243,0.09923664122137404
muscle coordination impaired,0.0,0.30708407293851864,0.00018351991191044228
zola d tablet,6.280763361236917e-07,0.6846941943495809,0.015267175572519083
zola ds tablet,6.280763361236917e-07,0.6846941943495809,0.015267175572519083
zolam 0.25mg tablet,6.280763361236917e-07,0.6846941943495809,0.015267175572519083
zolam 0.5mg tablet,6.280763361236917e-07,0.6846941943495809,0.015267175572519083
zolam 0.5mg tablet sr,6.280763361236917e-07,0.6846941943495809,0.015267175572519083
zolam 1.5mg tablet sr,6.280763361236917e-07,0.6846941943495809,0.015267175572519083
zolam 5mg injection,9.307647443867082e-05,0.9136631038197034,0.061068702290076333
zolarest 0.25mg tablet,6.280763361236917e-07,0.6846941943495809,0.015267175572519083
zolarest 0.5mg tablet,6.280763361236917e-07,0.6846941943495809,0.015267175572519083
zolark 0.25mg tablet,6.280763361236917e-07,0.6846941943495809,0.015267175572519083
zolark 0.5mg tablet,6.280763361236917e-07,0.6846941943495809,0.015267175572519083
zolax 0.25 tablet,6.280763361236917e-07,0.6846941943495809,0.015267175572519083
zolax 0.25mg tablet sr,6.280763361236917e-07,0.6846941943495809,0.015267175572519083
zolax 0.5 tablet,6.280763361236917e-07,0.6846941943495809,0.015267175572519083
zolax 0.5mg tablet sr,6.280763361236917e-07,0.6846941943495809,0.015267175572519083
zolax 1.5mg tablet sr,6.280763361236917e-07,0.6846941943495809,0.015267175572519083
zolax 10mg capsule,2.013277755628682e-05,0.83925717330086,0.0916030534351145
zolax 1mg tablet,6.280763361236917e-07,0.6846941943495809,0.015267175572519083
zolax 1mg tablet sr,6.280763361236917e-07,0.6846941943495809,0.015267175572519083
zolcalm 10mg tablet,7.232130913750101e-05,0.931255806097458,0.03816793893129771
zolcalm 5mg tablet,7.232130913750101e-05,0.931255806097458,0.03816793893129771
zolcare 10 tablet,2.013277755628682e-05,0.83925717330086,0.0916030534351145
zolcare 5 tablet,2.013277755628682e-05,0.83925717330086,0.0916030534351145
zolcent 10mg tablet,2.013277755628682e-05,0.83925717330086,0.0916030534351145
zolcent 5mg tablet,2.013277755628682e-05,0.83925717330086,0.0916030534351145
zoldac 0.25mg tablet,6.280763361236917e-07,0.6846941943495809,0.015267175572519083
zoldac 0.5mg tablet,6.280763361236917e-07,0.6846941943495809,0.015267175572519083
zoldac 1mg tablet,6.280763361236917e-07,0.6846941943495809,0.015267175572519083
zoldem 10mg tablet,2.013277755628682e-05,0.83925717330086,0.0916030534351145
zoldem 5mg tablet,2.013277755628682e-05,0.83925717330086,0.0916030534351145
zoldex spas tablet,9.069030077440046e-06,0.7335195902348167,0.05343511450381679
zoldex tablet,1.7366848042312856e-05,0.800508166969147,0.061068702290076333
zoldy 10mg tablet,2.013277755628682e-05,0.83925717330086,0.0916030534351145
zoldy 5mg tablet,2.013277755628682e-05,0.83925717330086,0.0916030534351145
zolent 0.25mg tablet,6.280763361236917e-07,0.6846941943495809,0.015267175572519083
zolent 0.5mg tablet,6.280763361236917e-07,0.6846941943495809,0.015267175572519083
zolent 0.5mg tablet sr,6.280763361236917e-07,0.6846941943495809,0.015267175572519083
zolent 1mg tablet,6.280763361236917e-07,0.6846941943495809,0.015267175572519083
zolent forte 0.25 mg/20 mg tablet,1.6745408863379544e-05,0.7151566249432518,0.061068702290076333
zolent forte 0.25mg/20mg tablet,1.6745408863379544e-05,0.7151566249432518,0.061068702290076333
zolent plus 0.25mg/10mg tablet,1.6745408863379544e-05,0.7151566249432518,0.061068702290076333
zolep 10mg tablet,2.013277755628682e-05,0.83925717330086,0.0916030534351145
zolep 5mg tablet,2.013277755628682e-05,0.83925717330086,0.0916030534351145
zolfen tablet,0.00048760229078099847,0.971970030850595,0.0916030534351145
zolfit 10mg tablet,2.013277755628682e-05,0.83925717330086,0.0916030534351145
zolfit 12.5mg tablet,2.013277755628682e-05,0.83925717330086,0.0916030534351145
zolfix 10mg tablet,2.013277755628682e-05,0.83925717330086,0.0916030534351145
zolford 10 tablet,2.013277755628682e-05,0.83925717330086,0.0916030534351145
zolford 10mg tablet,2.013277755628682e-05,0.83925717330086,0.0916030534351145
zolfresh 10mg tablet,2.013277755628682e-05,0.83925717330086,0.0916030534351145
zolfresh 12.5mg tablet cr,2.013277755628682e-05,0.83925717330086,0.0916030534351145
zolfresh 5 tablet,2.013277755628682e-05,0.83925717330086,0.0916030534351145
zolfresh 6.25mg tablet cr,2.013277755628682e-05,0.83925717330086,0.0916030534351145
zolgo 5mg tablet,2.013277755628682e-05,0.83925717330086,0.0916030534351145
zolial 0.25mg/20mg tablet,1.6745408863379544e-05,0.7151566249432518,0.061068702290076333
zolicalm 10mg tablet,2.013277755628682e-05,0.83925717330086,0.0916030534351145
zolidac 10mg tablet,2.013277755628682e-05,0.83925717330086,0.0916030534351145
zolidac 5mg tablet,2.013277755628682e-05,0.83925717330086,0.0916030534351145
zolip 10mg tablet,2.013277755628682e-05,0.83925717330086,0.0916030534351145
zolip 12.5mg tablet er,2.013277755628682e-05,0.83925717330086,0.0916030534351145
zolip 5mg tablet,2.013277755628682e-05,0.83925717330086,0.0916030534351145
zolip 6.25mg tablet er,2.013277755628682e-05,0.83925717330086,0.0916030534351145
zolipax 0.25mg tablet,6.280763361236917e-07,0.6846941943495809,0.015267175572519083
zolipax 0.5mg tablet,6.280763361236917e-07,0.6846941943495809,0.015267175572519083
zolipax 0.5mg tablet sr,6.280763361236917e-07,0.6846941943495809,0.015267175572519083
zolipax 1.5mg tablet sr,6.280763361236917e-07,0.6846941943495809,0.015267175572519083
zolipax 1mg tablet,6.280763361236917e-07,0.6846941943495809,0.015267175572519083
zolipax 1mg tablet sr,6.280763361236917e-07,0.6846941943495809,0.015267175572519083
zoliris 10mg tablet,2.013277755628682e-05,0.83925717330086,0.0916030534351145
zoliris 5mg tablet,2.013277755628682e-05,0.83925717330086,0.0916030534351145
zolit 10mg tablet,2.013277755628682e-05,0.83925717330086,0.0916030534351145
zolixius 10mg tablet,2.013277755628682e-05,0.83925717330086,0.0916030534351145
zolly 10mg tablet,2.013277755628682e-05,0.83925717330086,0.0916030534351145
zolmet 10mg tablet,2.013277755628682e-05,0.83925717330086,0.0916030534351145
zolmet 5mg tablet,2.013277755628682e-05,0.83925717330086,0.0916030534351145
zolmind 10 tablet,2.013277755628682e-05,0.83925717330086,0.0916030534351145
zolnap 10mg tablet,2.013277755628682e-05,0.83925717330086,0.0916030534351145
zolnap 12.5mg tablet xr,2.013277755628682e-05,0.83925717330086,0.0916030534351145
zolnap 5mg tablet,2.013277755628682e-05,0.83925717330086,0.0916030534351145
zolnap 6.25mg tablet xr,2.013277755628682e-05,0.83925717330086,0.0916030534351145
zolnex 5mg tablet,2.013277755628682e-05,0.83925717330086,0.0916030534351145
zolnia 10mg tablet,2.013277755628682e-05,0.83925717330086,0.0916030534351145
zolnite 10mg tablet,2.013277755628682e-05,0.83925717330086,0.0916030534351145
zolnite 1mg tablet,9.426400305291535e-05,0.7483542585680353,0.07633587786259542
zolnite 2 mg tablet,9.426400305291535e-05,0.7483542585680353,0.07633587786259542
zolnyt 10mg tablet,2.013277755628682e-05,0.83925717330086,0.0916030534351145
zolnyt 5mg tablet,2.013277755628682e-05,0.83925717330086,0.0916030534351145
zoloid 0.25mg tablet,6.280763361236917e-07,0.6846941943495809,0.015267175572519083
zoloid 0.5mg tablet,6.280763361236917e-07,0.6846941943495809,0.015267175572519083
zolojet 10mg tablet,2.013277755628682e-05,0.83925717330086,0.0916030534351145
zolorel 0.5mg tablet,6.280763361236917e-07,0.6846941943495809,0.015267175572519083
zolorel 1mg tablet,6.280763361236917e-07,0.6846941943495809,0.015267175572519083
zolp 10mg tablet,2.013277755628682e-05,0.83925717330086,0.0916030534351145
zolp 5mg tablet,2.013277755628682e-05,0.83925717330086,0.0916030534351145
zolpa 10 tablet,2.013277755628682e-05,0.83925717330086,0.0916030534351145
zolpam 0.25mg tablet,6.280763361236917e-07,0.6846941943495809,0.015267175572519083
zolpam 0.5mg tablet,6.280763361236917e-07,0.6846941943495809,0.015267175572519083
zolpam pr 0.25mg/20mg tablet,1.6745408863379544e-05,0.7151566249432518,0.061068702290076333
zolpeace 10mg tablet,2.013277755628682e-05,0.83925717330086,0.0916030534351145
zolpeace 5mg tablet,2.013277755628682e-05,0.83925717330086,0.0916030534351145
zolpi 10mg tablet,2.013277755628682e-05,0.83925717330086,0.0916030534351145
zolpiapt 10mg tablet,2.013277755628682e-05,0.83925717330086,0.0916030534351145
zolpicalm 10mg tablet,2.013277755628682e-05,0.83925717330086,0.0916030534351145
zolpid 10mg tablet,2.013277755628682e-05,0.83925717330086,0.0916030534351145
zolpid 5mg capsule,2.013277755628682e-05,0.83925717330086,0.0916030534351145
zolpid 6.25mg tablet er,2.013277755628682e-05,0.83925717330086,0.0916030534351145
zolpider 10mg tablet,2.013277755628682e-05,0.83925717330086,0.0916030534351145
zolpidox 0.25 md tablet,5.1476376818324204e-05,0.9656712496716,0.04580152671755725
zolpidox 0.5 tablet dt,5.1476376818324204e-05,0.9656712496716,0.04580152671755725
zolpidox 1 tablet md,5.1476376818324204e-05,0.9656712496716,0.04580152671755725
zolpidox 2 tablet dt,5.1476376818324204e-05,0.9656712496716,0.04580152671755725
zolpigress 12.5mg tablet,2.013277755628682e-05,0.83925717330086,0.0916030534351145
zolpil 10mg tablet,2.013277755628682e-05,0.83925717330086,0.0916030534351145
zolpil 5mg tablet,2.013277755628682e-05,0.83925717330086,0.0916030534351145
zolpinite 10mg tablet,2.013277755628682e-05,0.83925717330086,0.0916030534351145
zolpinite 5mg tablet,2.013277755628682e-05,0.83925717330086,0.0916030534351145
zolpirest 10mg tablet,2.013277755628682e-05,0.83925717330086,0.0916030534351145
zolpirest 5mg tablet,2.013277755628682e-05,0.83925717330086,0.0916030534351145
zolpirest m 3mg/10mg tablet,7.232130913750101e-05,0.931255806097458,0.03816793893129771
zolpistar 10mg tablet,2.013277755628682e-05,0.83925717330086,0.0916030534351145
zolpistar 5mg tablet,2.013277755628682e-05,0.83925717330086,0.0916030534351145
zolpitrac 10mg tablet,2.013277755628682e-05,0.83925717330086,0.0916030534351145
zolpiwide 5mg tablet,2.013277755628682e-05,0.83925717330086,0.0916030534351145
zolpiwom 10mg tablet,2.013277755628682e-05,0.83925717330086,0.0916030534351145
zolrest 10mg tablet,2.013277755628682e-05,0.83925717330086,0.0916030534351145
zolsan 10 tablet,2.013277755628682e-05,0.83925717330086,0.0916030534351145
zolsan 5mg tablet,2.013277755628682e-05,0.83925717330086,0.0916030534351145
zolsleep 10mg tablet,2.013277755628682e-05,0.83925717330086,0.0916030534351145
zolsoma 10 tablet,7.232130913750101e-05,0.931255806097458,0.03816793893129771
zolsoma 5 tablet,7.232130913750101e-05,0.931255806097458,0.03816793893129771
zolstil 10mg tablet,2.013277755628682e-05,0.83925717330086,0.0916030534351145
zoltar 10mg tablet,2.013277755628682e-05,0.83925717330086,0.0916030534351145
zoltar 5mg tablet,2.013277755628682e-05,0.83925717330086,0.0916030534351145
zoltic 10mg tablet,2.013277755628682e-05,0.83925717330086,0.0916030534351145
zoltic 5mg tablet,2.013277755628682e-05,0.83925717330086,0.0916030534351145
zoltric 10mg tablet,2.013277755628682e-05,0.83925717330086,0.0916030534351145
zoltweet 0.5mg tablet,6.280763361236917e-07,0.6846941943495809,0.015267175572519083
zoltweet 0.5mg tablet sr,6.280763361236917e-07,0.6846941943495809,0.015267175572519083
zoltweet forte tablet,1.6745408863379544e-05,0.7151566249432518,0.061068702290076333
zoltweet plus 0.25mg/10mg tablet,1.6745408863379544e-05,0.7151566249432518,0.061068702290076333
zolway 10mg tablet,2.013277755628682e-05,0.83925717330086,0.0916030534351145
zolway 5mg tablet,2.013277755628682e-05,0.83925717330086,0.0916030534351145
zolydep 0.25mg tablet,6.280763361236917e-07,0.6846941943495809,0.015267175572519083
zolydep 0.5mg tablet,6.280763361236917e-07,0.6846941943495809,0.015267175572519083
zolystyl 10mg tablet,2.013277755628682e-05,0.83925717330086,0.0916030534351145
zomark 0.25mg tablet,6.280763361236917e-07,0.6846941943495809,0.015267175572519083
zomark 0.5mg tablet sr,6.280763361236917e-07,0.6846941943495809,0.015267175572519083
zomark fx 0.25mg/20mg tablet,6.825595443939102e-05,0.9317279256442754,0.08396946564885496
zomark p 0.25 mg/20 mg tablet,1.6745408863379544e-05,0.7151566249432518,0.061068702290076333
zomark pm 0.25 mg/10 mg tablet,1.6745408863379544e-05,0.7151566249432518,0.061068702290076333
zomed 10mg tablet,2.013277755628682e-05,0.83925717330086,0.0916030534351145
zomed 5mg tablet,2.013277755628682e-05,0.83925717330086,0.0916030534351145
zomnia 10mg tablet,4.987690513640879e-05,0.9167013051791504,0.030534351145038167
zomnia 5mg tablet,4.987690513640879e-05,0.9167013051791504,0.030534351145038167
zona 0.25mg tablet,5.1476376818324204e-05,0.9656712496716,0.04580152671755725
zona 0.5 tablet,5.1476376818324204e-05,0.9656712496716,0.04580152671755725
zona 1mg tablet,5.1476376818324204e-05,0.9656712496716,0.04580152671755725
zona 2mg tablet,5.1476376818324204e-05,0.9656712496716,0.04580152671755725
zonap 7.5mg tablet,9.480174290711671e-05,0.8048317641048098,0.030534351145038167
zonesta 10mg capsule,5.5344062806309663e-05,0.7689143016526044,0.030534351145038167
zopain 0.50mg tablet,6.280763361236917e-07,0.6846941943495809,0.015267175572519083
zopam 0.5mg tablet,6.280763361236917e-07,0.6846941943495809,0.015267175572519083
zopenta 12.5mg tablet er,2.013277755628682e-05,0.83925717330086,0.0916030534351145
zopenta 6.25mg tablet er,2.013277755628682e-05,0.83925717330086,0.0916030534351145
zopi 10mg tablet,2.013277755628682e-05,0.83925717330086,0.0916030534351145
zopi 5mg tablet,2.013277755628682e-05,0.83925717330086,0.0916030534351145
zopic 0.25mg tablet,6.280763361236917e-07,0.6846941943495809,0.015267175572519083
zopic 0.5mg tablet,6.280763361236917e-07,0.6846941943495809,0.015267175572519083
zopicalm 7.5mg tablet,9.480174290711671e-05,0.8048317641048098,0.030534351145038167
zopicon 10mg tablet,9.480174290711671e-05,0.8048317641048098,0.030534351145038167
zopicon 7.5mg tablet,9.480174290711671e-05,0.8048317641048098,0.030534351145038167
zopid 10mg tablet,2.013277755628682e-05,0.83925717330086,0.0916030534351145
zopid 5mg tablet,2.013277755628682e-05,0.83925717330086,0.0916030534351145
zopimin s 1mg tablet,9.426400305291535e-05,0.7483542585680353,0.07633587786259542
zopimin s 2mg tablet,9.426400305291535e-05,0.7483542585680353,0.07633587786259542
zopipure 1 tablet,9.426400305291535e-05,0.7483542585680353,0.07633587786259542
zopipure 2 tablet,9.426400305291535e-05,0.7483542585680353,0.07633587786259542
zopitran 7.5mg tablet,9.480174290711671e-05,0.8048317641048098,0.030534351145038167
zopium 7.5mg tablet,9.480174290711671e-05,0.8048317641048098,0.030534351145038167
zopral 0.25mg tablet,6.280763361236917e-07,0.6846941943495809,0.015267175572519083
zopral 0.50mg tablet,6.280763361236917e-07,0.6846941943495809,0.015267175572519083
zopral 1mg tablet,6.280763361236917e-07,0.6846941943495809,0.015267175572519083
zops 2mg tablet,4.422707264527638e-06,0.7177634576580095,0.030534351145038167
zorelax 0.25mg tablet,6.280763361236917e-07,0.6846941943495809,0.015267175572519083
zorelax 0.5mg tablet,6.280763361236917e-07,0.6846941943495809,0.015267175572519083
zorest 0.5mg tablet,6.280763361236917e-07,0.6846941943495809,0.015267175572519083
zosar 10mg/1mg tablet,6.013519816155538e-05,0.8662895749862519,0.10687022900763359
zotin plus tablet,6.825595443939102e-05,0.9317279256442754,0.08396946564885496
zotra tablet,5.8860647739280435e-06,0.8331696259916888,0.03816793893129771
zoxmag 10mg/1mg tablet,6.013519816155538e-05,0.8662895749862519,0.10687022900763359
zozem 10mg tablet,2.013277755628682e-05,0.83925717330086,0.0916030534351145
zozo 10mg tablet,2.013277755628682e-05,0.83925717330086,0.0916030534351145
zpm 0.25 tablet dt,5.1476376818324204e-05,0.9656712496716,0.04580152671755725
zpm 0.5 tablet dt,5.1476376818324204e-05,0.9656712496716,0.04580152671755725
zpm-beta tablet,1.6745408863379544e-05,0.7151566249432518,0.061068702290076333
zpm-plus tablet,6.825595443939102e-05,0.9317279256442754,0.08396946564885496
zudol 100mg injection,5.8860647739280435e-06,0.8331696259916888,0.03816793893129771
zudol 50mg injection,5.8860647739280435e-06,0.8331696259916888,0.03816793893129771
zudol-p 37.5mg/325mg tablet,3.134616001256474e-05,0.8407929851315288,0.11450381679389313
zunestar tablet,9.426400305291535e-05,0.7483542585680353,0.07633587786259542
zuprinor 10 transdermal patch,8.520906273433554e-05,0.9762726870296592,0.03816793893129771
zuprinor 5 transdermal patch,8.520906273433554e-05,0.9762726870296592,0.03816793893129771
zylam 0.25mg tablet md,5.1476376818324204e-05,0.9656712496716,0.04580152671755725
zylam 0.5mg tablet md,5.1476376818324204e-05,0.9656712496716,0.04580152671755725
zylam plus 0.5mg/10mg tablet,6.825595443939102e-05,0.9317279256442754,0.08396946564885496
zynospas-mb tablet,5.823643848773817e-05,0.9423980856337065,0.061068702290076333
zypam 1mg tablet,1.052004745655686e-06,0.7050060737804488,0.030534351145038167
zypam 2mg tablet,4.422707264527638e-06,0.7177634576580095,0.030534351145038167
zyrotram 100mg injection,5.8860647739280435e-06,0.8331696259916888,0.03816793893129771
zyrotram 50mg injection,5.8860647739280435e-06,0.8331696259916888,0.03816793893129771
zyrotram p 325 mg/37.5 mg tablet,1.073315002030881e-05,0.8348095995154818,0.05343511450381679
zyrotram rapid 100mg tablet,5.8860647739280435e-06,0.8331696259916888,0.03816793893129771
zyrotram semi tablet,1.073315002030881e-05,0.8348095995154818,0.05343511450381679
zytolix p syrup,0.00011035088979160709,0.971285122875011,0.061068702290076333
zytram 50mg injection,5.8860647739280435e-06,0.8331696259916888,0.03816793893129771
zytram p 37.5mg/325mg tablet,3.134616001256474e-05,0.8407929851315288,0.11450381679389313
zytram pd tablet,1.073315002030881e-05,0.8348095995154818,0.05343511450381679
zytramol tablet,3.134616001256474e-05,0.8407929851315288,0.11450381679389313
zyven od plus 100 mg/0.5 mg tablet,8.174503195717589e-05,0.8284125910900759,0.0916030534351145
zyven od plus 50 mg/0.5 mg tablet,8.174503195717589e-05,0.8284125910900759,0.0916030534351145
